Country,Year,GDP per Capita
AUS,1960,2412.627589
AUS,1961,2383.188902
AUS,1962,2577.332834
AUS,1963,2752.620592
AUS,1964,2902.590472
AUS,1965,3001.900269
AUS,1966,3275.594754
AUS,1967,3447.128012
AUS,1968,3833.100887
AUS,1969,4207.900059
AUS,1970,4652.052555
AUS,1971,4863.656325
AUS,1972,5210.710998
AUS,1973,5796.441599
AUS,1974,6245.992541
AUS,1975,6939.246847
AUS,1976,7396.879985
AUS,1977,7727.601527
AUS,1978,8553.932397
AUS,1979,9456.681329
AUS,1980,10478.42327
AUS,1981,11956.491969
AUS,1982,11988.843953
AUS,1983,12781.125663
AUS,1984,13609.040018
AUS,1985,14514.107374
AUS,1986,14983.686193
AUS,1987,16053.05751
AUS,1988,17129.659482
AUS,1989,17835.122957
AUS,1990,17838.098144
AUS,1991,18177.563681
AUS,1992,19157.690963
AUS,1993,20184.946005
AUS,1994,21432.775454
AUS,1995,22442.316842
AUS,1996,23289.401829
AUS,1997,24477.413795
AUS,1998,25708.263828
AUS,1999,27139.248201
AUS,2000,28312.859441
AUS,2001,29546.415014
AUS,2002,30807.514079
AUS,2003,32391.486238
AUS,2004,34000.173773
AUS,2005,35659.125487
AUS,2006,37938.792079
AUS,2007,39687.44861
AUS,2008,40130.341686
AUS,2009,41672.92375
AUS,2010,42816.42896
AUS,2011,44440.579478
AUS,2012,43884.635595
AUS,2013,47763.2159
AUS,2014,47606.754929
AUS,2015,47226.759745
AUS,2016,50136.798381
AUS,2017,50706.489861
AUS,2018,53025.386896
AUS,2019,52785.250556
AUS,2020,55772.741079
AUS,2021,62095.40433
AUS,2022,70011.35139
AUT,1970,3829.646689
AUT,1971,4210.347708
AUT,1972,4638.431362
AUT,1973,5103.316706
AUT,1974,5772.030257
AUT,1975,6300.403784
AUT,1976,6963.323109
AUT,1977,7768.711478
AUT,1978,8304.353702
AUT,1979,9491.2402
AUT,1980,10527.764347
AUT,1981,11477.980004
AUT,1982,12423.32151
AUT,1983,13315.239773
AUT,1984,13803.556965
AUT,1985,14589.051633
AUT,1986,15215.699333
AUT,1987,15793.565749
AUT,1988,16865.676111
AUT,1989,18126.308279
AUT,1990,19473.072125
AUT,1991,20617.579156
AUT,1992,21293.2684
AUT,1993,21732.871184
AUT,1994,22642.841565
AUT,1995,23698.10309
AUT,1996,24560.615338
AUT,1997,25426.661912
AUT,1998,26675.649686
AUT,1999,27606.484243
AUT,2000,29381.672832
AUT,2001,29708.48945
AUT,2002,31178.051444
AUT,2003,32158.459529
AUT,2004,33784.446804
AUT,2005,35024.557484
AUT,2006,37662.888035
AUT,2007,39437.038795
AUT,2008,41316.022642
AUT,2009,40927.556365
AUT,2010,42019.005887
AUT,2011,44469.209642
AUT,2012,46477.655075
AUT,2013,47936.677963
AUT,2014,48813.534409
AUT,2015,49942.056293
AUT,2016,52665.087457
AUT,2017,54188.360666
AUT,2018,56956.110562
AUT,2019,59716.251399
AUT,2020,57235.673886
AUT,2021,59857.431692
AUT,2022,67792.406005
BEL,1970,3876.281882
BEL,1971,4210.339761
BEL,1972,4606.045802
BEL,1973,5140.547713
BEL,1974,5820.509456
BEL,1975,6257.95034
BEL,1976,6964.187919
BEL,1977,7434.877379
BEL,1978,8177.32807
BEL,1979,9056.634417
BEL,1980,10306.588212
BEL,1981,11242.312387
BEL,1982,11998.17467
BEL,1983,12500.660564
BEL,1984,13269.738044
BEL,1985,13912.683399
BEL,1986,14448.641766
BEL,1987,15130.569701
BEL,1988,16347.831104
BEL,1989,17514.427081
BEL,1990,18687.476527
BEL,1991,19598.867318
BEL,1992,20269.281468
BEL,1993,20470.683875
BEL,1994,21518.504151
BEL,1995,22447.051902
BEL,1996,22743.894711
BEL,1997,23732.789845
BEL,1998,24369.501242
BEL,1999,25441.891387
BEL,2000,27790.606306
BEL,2001,28792.401342
BEL,2002,30281.667989
BEL,2003,30934.823303
BEL,2004,32063.687224
BEL,2005,33176.680884
BEL,2006,35256.775979
BEL,2007,36794.811405
BEL,2008,37883.233422
BEL,2009,37751.634063
BEL,2010,39836.533412
BEL,2011,40943.343479
BEL,2012,42290.477674
BEL,2013,43672.712292
BEL,2014,44929.933328
BEL,2015,46201.685891
BEL,2016,48599.202676
BEL,2017,50442.947518
BEL,2018,52530.84151
BEL,2019,55804.713631
BEL,2020,54544.41924
BEL,2021,58845.530928
BEL,2022,64896.334074
CAN,1970,4578.571353
CAN,1971,4939.774725
CAN,1972,5374.992803
CAN,1973,5977.489317
CAN,1974,6640.800015
CAN,1975,7261.291122
CAN,1976,8006.039296
CAN,1977,8701.626955
CAN,1978,9565.933831
CAN,1979,10639.667377
CAN,1980,11701.442943
CAN,1981,13086.821695
CAN,1982,13293.393286
CAN,1983,14034.005498
CAN,1984,15254.727065
CAN,1985,16332.753021
CAN,1986,16850.728641
CAN,1987,17735.380147
CAN,1988,18923.753758
CAN,1989,19763.483902
CAN,1990,20229.752821
CAN,1991,20224.680598
CAN,1992,20626.208981
CAN,1993,21440.052546
CAN,1994,22632.831273
CAN,1995,23485.643444
CAN,1996,24050.176142
CAN,1997,25259.725362
CAN,1998,26319.930258
CAN,1999,27841.629576
CAN,2000,29362.289573
CAN,2001,30231.005032
CAN,2002,30963.222007
CAN,2003,32350.070882
CAN,2004,33925.89256
CAN,2005,36327.662059
CAN,2006,38120.176792
CAN,2007,39575.324973
CAN,2008,40376.330167
CAN,2009,38865.406022
CAN,2010,40099.497886
CAN,2011,41666.718851
CAN,2012,42290.879082
CAN,2013,44298.514462
CAN,2014,45753.782936
CAN,2015,44670.054374
CAN,2016,46472.368771
CAN,2017,48317.191163
CAN,2018,49992.811418
CAN,2019,49832.414539
CAN,2020,47226.357276
CAN,2021,53023.405782
CAN,2022,58347.676945
CZE,1990,12689.11978
CZE,1991,11655.361241
CZE,1992,11850.10236
CZE,1993,12123.459556
CZE,1994,12735.739208
CZE,1995,13855.325028
CZE,1996,14689.582503
CZE,1997,14825.32895
CZE,1998,14977.240849
CZE,1999,15397.922823
CZE,2000,16211.043497
CZE,2001,17611.358497
CZE,2002,18245.669005
CZE,2003,19524.399624
CZE,2004,20912.054683
CZE,2005,22045.99888
CZE,2006,23857.518264
CZE,2007,26224.942173
CZE,2008,27853.549898
CZE,2009,27635.956473
CZE,2010,27766.983552
CZE,2011,28999.754757
CZE,2012,29258.904853
CZE,2013,30828.526409
CZE,2014,32504.217576
CZE,2015,33909.309243
CZE,2016,36101.285601
CZE,2017,38842.896268
CZE,2018,41157.370409
CZE,2019,44223.295751
CZE,2020,42817.867499
CZE,2021,44813.002627
CZE,2022,49122.317085
DNK,1966,3478.770665
DNK,1967,3688.28276
DNK,1968,4005.784471
DNK,1969,4487.21877
DNK,1970,4248.52169
DNK,1971,4574.864667
DNK,1972,4931.344265
DNK,1973,5382.129316
DNK,1974,5774.161237
DNK,1975,6198.669555
DNK,1976,6909.512326
DNK,1977,7452.578194
DNK,1978,8128.810159
DNK,1979,9120.602377
DNK,1980,9884.854587
DNK,1981,10752.294733
DNK,1982,11846.504713
DNK,1983,12639.97542
DNK,1984,13649.592537
DNK,1985,14639.303688
DNK,1986,15645.101932
DNK,1987,16050.794972
DNK,1988,16604.997703
DNK,1989,17360.536569
DNK,1990,18247.650825
DNK,1991,19075.690966
DNK,1992,19826.832248
DNK,1993,20228.549878
DNK,1994,21691.165893
DNK,1995,22711.794598
DNK,1996,23746.219146
DNK,1997,24928.302667
DNK,1998,25820.590998
DNK,1999,26657.827372
DNK,2000,28672.330304
DNK,2001,29452.760705
DNK,2002,30639.953691
DNK,2003,30825.225589
DNK,2004,32948.16657
DNK,2005,34152.881663
DNK,2006,37333.84624
DNK,2007,39021.411928
DNK,2008,41282.995471
DNK,2009,40332.516629
DNK,2010,43006.150516
DNK,2011,44407.94207
DNK,2012,44808.549212
DNK,2013,46742.939663
DNK,2014,47905.477079
DNK,2015,49058.142344
DNK,2016,51967.020438
DNK,2017,55356.49009
DNK,2018,57479.350221
DNK,2019,59884.11738
DNK,2020,60768.060489
DNK,2021,66117.728509
DNK,2022,74859.416551
FIN,1970,3383.326818
FIN,1971,3633.88423
FIN,1972,4059.571643
FIN,1973,4555.554204
FIN,1974,5098.885262
FIN,1975,5647.170762
FIN,1976,5960.383792
FIN,1977,6328.210968
FIN,1978,6951.138934
FIN,1979,8043.324299
FIN,1980,9213.877106
FIN,1981,10174.782052
FIN,1982,11077.108773
FIN,1983,11799.079913
FIN,1984,12553.339933
FIN,1985,13354.122519
FIN,1986,13952.922803
FIN,1987,14767.342967
FIN,1988,16039.032148
FIN,1989,17452.577793
FIN,1990,18146.826195
FIN,1991,17560.063958
FIN,1992,17271.026239
FIN,1993,17478.778457
FIN,1994,18479.629474
FIN,1995,19587.664325
FIN,1996,20087.761339
FIN,1997,21794.593198
FIN,1998,23577.486869
FIN,1999,24767.163974
FIN,2000,26789.925656
FIN,2001,27801.065401
FIN,2002,28605.122922
FIN,2003,29053.042068
FIN,2004,31201.7603
FIN,2005,32051.762889
FIN,2006,34452.676186
FIN,2007,37843.270084
FIN,2008,40083.701943
FIN,2009,37972.457701
FIN,2010,38954.131777
FIN,2011,40916.647325
FIN,2012,40872.854802
FIN,2013,41492.918416
FIN,2014,41749.864733
FIN,2015,42490.211049
FIN,2016,44934.488245
FIN,2017,47570.270354
FIN,2018,49573.255773
FIN,2019,51811.599332
FIN,2020,52294.342491
FIN,2021,54773.513718
FIN,2022,59461.616223
FRA,1960,1807.175059
FRA,1961,1892.960772
FRA,1962,2036.181205
FRA,1963,2138.997489
FRA,1964,2294.496424
FRA,1965,2456.145844
FRA,1966,2654.479048
FRA,1967,2838.087508
FRA,1968,3090.801782
FRA,1969,3480.062658
FRA,1970,3693.708189
FRA,1971,4048.705235
FRA,1972,4375.138543
FRA,1973,4868.578155
FRA,1974,5498.965112
FRA,1975,5923.027636
FRA,1976,6495.114782
FRA,1977,7105.261485
FRA,1978,7873.178118
FRA,1979,8790.586168
FRA,1980,9685.833943
FRA,1981,10655.197134
FRA,1982,11527.334889
FRA,1983,12062.20014
FRA,1984,12624.890227
FRA,1985,13169.628576
FRA,1986,13678.853418
FRA,1987,14298.382473
FRA,1988,15415.75365
FRA,1989,16616.746609
FRA,1990,17645.96453
FRA,1991,18341.987902
FRA,1992,18965.43462
FRA,1993,19209.673379
FRA,1994,20008.098899
FRA,1995,20782.665875
FRA,1996,21362.732661
FRA,1997,22247.339246
FRA,1998,23363.975956
FRA,1999,24311.403864
FRA,2000,26099.7352
FRA,2001,27499.541566
FRA,2002,28528.156107
FRA,2003,28178.57676
FRA,2004,29065.215266
FRA,2005,30504.058784
FRA,2006,32472.263308
FRA,2007,34132.697684
FRA,2008,35102.870428
FRA,2009,34686.479663
FRA,2010,35910.195851
FRA,2011,37447.949543
FRA,2012,37684.198067
FRA,2013,39528.473644
FRA,2014,40144.059485
FRA,2015,40829.893311
FRA,2016,42855.944562
FRA,2017,44444.934559
FRA,2018,46336.933985
FRA,2019,50226.680167
FRA,2020,47982.359606
FRA,2021,51023.082095
FRA,2022,54988.881441
DEU,1970,4045.313056
DEU,1971,4347.943119
DEU,1972,4708.714863
DEU,1973,5188.14815
DEU,1974,5703.685883
DEU,1975,6201.537245
DEU,1976,6898.392869
DEU,1977,7586.991712
DEU,1978,8373.848531
DEU,1979,9442.3089
DEU,1980,10413.749108
DEU,1981,11442.63665
DEU,1982,12114.443953
DEU,1983,12821.754112
DEU,1984,13707.763423
DEU,1985,14503.627262
DEU,1986,15129.858431
DEU,1987,15715.716626
DEU,1988,16787.492168
DEU,1989,17995.925759
DEU,1990,19480.557347
DEU,1991,21006.916849
DEU,1992,21755.46889
DEU,1993,21932.079726
DEU,1994,22879.403869
DEU,1995,23672.893332
DEU,1996,24211.200418
DEU,1997,24730.827071
DEU,1998,25532.748584
DEU,1999,26510.228697
DEU,2000,27456.262771
DEU,2001,28663.895351
DEU,2002,29504.28924
DEU,2003,30270.992251
DEU,2004,31741.875731
DEU,2005,32236.740986
DEU,2006,34664.541909
DEU,2007,36863.113348
DEU,2008,38432.448211
DEU,2009,37465.456323
DEU,2010,39675.00238
DEU,2011,42541.513126
DEU,2012,43359.541048
DEU,2013,44993.667838
DEU,2014,47011.280402
DEU,2015,47609.557159
DEU,2016,50579.483717
DEU,2017,53071.478374
DEU,2018,55195.722049
DEU,2019,57411.520685
DEU,2020,56454.181109
DEU,2021,59055.316879
DEU,2022,63521.899276
GRC,1970,3099.066538
GRC,1971,3496.397959
GRC,1972,3991.916812
GRC,1973,4531.019059
GRC,1974,4603.75129
GRC,1975,5300.786856
GRC,1976,5896.819695
GRC,1977,6349.767815
GRC,1978,7194.555896
GRC,1979,7947.758628
GRC,1980,8638.449587
GRC,1981,9226.614123
GRC,1982,9625.30187
GRC,1983,9837.127793
GRC,1984,10345.507919
GRC,1985,10898.618636
GRC,1986,11138.735614
GRC,1987,11118.402779
GRC,1988,11961.123922
GRC,1989,12834.629093
GRC,1990,13221.937587
GRC,1991,13974.517185
GRC,1992,14288.448381
GRC,1993,14314.168821
GRC,1994,14844.886093
GRC,1995,15433.238558
GRC,1996,16149.875697
GRC,1997,17155.798791
GRC,1998,18034.125759
GRC,1999,18464.726453
GRC,2000,19519.978023
GRC,2001,20958.780315
GRC,2002,22615.957435
GRC,2003,23897.755346
GRC,2004,25460.561383
GRC,2005,25577.445437
GRC,2006,28547.218881
GRC,2007,29323.909492
GRC,2008,30855.935774
GRC,2009,30359.446595
GRC,2010,27911.57449
GRC,2011,25671.409119
GRC,2012,24911.130276
GRC,2013,25986.640698
GRC,2014,26625.159298
GRC,2015,26760.280798
GRC,2016,27511.803202
GRC,2017,28604.829152
GRC,2018,29617.518625
GRC,2019,31155.946796
GRC,2020,28416.523031
GRC,2021,31297.164572
GRC,2022,36794.851579
HUN,1991,8347.615239
HUN,1992,8293.871626
HUN,1993,8466.151321
HUN,1994,8930.40706
HUN,1995,9192.590411
HUN,1996,9352.284675
HUN,1997,9824.818359
HUN,1998,10398.343521
HUN,1999,10873.247873
HUN,2000,11855.464682
HUN,2001,13210.457753
HUN,2002,14526.388251
HUN,2003,15479.026769
HUN,2004,16268.938786
HUN,2005,17108.340595
HUN,2006,18382.558594
HUN,2007,19096.705486
HUN,2008,20721.502411
HUN,2009,20722.886939
HUN,2010,21741.545922
HUN,2011,23029.447178
HUN,2012,23267.448393
HUN,2013,24547.980456
HUN,2014,25691.527335
HUN,2015,26798.854228
HUN,2016,27941.926751
HUN,2017,29496.163748
HUN,2018,31908.863431
HUN,2019,34645.565383
HUN,2020,34169.922355
HUN,2021,36735.9098
HUN,2022,41565.507721
ISL,1970,3856.956104
ISL,1971,4537.594567
ISL,1972,4949.698057
ISL,1973,5495.169604
ISL,1974,6244.414435
ISL,1975,6781.64557
ISL,1976,7508.846854
ISL,1977,8612.884769
ISL,1978,9696.267149
ISL,1979,10905.662904
ISL,1980,12441.325266
ISL,1981,14036.83019
ISL,1982,15017.363123
ISL,1983,15073.768501
ISL,1984,16095.620307
ISL,1985,17016.050947
ISL,1986,18310.240336
ISL,1987,20138.536589
ISL,1988,20503.183095
ISL,1989,21120.233037
ISL,1990,21989.393748
ISL,1991,22399.824128
ISL,1992,21874.49399
ISL,1993,22454.910804
ISL,1994,23565.561035
ISL,1995,23961.642436
ISL,1996,24777.213985
ISL,1997,26895.631883
ISL,1998,28747.691475
ISL,1999,29576.841574
ISL,2000,29785.366302
ISL,2001,31867.3852
ISL,2002,32598.376021
ISL,2003,32725.872765
ISL,2004,35552.37688
ISL,2005,37427.934965
ISL,2006,39630.186916
ISL,2007,41490.779915
ISL,2008,43456.216759
ISL,2009,41772.679994
ISL,2010,39778.39158
ISL,2011,40938.664549
ISL,2012,42006.543346
ISL,2013,44404.731588
ISL,2014,45995.001692
ISL,2015,49203.294991
ISL,2016,53486.615773
ISL,2017,55638.491978
ISL,2018,57201.173335
ISL,2019,59644.706533
ISL,2020,54330.385248
ISL,2021,58297.108148
ISL,2022,69616.051554
IRL,1970,2458.685279
IRL,1971,2647.826647
IRL,1972,2896.806946
IRL,1973,3148.791847
IRL,1974,3519.941766
IRL,1975,3995.744209
IRL,1976,4206.912471
IRL,1977,4770.188045
IRL,1978,5403.291364
IRL,1979,5934.696628
IRL,1980,6605.319478
IRL,1981,7379.61505
IRL,1982,7929.25843
IRL,1983,8161.072048
IRL,1984,8763.675501
IRL,1985,9288.203438
IRL,1986,9432.009606
IRL,1987,10113.089164
IRL,1988,11053.512282
IRL,1989,12227.404818
IRL,1990,13774.803425
IRL,1991,14433.093806
IRL,1992,15131.098234
IRL,1993,15822.271488
IRL,1994,17033.10406
IRL,1995,18984.723418
IRL,1996,20545.555253
IRL,1997,22697.18869
IRL,1998,25083.079224
IRL,1999,27041.428204
IRL,2000,30218.776099
IRL,2001,32594.17983
IRL,2002,35222.81925
IRL,2003,36280.535976
IRL,2004,38761.427777
IRL,2005,40465.316509
IRL,2006,44268.552868
IRL,2007,46766.183807
IRL,2008,44105.364476
IRL,2009,41436.941843
IRL,2010,43211.902863
IRL,2011,45132.175891
IRL,2012,46304.784189
IRL,2013,47836.18565
IRL,2014,51296.92985
IRL,2015,69305.538798
IRL,2016,71505.746281
IRL,2017,78252.205616
IRL,2018,85034.728547
IRL,2019,89759.238887
IRL,2020,94646.640757
IRL,2021,108831.365241
IRL,2022,127146.265184
ITA,1970,3632.282231
ITA,1971,3867.714697
ITA,1972,4160.133212
ITA,1973,4669.018287
ITA,1974,5334.056969
ITA,1975,5672.336805
ITA,1976,6379.020487
ITA,1977,6919.411656
ITA,1978,7618.888337
ITA,1979,8717.441657
ITA,1980,9810.672065
ITA,1981,10814.99217
ITA,1982,11523.893561
ITA,1983,12110.862982
ITA,1984,12949.675671
ITA,1985,13729.024239
ITA,1986,14405.277893
ITA,1987,15231.140207
ITA,1988,16421.843506
ITA,1989,17630.654373
ITA,1990,18638.249886
ITA,1991,19545.586433
ITA,1992,20150.12707
ITA,1993,20439.351288
ITA,1994,21320.510106
ITA,1995,22395.619943
ITA,1996,23058.967635
ITA,1997,23875.770827
ITA,1998,25021.680907
ITA,1999,25602.386484
ITA,2000,27077.647701
ITA,2001,28036.302758
ITA,2002,28721.076279
ITA,2003,29154.663843
ITA,2004,29481.853691
ITA,2005,30028.488979
ITA,2006,32309.294219
ITA,2007,33960.788711
ITA,2008,35292.601856
ITA,2009,34335.925384
ITA,2010,34838.135774
ITA,2011,36203.328522
ITA,2012,36091.373957
ITA,2013,36267.925352
ITA,2014,36475.976061
ITA,2015,37206.331822
ITA,2016,40267.222623
ITA,2017,41951.466331
ITA,2018,43427.663143
ITA,2019,45799.741922
ITA,2020,43150.115981
ITA,2021,47591.832142
ITA,2022,52802.956093
JPN,1970,3348.832992
JPN,1971,3647.705468
JPN,1972,4069.992935
JPN,1973,4532.01302
JPN,1974,4812.870739
JPN,1975,5355.131154
JPN,1976,5809.31007
JPN,1977,6378.376732
JPN,1978,7121.897178
JPN,1979,8068.34118
JPN,1980,8973.783444
JPN,1981,10168.273248
JPN,1982,11073.018179
JPN,1983,11843.838707
JPN,1984,12730.496373
JPN,1985,13725.849243
JPN,1986,14390.877358
JPN,1987,15359.194724
JPN,1988,16890.327305
JPN,1989,18348.322287
JPN,1990,19891.091581
JPN,1991,21204.240996
JPN,1992,21800.918468
JPN,1993,22149.219699
JPN,1994,22834.751706
JPN,1995,23865.913636
JPN,1996,25009.682085
JPN,1997,25629.420659
JPN,1998,25520.196541
JPN,1999,25744.916581
JPN,2000,27289.851934
JPN,2001,27946.083138
JPN,2002,28633.69892
JPN,2003,29411.592882
JPN,2004,30837.175423
JPN,2005,32174.400107
JPN,2006,33638.841255
JPN,2007,35021.732224
JPN,2008,35278.749846
JPN,2009,33550.689549
JPN,2010,35342.824721
JPN,2011,36215.006272
JPN,2012,37628.675989
JPN,2013,39436.682585
JPN,2014,39559.763471
JPN,2015,40908.781547
JPN,2016,40642.704531
JPN,2017,41531.221619
JPN,2018,42264.585123
JPN,2019,42427.125075
JPN,2020,41867.153393
JPN,2021,42895.146536
JPN,2022,45637.642724
KOR,1970,600.506995
KOR,1971,683.866885
KOR,1972,750.698124
KOR,1973,893.852097
KOR,1974,1048.844987
KOR,1975,1215.208903
KOR,1976,1428.597512
KOR,1977,1678.187382
KOR,1978,1962.941483
KOR,1979,2275.356423
KOR,1980,2402.301405
KOR,1981,2776.532293
KOR,1982,3144.913567
KOR,1983,3651.020351
KOR,1984,4130.54515
KOR,1985,4550.154481
KOR,1986,5116.42119
KOR,1987,5852.103004
KOR,1988,6718.788433
KOR,1989,7402.41363
KOR,1990,8355.387935
KOR,1991,9474.577826
KOR,1992,10184.846816
KOR,1993,11030.619105
KOR,1994,12187.129391
KOR,1995,13502.580041
KOR,1996,14693.993279
KOR,1997,15721.561966
KOR,1998,14974.498788
KOR,1999,16807.013023
KOR,2000,18538.879306
KOR,2001,19724.494236
KOR,2002,21396.719189
KOR,2003,22096.023078
KOR,2004,23773.590825
KOR,2005,25186.638103
KOR,2006,26884.429402
KOR,2007,29064.701966
KOR,2008,29945.899216
KOR,2009,29508.282758
KOR,2010,31736.700156
KOR,2011,32546.517725
KOR,2012,33557.030447
KOR,2013,34244.239492
KOR,2014,35324.260296
KOR,2015,37902.361018
KOR,2016,39575.302078
KOR,2017,40957.347064
KOR,2018,43044.340145
KOR,2019,43410.152957
KOR,2020,44694.939796
KOR,2021,47068.423631
KOR,2022,50330.65223
LUX,1970,5483.882367
LUX,1971,5860.266834
LUX,1972,6438.007071
LUX,1973,7273.457581
LUX,1974,8154.911374
LUX,1975,8234.306248
LUX,1976,8863.201981
LUX,1977,9543.167534
LUX,1978,10613.037028
LUX,1979,11733.982928
LUX,1980,12851.937882
LUX,1981,13952.211146
LUX,1982,14973.612993
LUX,1983,16020.818713
LUX,1984,17611.31287
LUX,1985,18644.900197
LUX,1986,20822.81367
LUX,1987,22037.167702
LUX,1988,24533.586389
LUX,1989,27719.141565
LUX,1990,29945.588916
LUX,1991,33182.552087
LUX,1992,34089.581306
LUX,1993,35851.897825
LUX,1994,37470.56032
LUX,1995,38264.055484
LUX,1996,39698.631118
LUX,1997,42445.028526
LUX,1998,44216.958269
LUX,1999,49744.96918
LUX,2000,55042.757729
LUX,2001,56093.167605
LUX,2002,58513.393595
LUX,2003,60115.443332
LUX,2004,64634.098463
LUX,2005,68707.781706
LUX,2006,78825.366846
LUX,2007,84995.47876
LUX,2008,90863.784075
LUX,2009,86800.873477
LUX,2010,90252.977242
LUX,2011,94278.922851
LUX,2012,96535.745828
LUX,2013,100561.366405
LUX,2014,104917.945675
LUX,2015,107898.304236
LUX,2016,112955.470175
LUX,2017,114862.528755
LUX,2018,116334.724739
LUX,2019,119364.151427
LUX,2020,119407.898814
LUX,2021,131430.737036
LUX,2022,140150.398233
MEX,1970,1821.231807
MEX,1971,1927.274057
MEX,1972,2110.463843
MEX,1973,2335.347894
MEX,1974,2616.012156
MEX,1975,2926.660122
MEX,1976,3123.797478
MEX,1977,3333.352316
MEX,1978,3754.173258
MEX,1979,4315.112329
MEX,1980,4940.061065
MEX,1981,5747.034732
MEX,1982,5921.25591
MEX,1983,5757.16342
MEX,1984,6045.235413
MEX,1985,6273.769365
MEX,1986,6033.887794
MEX,1987,6171.62267
MEX,1988,6340.201974
MEX,1989,6731.458394
MEX,1990,7196.211257
MEX,1991,7616.689733
MEX,1992,7938.419674
MEX,1993,8280.532735
MEX,1994,8736.564824
MEX,1995,8231.658739
MEX,1996,8820.661494
MEX,1997,9456.139259
MEX,1998,9925.675065
MEX,1999,10216.053137
MEX,2000,10870.092123
MEX,2001,10937.137897
MEX,2002,10999.980338
MEX,2003,11308.492366
MEX,2004,11926.995989
MEX,2005,12521.726831
MEX,2006,13703.791516
MEX,2007,14215.817736
MEX,2008,14859.233988
MEX,2009,14497.970039
MEX,2010,15228.501123
MEX,2011,16521.774435
MEX,2012,17195.057014
MEX,2013,17437.042083
MEX,2014,18153.351036
MEX,2015,18430.218897
MEX,2016,19791.259772
MEX,2017,20201.856549
MEX,2018,20561.246895
MEX,2019,20244.557477
MEX,2020,18465.575374
MEX,2021,19438.782132
MEX,2022,21331.937965
NLD,1969,4086.836185
NLD,1970,4419.517385
NLD,1971,4785.167958
NLD,1972,5064.9373
NLD,1973,5606.093215
NLD,1974,6321.237514
NLD,1975,6856.015561
NLD,1976,7517.448484
NLD,1977,8089.192591
NLD,1978,8807.215863
NLD,1979,9664.890443
NLD,1980,10792.844098
NLD,1981,11640.051293
NLD,1982,12150.422595
NLD,1983,12837.457864
NLD,1984,13655.544285
NLD,1985,14386.040395
NLD,1986,15002.962993
NLD,1987,15567.206886
NLD,1988,16562.497038
NLD,1989,17868.497927
NLD,1990,19182.315932
NLD,1991,20151.569686
NLD,1992,20805.037656
NLD,1993,21413.706604
NLD,1994,22385.36949
NLD,1995,23446.992702
NLD,1996,24516.321498
NLD,1997,26016.402029
NLD,1998,27709.973769
NLD,1999,29268.685491
NLD,2000,31875.989055
NLD,2001,33186.914167
NLD,2002,34447.053372
NLD,2003,34151.984046
NLD,2004,35809.49984
NLD,2005,37625.252435
NLD,2006,41011.393578
NLD,2007,43943.909747
NLD,2008,46419.042594
NLD,2009,44558.440255
NLD,2010,45042.666206
NLD,2011,46599.227659
NLD,2012,47271.968226
NLD,2013,49242.786711
NLD,2014,49233.230349
NLD,2015,50288.352815
NLD,2016,52289.404292
NLD,2017,55089.58143
NLD,2018,57825.399708
NLD,2019,60207.9957
NLD,2020,59821.266235
NLD,2021,64488.958411
NLD,2022,70861.366489
NZL,1970,3908.441216
NZL,1971,4287.951617
NZL,1972,4698.230474
NZL,1973,5060.832064
NZL,1974,5655.977355
NZL,1975,6267.234985
NZL,1976,6516.579696
NZL,1977,6443.475875
NZL,1978,7218.04714
NZL,1979,7634.775479
NZL,1980,8413.261719
NZL,1981,9404.359471
NZL,1982,10401.915157
NZL,1983,11167.009742
NZL,1984,12249.190764
NZL,1985,12593.25402
NZL,1986,13197.633841
NZL,1987,13329.314198
NZL,1988,13828.910124
NZL,1989,14410.0046
NZL,1990,14654.017953
NZL,1991,14485.712105
NZL,1992,14852.905689
NZL,1993,15847.195896
NZL,1994,16979.530269
NZL,1995,17794.738286
NZL,1996,18361.651551
NZL,1997,19070.601713
NZL,1998,19284.721024
NZL,1999,20537.595625
NZL,2000,21459.17077
NZL,2001,22416.669949
NZL,2002,23180.064981
NZL,2003,23885.100687
NZL,2004,25018.845662
NZL,2005,25590.127446
NZL,2006,27652.794356
NZL,2007,29252.862789
NZL,2008,29748.931565
NZL,2009,30570.163361
NZL,2010,31138.14575
NZL,2011,32638.103325
NZL,2012,32916.91304
NZL,2013,36084.865782
NZL,2014,37084.794142
NZL,2015,37246.951138
NZL,2016,39696.946073
NZL,2017,41994.487818
NZL,2018,42320.906448
NZL,2019,45518.307468
NZL,2020,45457.178769
NZL,2021,47981.692244
NZL,2022,51455.076251
NOR,1970,3364.907466
NOR,1971,3710.224462
NOR,1972,4045.837204
NOR,1973,4429.454813
NOR,1974,4987.195104
NOR,1975,5687.587065
NOR,1976,6320.195221
NOR,1977,6962.795809
NOR,1978,7710.398549
NOR,1979,8685.248568
NOR,1980,9870.513797
NOR,1981,10939.685912
NOR,1982,11600.462028
NOR,1983,12494.294986
NOR,1984,13688.743558
NOR,1985,14859.215091
NOR,1986,15718.200166
NOR,1987,16311.028723
NOR,1988,16755.267282
NOR,1989,17517.997269
NOR,1990,18463.770868
NOR,1991,19579.980985
NOR,1992,20625.871588
NOR,1993,21584.591102
NOR,1994,23026.472633
NOR,1995,24362.694577
NOR,1996,26827.754488
NOR,1997,28609.607256
NOR,1998,28202.236134
NOR,1999,30573.137341
NOR,2000,36988.65878
NOR,2001,37827.470761
NOR,2002,38057.575494
NOR,2003,38683.295646
NOR,2004,42671.129526
NOR,2005,47969.885364
NOR,2006,54362.236354
NOR,2007,56177.479845
NOR,2008,62075.513764
NOR,2009,55617.679797
NOR,2010,58229.713025
NOR,2011,62461.20278
NOR,2012,65768.753269
NOR,2013,67372.928181
NOR,2014,66335.459647
NOR,2015,60721.583813
NOR,2016,59263.430471
NOR,2017,64589.163172
NOR,2018,70252.735449
NOR,2019,69915.01766
NOR,2020,65135.920669
NOR,2021,81871.642989
NOR,2022,114932.192428
POL,1990,6205.071655
POL,1991,5952.660254
POL,1992,6230.971929
POL,1993,6608.81136
POL,1994,7101.438382
POL,1995,7749.823854
POL,1996,8350.588468
POL,1997,9020.076691
POL,1998,9582.019738
POL,1999,10143.29528
POL,2000,10674.914757
POL,2001,11120.999556
POL,2002,11803.761357
POL,2003,12292.161883
POL,2004,13354.532874
POL,2005,13898.413011
POL,2006,15155.041822
POL,2007,16806.970491
POL,2008,18308.038986
POL,2009,19074.444446
POL,2010,20632.568496
POL,2011,22386.227115
POL,2012,23300.922905
POL,2013,24028.186721
POL,2014,25005.655694
POL,2015,26495.814917
POL,2016,27830.927735
POL,2017,29609.446369
POL,2018,31662.210541
POL,2019,34592.873746
POL,2020,34896.8226
POL,2021,37825.969449
POL,2022,42961.752668
PRT,1970,2078.171857
PRT,1971,2348.791921
PRT,1972,2650.722149
PRT,1973,3108.066071
PRT,1974,3379.11248
PRT,1975,3399.939155
PRT,1976,3727.185355
PRT,1977,4136.352416
PRT,1978,4502.918671
PRT,1979,5096.5731
PRT,1980,5749.495758
PRT,1981,6340.823743
PRT,1982,6834.024479
PRT,1983,7058.781995
PRT,1984,7151.525852
PRT,1985,7568.144968
PRT,1986,8040.264873
PRT,1987,8779.763139
PRT,1988,9795.666002
PRT,1989,10869.129782
PRT,1990,11766.453958
PRT,1991,12731.744821
PRT,1992,13169.059787
PRT,1993,13191.055806
PRT,1994,13570.077182
PRT,1995,14407.066402
PRT,1996,14921.73824
PRT,1997,15788.630619
PRT,1998,16687.438971
PRT,1999,17718.199563
PRT,2000,18880.30375
PRT,2001,19528.689533
PRT,2002,20356.721555
PRT,2003,20852.18351
PRT,2004,21477.874489
PRT,2005,22725.351606
PRT,2006,24681.096076
PRT,2007,25736.276906
PRT,2008,26665.771577
PRT,2009,26459.287172
PRT,2010,27260.554162
PRT,2011,26769.42769
PRT,2012,26438.140472
PRT,2013,27936.006299
PRT,2014,28742.313125
PRT,2015,29660.845901
PRT,2016,31607.610185
PRT,2017,33044.70015
PRT,2018,34928.61899
PRT,2019,37299.182306
PRT,2020,34955.61156
PRT,2021,36971.269095
PRT,2022,42313.130693
SVK,1992,7186.836539
SVK,1993,7471.730972
SVK,1994,8071.649735
SVK,1995,8695.696416
SVK,1996,9406.977202
SVK,1997,10085.768534
SVK,1998,10622.627325
SVK,1999,10714.989611
SVK,2000,11353.50553
SVK,2001,12386.833868
SVK,2002,13307.878099
SVK,2003,14166.120035
SVK,2004,15197.889535
SVK,2005,16595.261602
SVK,2006,18850.138473
SVK,2007,21138.750634
SVK,2008,23608.977522
SVK,2009,22947.25335
SVK,2010,25221.414441
SVK,2011,26260.184756
SVK,2012,27000.730262
SVK,2013,28021.090416
SVK,2014,29029.587681
SVK,2015,30062.179649
SVK,2016,29737.53009
SVK,2017,30147.015977
SVK,2018,31374.187996
SVK,2019,33459.324263
SVK,2020,32912.709886
SVK,2021,34547.086573
SVK,2022,37067.28435
ESP,1970,2768.892291
ESP,1971,3016.556056
ESP,1972,3373.03744
ESP,1973,3800.607035
ESP,1974,4333.424251
ESP,1975,4711.157301
ESP,1976,5074.348485
ESP,1977,5477.089666
ESP,1978,5881.633987
ESP,1979,6315.585177
ESP,1980,6962.742478
ESP,1981,7564.883876
ESP,1982,8088.873462
ESP,1983,8514.321954
ESP,1984,8942.337432
ESP,1985,9404.647692
ESP,1986,9876.097641
ESP,1987,10655.433627
ESP,1988,11567.813543
ESP,1989,12577.220698
ESP,1990,13520.860458
ESP,1991,14308.610814
ESP,1992,14736.224104
ESP,1993,14897.342444
ESP,1994,15550.196517
ESP,1995,16290.47236
ESP,1996,16982.180204
ESP,1997,17916.032165
ESP,1998,19101.544588
ESP,1999,19962.792109
ESP,2000,21595.594901
ESP,2001,23001.078439
ESP,2002,24376.32871
ESP,2003,25042.28983
ESP,2004,26182.039287
ESP,2005,27600.937175
ESP,2006,30743.713954
ESP,2007,32467.040986
ESP,2008,33242.245427
ESP,2009,32089.527557
ESP,2010,31690.887692
ESP,2011,31872.363088
ESP,2012,31724.785352
ESP,2013,32463.123679
ESP,2014,33558.976673
ESP,2015,34945.481614
ESP,2016,37333.06491
ESP,2017,39601.479631
ESP,2018,40776.768298
ESP,2019,43135.741954
ESP,2020,38030.728528
ESP,2021,41255.752458
ESP,2022,46490.547319
SWE,1970,4905.806826
SWE,1971,5167.843144
SWE,1972,5498.331828
SWE,1973,6018.647189
SWE,1974,6750.146536
SWE,1975,7535.047821
SWE,1976,8004.533671
SWE,1977,8336.767838
SWE,1978,9053.122035
SWE,1979,10157.379994
SWE,1980,11241.488168
SWE,1981,12346.284654
SWE,1982,13264.787823
SWE,1983,14039.585894
SWE,1984,15146.776557
SWE,1985,15938.507378
SWE,1986,16657.191162
SWE,1987,17582.743271
SWE,1988,18584.687708
SWE,1989,19692.941913
SWE,1990,20425.565211
SWE,1991,20733.818918
SWE,1992,20837.303063
SWE,1993,20769.119045
SWE,1994,21890.359829
SWE,1995,23107.289788
SWE,1996,23934.105538
SWE,1997,24805.660052
SWE,1998,25888.362392
SWE,1999,27471.476497
SWE,2000,29624.021363
SWE,2001,29933.209602
SWE,2002,30926.361002
SWE,2003,31816.571723
SWE,2004,33858.921497
SWE,2005,34244.359285
SWE,2006,37727.725135
SWE,2007,40910.324397
SWE,2008,42158.296425
SWE,2009,40279.878892
SWE,2010,42221.760198
SWE,2011,44608.584887
SWE,2012,45432.431014
SWE,2013,46312.397402
SWE,2014,47184.673173
SWE,2015,49103.131953
SWE,2016,50430.25079
SWE,2017,51947.95578
SWE,2018,53521.635778
SWE,2019,56404.297122
SWE,2020,56140.551353
SWE,2021,60396.719301
SWE,2022,65156.950747
CHE,1970,7364.414573
CHE,1971,7956.218951
CHE,1972,8488.08065
CHE,1973,9169.311439
CHE,1974,10110.252013
CHE,1975,10332.495979
CHE,1976,10867.264862
CHE,1977,11855.005791
CHE,1978,12708.293833
CHE,1979,14064.960049
CHE,1980,15954.799522
CHE,1981,17622.86145
CHE,1982,18357.932623
CHE,1983,19155.238341
CHE,1984,20370.545743
CHE,1985,21692.801663
CHE,1986,22405.104609
CHE,1987,23160.8208
CHE,1988,24568.735021
CHE,1989,26433.575591
CHE,1990,28124.395379
CHE,1991,28458.281152
CHE,1992,28830.068567
CHE,1993,29283.246389
CHE,1994,30081.756285
CHE,1995,30586.359996
CHE,1996,31242.609525
CHE,1997,32440.80253
CHE,1998,33543.644646
CHE,1999,34401.809168
CHE,2000,36351.765418
CHE,2001,37514.754782
CHE,2002,38410.604089
CHE,2003,38448.713551
CHE,2004,39884.900157
CHE,2005,41244.643767
CHE,2006,45963.055317
CHE,2007,50584.577372
CHE,2008,53498.013101
CHE,2009,52732.723576
CHE,2010,54349.191874
CHE,2011,57493.56602
CHE,2012,59440.934085
CHE,2013,61656.490978
CHE,2014,63417.043081
CHE,2015,65265.050827
CHE,2016,67350.735189
CHE,2017,68193.502958
CHE,2018,70688.84449
CHE,2019,72668.72555
CHE,2020,70810.837738
CHE,2021,75969.787471
CHE,2022,83484.940241
TUR,1970,1773.56559
TUR,1971,1928.383005
TUR,1972,2106.080029
TUR,1973,2241.734588
TUR,1974,2510.656048
TUR,1975,2867.700062
TUR,1976,3265.854232
TUR,1977,3517.807291
TUR,1978,3744.549072
TUR,1979,3943.40557
TUR,1980,4108.984662
TUR,1981,4603.069824
TUR,1982,4936.278211
TUR,1983,5251.809031
TUR,1984,5664.869623
TUR,1985,5942.131534
TUR,1986,6338.717261
TUR,1987,6990.795182
TUR,1988,7266.077306
TUR,1989,7441.019389
TUR,1990,8292.000489
TUR,1991,8507.534988
TUR,1992,9071.45323
TUR,1993,9872.699
TUR,1994,9383.676082
TUR,1995,10111.461686
TUR,1996,10831.941802
TUR,1997,11650.893985
TUR,1998,8937.587566
TUR,1999,8625.279388
TUR,2000,9476.598346
TUR,2001,9143.328196
TUR,2002,9279.072677
TUR,2003,9597.936618
TUR,2004,10884.319337
TUR,2005,11910.606724
TUR,2006,13640.767727
TUR,2007,14864.955058
TUR,2008,16038.231645
TUR,2009,15442.774202
TUR,2010,17345.833613
TUR,2011,19590.858369
TUR,2012,20627.440729
TUR,2013,22373.136543
TUR,2014,24104.984583
TUR,2015,25855.912681
TUR,2016,26695.909373
TUR,2017,28193.061398
TUR,2018,28281.473275
TUR,2019,28011.322789
TUR,2020,27973.899303
TUR,2021,30679.506593
TUR,2022,37299.591132
GBR,1960,2186.298678
GBR,1961,2248.226997
GBR,1962,2296.179887
GBR,1963,2419.069763
GBR,1964,2563.492244
GBR,1965,2694.142395
GBR,1966,2834.567525
GBR,1967,2976.523362
GBR,1968,3268.199673
GBR,1969,3507.172729
GBR,1970,3636.531897
GBR,1971,3933.853912
GBR,1972,4268.363698
GBR,1973,4785.238183
GBR,1974,5085.088214
GBR,1975,5475.196306
GBR,1976,5945.686985
GBR,1977,6473.318413
GBR,1978,7221.480777
GBR,1979,8104.866594
GBR,1980,8643.641342
GBR,1981,9382.318979
GBR,1982,10172.808276
GBR,1983,11012.667607
GBR,1984,11649.638325
GBR,1985,12484.399252
GBR,1986,13106.915713
GBR,1987,14125.421351
GBR,1988,15431.548257
GBR,1989,16403.475437
GBR,1990,17094.16014
GBR,1991,17416.138113
GBR,1992,17839.137225
GBR,1993,18674.842998
GBR,1994,19756.540612
GBR,1995,20593.592998
GBR,1996,21947.219597
GBR,1997,23070.556723
GBR,1998,23693.316272
GBR,1999,24492.865796
GBR,2000,26534.517918
GBR,2001,27915.785918
GBR,2002,29091.26654
GBR,2003,30322.775119
GBR,2004,32075.022998
GBR,2005,32719.743558
GBR,2006,34744.126142
GBR,2007,35521.72105
GBR,2008,36734.676772
GBR,2009,35033.288916
GBR,2010,36495.793496
GBR,2011,37208.971903
GBR,2012,38340.215681
GBR,2013,39968.102283
GBR,2014,41281.542063
GBR,2015,42500.909156
GBR,2016,44057.689096
GBR,2017,46061.354379
GBR,2018,47107.7092
GBR,2019,49220.202708
GBR,2020,45756.801675
GBR,2021,50361.491742
GBR,2022,54265.752346
USA,1970,5233.352349
USA,1971,5608.545346
USA,1972,6093.20516
USA,1973,6725.406839
USA,1974,7224.204995
USA,1975,7801.167695
USA,1976,8590.244216
USA,1977,9450.431025
USA,1978,10562.860184
USA,1979,11671.536965
USA,1980,12547.12681
USA,1981,13943.171542
USA,1982,14399.353194
USA,1983,15508.007835
USA,1984,17080.014721
USA,1985,18192.326398
USA,1986,19027.646323
USA,1987,19993.226076
USA,1988,21367.896156
USA,1989,22804.674457
USA,1990,23835.319229
USA,1991,24289.547588
USA,1992,25378.624641
USA,1993,26350.492927
USA,1994,27660.268357
USA,1995,28657.512716
USA,1996,29932.157767
USA,1997,31424.438925
USA,1998,32817.981996
USA,1999,34479.794364
USA,2000,36299.662179
USA,2001,37100.285739
USA,2002,37954.222014
USA,2003,39419.907372
USA,2004,41659.662691
USA,2005,44052.382996
USA,2006,46234.10571
USA,2007,47976.201209
USA,2008,48498.445211
USA,2009,47122.988543
USA,2010,48570.289731
USA,2011,49951.907651
USA,2012,51644.991659
USA,2013,53116.521969
USA,2014,54914.368228
USA,2015,56520.609227
USA,2016,57592.691515
USA,2017,59589.233923
USA,2018,62449.612827
USA,2019,64690.272395
USA,2020,63480.861222
USA,2021,70181.12175
USA,2022,76359.99952
CHL,1986,3362.599084
CHL,1987,3609.868118
CHL,1988,3942.703346
CHL,1989,4454.710337
CHL,1990,4714.046069
CHL,1991,5166.520616
CHL,1992,5827.459668
CHL,1993,6270.747048
CHL,1994,6653.874731
CHL,1995,7388.386052
CHL,1996,7970.381483
CHL,1997,8589.098315
CHL,1998,8927.892867
CHL,1999,8909.771365
CHL,2000,9440.041965
CHL,2001,9845.972269
CHL,2002,10205.704047
CHL,2003,10779.638668
CHL,2004,11682.599533
CHL,2005,12600.905817
CHL,2006,15589.157511
CHL,2007,16771.182748
CHL,2008,16449.614266
CHL,2009,16028.549544
CHL,2010,18041.314313
CHL,2011,20235.570348
CHL,2012,21458.812331
CHL,2013,22295.740021
CHL,2014,22650.712398
CHL,2015,22563.582179
CHL,2016,23384.612377
CHL,2017,24479.458726
CHL,2018,25496.431051
CHL,2019,25509.445481
CHL,2020,24738.720579
CHL,2021,28070.413247
CHL,2022,29866.277169
COL,1985,3027.615083
COL,1986,3200.509326
COL,1987,3392.548012
COL,1988,3595.731969
COL,1989,3790.734674
COL,1990,5126.493455
COL,1991,5338.114425
COL,1992,5585.122998
COL,1993,5930.380472
COL,1994,6284.421448
COL,1995,6646.387322
COL,1996,6767.940573
COL,1997,7000.196798
COL,1998,7022.024884
COL,1999,6658.492888
COL,2000,6886.405819
COL,2001,7068.835584
COL,2002,7265.177903
COL,2003,7604.164565
COL,2004,8127.579576
COL,2005,8676.107355
COL,2006,9433.241822
COL,2007,10228.188007
COL,2008,10651.506633
COL,2009,10720.914286
COL,2010,11206.221832
COL,2011,12108.234854
COL,2012,12530.807654
COL,2013,13266.002148
COL,2014,13777.241959
COL,2015,13762.750912
COL,2016,14514.224389
COL,2017,14930.865719
COL,2018,15814.696386
COL,2019,16484.762795
COL,2020,15614.989482
COL,2021,17644.507027
COL,2022,20841.377902
EST,1993,5745.760245
EST,1994,5906.11504
EST,1995,6428.705843
EST,1996,6845.25294
EST,1997,7942.676789
EST,1998,8408.654726
EST,1999,8479.421302
EST,2000,9394.096157
EST,2001,10282.280196
EST,2002,11628.295949
EST,2003,13090.446043
EST,2004,14496.5298
EST,2005,16584.411085
EST,2006,19288.35304
EST,2007,22161.320259
EST,2008,22780.0071
EST,2009,20459.913173
EST,2010,21588.7722
EST,2011,24515.48857
EST,2012,25946.944889
EST,2013,27418.689637
EST,2014,28917.833656
EST,2015,29222.748082
EST,2016,31310.152103
EST,2017,33867.803542
EST,2018,36488.637421
EST,2019,39068.367072
EST,2020,39460.614767
EST,2021,43505.074864
EST,2022,47152.179753
ISR,1995,20578.54124
ISR,1996,21623.866642
ISR,1997,22259.878318
ISR,1998,22853.515378
ISR,1999,23321.794883
ISR,2000,25664.280484
ISR,2001,25667.285517
ISR,2002,25961.151784
ISR,2003,24562.208636
ISR,2004,25937.524071
ISR,2005,25514.010958
ISR,2006,26216.253464
ISR,2007,28027.729495
ISR,2008,27836.589762
ISR,2009,27980.038691
ISR,2010,29377.085514
ISR,2011,31244.430296
ISR,2012,32414.616221
ISR,2013,34744.038069
ISR,2014,34729.392705
ISR,2015,35795.506413
ISR,2016,38084.528912
ISR,2017,39352.294675
ISR,2018,40082.466095
ISR,2019,40663.6287
ISR,2020,40073.058669
ISR,2021,44158.809988
ISR,2022,49788.625702
SVN,1995,13636.336758
SVN,1996,14299.484081
SVN,1997,15279.904615
SVN,1998,16050.561984
SVN,1999,17077.485063
SVN,2000,18000.439484
SVN,2001,18952.865227
SVN,2002,20236.432071
SVN,2003,21107.674871
SVN,2004,22758.123247
SVN,2005,23848.602419
SVN,2006,25706.215605
SVN,2007,27563.4752
SVN,2008,29594.665839
SVN,2009,27511.166476
SVN,2010,27822.232624
SVN,2011,28931.423641
SVN,2012,29048.325999
SVN,2013,29979.618841
SVN,2014,30872.72888
SVN,2015,31631.838376
SVN,2016,33942.76789
SVN,2017,36517.579273
SVN,2018,39008.297051
SVN,2019,42118.699287
SVN,2020,40885.50612
SVN,2021,44041.052941
SVN,2022,48361.944853
LVA,1995,5517.943663
LVA,1996,5809.057012
LVA,1997,6487.59344
LVA,1998,7068.534163
LVA,1999,7405.779273
LVA,2000,8040.372021
LVA,2001,9043.901057
LVA,2002,10080.307263
LVA,2003,11060.838869
LVA,2004,12279.385138
LVA,2005,13914.154893
LVA,2006,15854.812739
LVA,2007,18232.818234
LVA,2008,19569.52658
LVA,2009,17022.090064
LVA,2010,17709.026968
LVA,2011,19256.795698
LVA,2012,21297.472172
LVA,2013,22637.197211
LVA,2014,23810.217954
LVA,2015,24975.480143
LVA,2016,26724.459918
LVA,2017,28689.617229
LVA,2018,30891.883835
LVA,2019,32825.168517
LVA,2020,32810.267063
LVA,2021,34796.912268
LVA,2022,39680.779825
LTU,1995,5930.846377
LTU,1996,6385.733912
LTU,1997,7069.558669
LTU,1998,7762.979223
LTU,1999,7820.787732
LTU,2000,8447.107442
LTU,2001,9437.521231
LTU,2002,10480.705313
LTU,2003,12068.24375
LTU,2004,13030.520937
LTU,2005,14510.717941
LTU,2006,16481.428255
LTU,2007,19096.729552
LTU,2008,20721.028188
LTU,2009,18117.659727
LTU,2010,20096.631145
LTU,2011,22884.945082
LTU,2012,24703.697943
LTU,2013,26721.601926
LTU,2014,28184.499091
LTU,2015,28834.457574
LTU,2016,30925.151813
LTU,2017,33761.906595
LTU,2018,36376.535744
LTU,2019,39992.555913
LTU,2020,40211.863803
LTU,2021,43931.670922
LTU,2022,48860.743439
CRI,1991,5499.863082
CRI,1992,6008.48589
CRI,1993,6445.100154
CRI,1994,6683.887118
CRI,1995,6906.601806
CRI,1996,6951.482043
CRI,1997,7268.555279
CRI,1998,7689.86427
CRI,1999,7934.314138
CRI,2000,8247.745652
CRI,2001,8544.268172
CRI,2002,8816.949795
CRI,2003,9244.799762
CRI,2004,9755.749861
CRI,2005,10296.531679
CRI,2006,11214.354808
CRI,2007,12292.272774
CRI,2008,12936.433198
CRI,2009,12711.165118
CRI,2010,13325.311122
CRI,2011,14068.154868
CRI,2012,14852.929898
CRI,2013,15542.368395
CRI,2014,16615.974075
CRI,2015,17649.314854
CRI,2016,19119.336147
CRI,2017,20368.230268
CRI,2018,21312.71338
CRI,2019,22739.241909
CRI,2020,21755.528069
CRI,2021,22612.375289
CRI,2022,24776.739003
