Country,Year,Population(Million)
AUS,1950,8.1787
AUS,1951,8.4217
AUS,1952,8.6365
AUS,1953,8.8153
AUS,1954,8.9865
AUS,1955,9.1997
AUS,1956,9.4255
AUS,1957,9.6402
AUS,1958,9.8424
AUS,1959,10.0564
AUS,1960,10.275
AUS,1961,10.5082
AUS,1962,10.7005
AUS,1963,10.9069
AUS,1964,11.1216
AUS,1965,11.3409
AUS,1966,11.599498
AUS,1967,11.799078
AUS,1968,12.008635
AUS,1969,12.263014
AUS,1970,12.507349
AUS,1971,13.067265
AUS,1972,13.303664
AUS,1973,13.504538
AUS,1974,13.722571
AUS,1975,13.892995
AUS,1976,14.033083
AUS,1977,14.192234
AUS,1978,14.359255
AUS,1979,14.515729
AUS,1980,14.695356
AUS,1981,14.92326
AUS,1982,15.184247
AUS,1983,15.393472
AUS,1984,15.579391
AUS,1985,15.788312
AUS,1986,16.01835
AUS,1987,16.263874
AUS,1988,16.532164
AUS,1989,16.814416
AUS,1990,17.065128
AUS,1991,17.284036
AUS,1992,17.478635
AUS,1993,17.634808
AUS,1994,17.805468
AUS,1995,18.004882
AUS,1996,18.224767
AUS,1997,18.423037
AUS,1998,18.607584
AUS,1999,18.812264
AUS,2000,19.028802
AUS,2001,19.274701
AUS,2002,19.49521
AUS,2003,19.720737
AUS,2004,19.932722
AUS,2005,20.176844
AUS,2006,20.450966
AUS,2007,20.827622
AUS,2008,21.249199
AUS,2009,21.691653
AUS,2010,22.03175
AUS,2011,22.340024
AUS,2012,22.733465
AUS,2013,23.128129
AUS,2014,23.475686
AUS,2015,23.815995
AUS,2016,24.190907
AUS,2017,24.594202
AUS,2018,24.966643
AUS,2019,25.340217
AUS,2020,25.655289
AUS,2021,25.688079
AUS,2022,25.978935
AUT,1950,6.9351
AUT,1951,6.935451
AUT,1952,6.927772
AUT,1953,6.932483
AUT,1954,6.940209
AUT,1955,6.946885
AUT,1956,6.952359
AUT,1957,6.96586
AUT,1958,6.987358
AUT,1959,7.014331
AUT,1960,7.047539
AUT,1961,7.086299
AUT,1962,7.129864
AUT,1963,7.175811
AUT,1964,7.223801
AUT,1965,7.270889
AUT,1966,7.322066
AUT,1967,7.376998
AUT,1968,7.415403
AUT,1969,7.441055
AUT,1970,7.467086
AUT,1971,7.500482
AUT,1972,7.544201
AUT,1973,7.586115
AUT,1974,7.599038
AUT,1975,7.578903
AUT,1976,7.565525
AUT,1977,7.56843
AUT,1978,7.562305
AUT,1979,7.549425
AUT,1980,7.549433
AUT,1981,7.56871
AUT,1982,7.57414
AUT,1983,7.56191
AUT,1984,7.561434
AUT,1985,7.564984
AUT,1986,7.569794
AUT,1987,7.574586
AUT,1988,7.585317
AUT,1989,7.619566
AUT,1990,7.67785
AUT,1991,7.754891
AUT,1992,7.840709
AUT,1993,7.905632
AUT,1994,7.936118
AUT,1995,7.948278
AUT,1996,7.959016
AUT,1997,7.968041
AUT,1998,7.976789
AUT,1999,7.992323
AUT,2000,8.011566
AUT,2001,8.042293
AUT,2002,8.082121
AUT,2003,8.118245
AUT,2004,8.169441
AUT,2005,8.225278
AUT,2006,8.267948
AUT,2007,8.295189
AUT,2008,8.321541
AUT,2009,8.341483
AUT,2010,8.361069
AUT,2011,8.388534
AUT,2012,8.426311
AUT,2013,8.47723
AUT,2014,8.543932
AUT,2015,8.629519
AUT,2016,8.739806
AUT,2017,8.795073
AUT,2018,8.837707
AUT,2019,8.877637
AUT,2020,8.916845
AUT,2021,8.95152
AUT,2022,9.052856
BEL,1950,8.639369
BEL,1951,8.678386
BEL,1952,8.730405
BEL,1953,8.777873
BEL,1954,8.819374
BEL,1955,8.868451
BEL,1956,8.9238
BEL,1957,8.98905
BEL,1958,9.05265
BEL,1959,9.103712
BEL,1960,9.15349
BEL,1961,9.183948
BEL,1962,9.220578
BEL,1963,9.28977
BEL,1964,9.378114
BEL,1965,9.463668
BEL,1966,9.527808
BEL,1967,9.580991
BEL,1968,9.618756
BEL,1969,9.646033
BEL,1970,9.65555
BEL,1971,9.673162
BEL,1972,9.711115
BEL,1973,9.741721
BEL,1974,9.77242
BEL,1975,9.8007
BEL,1976,9.818228
BEL,1977,9.830358
BEL,1978,9.839534
BEL,1979,9.848382
BEL,1980,9.859243
BEL,1981,9.858982
BEL,1982,9.856303
BEL,1983,9.855521
BEL,1984,9.855372
BEL,1985,9.858309
BEL,1986,9.861824
BEL,1987,9.870234
BEL,1988,9.901665
BEL,1989,9.937697
BEL,1990,9.967378
BEL,1991,10.004486
BEL,1992,10.045165
BEL,1993,10.084479
BEL,1994,10.115601
BEL,1995,10.136814
BEL,1996,10.156641
BEL,1997,10.181246
BEL,1998,10.203012
BEL,1999,10.226419
BEL,2000,10.251251
BEL,2001,10.286571
BEL,2002,10.332786
BEL,2003,10.376131
BEL,2004,10.421136
BEL,2005,10.47862
BEL,2006,10.547956
BEL,2007,10.624835
BEL,2008,10.709108
BEL,2009,10.796498
BEL,2010,10.895591
BEL,2011,10.993609
BEL,2012,11.067748
BEL,2013,11.125033
BEL,2014,11.179778
BEL,2015,11.238474
BEL,2016,11.295003
BEL,2017,11.349081
BEL,2018,11.40374
BEL,2019,11.462023
BEL,2020,11.506938
BEL,2021,11.552615
BEL,2022,11.640788
CAN,1950,14.018606
CAN,1951,14.318204
CAN,1952,14.776291
CAN,1953,15.169815
CAN,1954,15.62055
CAN,1955,16.04009
CAN,1956,16.431419
CAN,1957,16.97094
CAN,1958,17.450075
CAN,1959,17.861347
CAN,1960,18.256447
CAN,1961,18.634666
CAN,1962,18.989309
CAN,1963,19.347231
CAN,1964,19.719595
CAN,1965,20.084314
CAN,1966,20.420867
CAN,1967,20.795138
CAN,1968,21.129417
CAN,1969,21.43983
CAN,1970,21.746497
CAN,1971,21.962032
CAN,1972,22.218463
CAN,1973,22.491777
CAN,1974,22.807969
CAN,1975,23.143275
CAN,1976,23.449808
CAN,1977,23.725843
CAN,1978,23.963203
CAN,1979,24.201544
CAN,1980,24.515667
CAN,1981,24.819915
CAN,1982,25.116942
CAN,1983,25.366451
CAN,1984,25.607053
CAN,1985,25.842116
CAN,1986,26.100278
CAN,1987,26.446601
CAN,1988,26.791747
CAN,1989,27.276781
CAN,1990,27.691138
CAN,1991,28.03742
CAN,1992,28.371264
CAN,1993,28.684764
CAN,1994,29.000663
CAN,1995,29.302311
CAN,1996,29.610218
CAN,1997,29.905948
CAN,1998,30.155173
CAN,1999,30.401286
CAN,2000,30.68573
CAN,2001,31.020902
CAN,2002,31.360079
CAN,2003,31.644028
CAN,2004,31.940655
CAN,2005,32.243753
CAN,2006,32.571174
CAN,2007,32.889025
CAN,2008,33.247118
CAN,2009,33.628895
CAN,2010,34.004889
CAN,2011,34.339328
CAN,2012,34.714222
CAN,2013,35.082954
CAN,2014,35.437435
CAN,2015,35.702908
CAN,2016,36.109487
CAN,2017,36.545236
CAN,2018,37.065084
CAN,2019,37.60123
CAN,2020,38.007166
CAN,2021,38.226498
CAN,2022,38.929902
CZE,1950,8.925122
CZE,1951,9.02317
CZE,1952,9.125183
CZE,1953,9.220908
CZE,1954,9.290617
CZE,1955,9.365969
CZE,1956,9.44204
CZE,1957,9.513758
CZE,1958,9.57465
CZE,1959,9.618554
CZE,1960,9.659818
CZE,1961,9.588016
CZE,1962,9.621808
CZE,1963,9.668741
CZE,1964,9.730019
CZE,1965,9.785102
CZE,1966,9.826188
CZE,1967,9.854241
CZE,1968,9.877632
CZE,1969,9.896695
CZE,1970,9.805157
CZE,1971,9.830602
CZE,1972,9.868379
CZE,1973,9.919519
CZE,1974,9.994761
CZE,1975,10.062366
CZE,1976,10.12822
CZE,1977,10.189312
CZE,1978,10.245686
CZE,1979,10.296489
CZE,1980,10.326792
CZE,1981,10.303208
CZE,1982,10.314321
CZE,1983,10.322823
CZE,1984,10.330481
CZE,1985,10.336742
CZE,1986,10.340737
CZE,1987,10.348834
CZE,1988,10.356359
CZE,1989,10.362257
CZE,1990,10.36274
CZE,1991,10.308682
CZE,1992,10.317807
CZE,1993,10.330607
CZE,1994,10.336162
CZE,1995,10.330759
CZE,1996,10.315353
CZE,1997,10.303642
CZE,1998,10.294943
CZE,1999,10.282784
CZE,2000,10.272503
CZE,2001,10.224192
CZE,2002,10.200774
CZE,2003,10.201651
CZE,2004,10.206923
CZE,2005,10.234092
CZE,2006,10.266646
CZE,2007,10.322689
CZE,2008,10.429692
CZE,2009,10.491492
CZE,2010,10.517247
CZE,2011,10.496672
CZE,2012,10.509286
CZE,2013,10.510719
CZE,2014,10.524783
CZE,2015,10.542942
CZE,2016,10.565284
CZE,2017,10.589526
CZE,2018,10.62643
CZE,2019,10.669324
CZE,2020,10.700155
CZE,2021,10.50085
CZE,2022,10.759525
DNK,1950,4.268468
DNK,1951,4.300376
DNK,1952,4.332355
DNK,1953,4.369279
DNK,1954,4.406576
DNK,1955,4.439006
DNK,1956,4.466527
DNK,1957,4.489871
DNK,1958,4.516287
DNK,1959,4.54866
DNK,1960,4.579603
DNK,1961,4.61169
DNK,1962,4.647733
DNK,1963,4.684481
DNK,1964,4.722074
DNK,1965,4.759011
DNK,1966,4.797381
DNK,1967,4.835358
DNK,1968,4.864879
DNK,1969,4.89186
DNK,1970,4.928748
DNK,1971,4.963126
DNK,1972,4.991596
DNK,1973,5.021862
DNK,1974,5.045298
DNK,1975,5.059862
DNK,1976,5.072597
DNK,1977,5.08842
DNK,1978,5.104248
DNK,1979,5.116802
DNK,1980,5.123027
DNK,1981,5.121572
DNK,1982,5.11781
DNK,1983,5.114297
DNK,1984,5.111619
DNK,1985,5.113691
DNK,1986,5.120534
DNK,1987,5.127024
DNK,1988,5.129517
DNK,1989,5.132594
DNK,1990,5.140939
DNK,1991,5.154298
DNK,1992,5.17137
DNK,1993,5.189377
DNK,1994,5.204994
DNK,1995,5.227861
DNK,1996,5.261503
DNK,1997,5.28422
DNK,1998,5.301304
DNK,1999,5.319111
DNK,2000,5.337344
DNK,2001,5.355082
DNK,2002,5.374255
DNK,2003,5.387174
DNK,2004,5.401177
DNK,2005,5.415978
DNK,2006,5.434567
DNK,2007,5.457415
DNK,2008,5.489022
DNK,2009,5.519441
DNK,2010,5.543819
DNK,2011,5.566856
DNK,2012,5.587085
DNK,2013,5.608784
DNK,2014,5.639719
DNK,2015,5.678348
DNK,2016,5.724456
DNK,2017,5.760694
DNK,2018,5.789957
DNK,2019,5.814461
DNK,2020,5.825337
DNK,2021,5.850189
DNK,2022,5.910577
FIN,1950,4.008902
FIN,1951,4.047264
FIN,1952,4.090476
FIN,1953,4.139418
FIN,1954,4.186901
FIN,1955,4.234881
FIN,1956,4.281703
FIN,1957,4.324012
FIN,1958,4.359753
FIN,1959,4.39468
FIN,1960,4.429633
FIN,1961,4.461007
FIN,1962,4.491442
FIN,1963,4.523307
FIN,1964,4.548545
FIN,1965,4.563732
FIN,1966,4.580868
FIN,1967,4.605743
FIN,1968,4.626471
FIN,1969,4.623785
FIN,1970,4.606304
FIN,1971,4.612124
FIN,1972,4.639656
FIN,1973,4.666079
FIN,1974,4.690575
FIN,1975,4.71144
FIN,1976,4.725665
FIN,1977,4.7389
FIN,1978,4.752527
FIN,1979,4.764691
FIN,1980,4.779537
FIN,1981,4.799962
FIN,1982,4.826931
FIN,1983,4.855786
FIN,1984,4.881806
FIN,1985,4.902202
FIN,1986,4.91815
FIN,1987,4.932123
FIN,1988,4.946487
FIN,1989,4.96437
FIN,1990,4.986433
FIN,1991,5.013737
FIN,1992,5.04199
FIN,1993,5.066452
FIN,1994,5.088324
FIN,1995,5.107787
FIN,1996,5.124573
FIN,1997,5.139839
FIN,1998,5.153499
FIN,1999,5.16547
FIN,2000,5.176203
FIN,2001,5.188005
FIN,2002,5.200598
FIN,2003,5.21301
FIN,2004,5.228173
FIN,2005,5.2461
FIN,2006,5.266266
FIN,2007,5.288719
FIN,2008,5.313398
FIN,2009,5.338867
FIN,2010,5.363341
FIN,2011,5.388272
FIN,2012,5.413967
FIN,2013,5.438975
FIN,2014,5.461507
FIN,2015,5.479528
FIN,2016,5.495297
FIN,2017,5.508209
FIN,2018,5.515525
FIN,2019,5.521605
FIN,2020,5.529545
FIN,2021,5.54102
FIN,2022,5.556108
FRA,1950,41.828708
FRA,1951,42.155531
FRA,1952,42.459667
FRA,1953,42.751748
FRA,1954,43.056508
FRA,1955,43.427667
FRA,1956,43.843074
FRA,1957,44.310865
FRA,1958,44.788852
FRA,1959,45.23973
FRA,1960,45.684228
FRA,1961,46.162831
FRA,1962,46.997707
FRA,1963,47.81622
FRA,1964,48.31041
FRA,1965,48.757799
FRA,1966,49.163665
FRA,1967,49.548302
FRA,1968,49.915403
FRA,1969,50.317983
FRA,1970,50.772222
FRA,1971,51.251098
FRA,1972,51.700913
FRA,1973,52.1183
FRA,1974,52.460358
FRA,1975,52.699171
FRA,1976,52.908675
FRA,1977,53.14528
FRA,1978,53.376322
FRA,1979,53.606226
FRA,1980,53.880012
FRA,1981,54.181806
FRA,1982,54.492495
FRA,1983,54.772418
FRA,1984,55.026074
FRA,1985,55.284271
FRA,1986,55.546504
FRA,1987,55.823956
FRA,1988,56.117974
FRA,1989,56.423411
FRA,1990,56.708826
FRA,1991,58.425681
FRA,1992,58.711615
FRA,1993,58.961049
FRA,1994,59.175335
FRA,1995,59.383991
FRA,1996,59.589289
FRA,1997,59.795263
FRA,1998,60.011008
FRA,1999,60.315406
FRA,2000,60.72478
FRA,2001,61.163237
FRA,2002,61.60455
FRA,2003,62.037544
FRA,2004,62.4908
FRA,2005,62.958328
FRA,2006,63.393406
FRA,2007,63.781275
FRA,2008,64.133174
FRA,2009,64.458715
FRA,2010,64.773169
FRA,2011,65.087317
FRA,2012,65.402998
FRA,2013,65.735961
FRA,2014,66.276671
FRA,2015,66.512558
FRA,2016,66.688563
FRA,2017,66.883314
FRA,2018,67.125071
FRA,2019,67.349922
FRA,2020,67.538482
FRA,2021,67.738863
FRA,2022,67.94259
DEU,1950,70.964095
DEU,1951,69.565603
DEU,1952,69.974838
DEU,1953,70.365355
DEU,1954,70.755387
DEU,1955,71.147383
DEU,1956,71.146613
DEU,1957,71.209164
DEU,1958,71.752946
DEU,1959,72.286928
DEU,1960,72.814897
DEU,1961,73.377631
DEU,1962,74.025787
DEU,1963,74.714356
DEU,1964,75.318338
DEU,1965,75.963697
DEU,1966,76.600311
DEU,1967,76.951342
DEU,1968,77.29431
DEU,1969,77.909681
DEU,1970,78.169285
DEU,1971,78.312838
DEU,1972,78.68845
DEU,1973,78.936672
DEU,1974,78.967429
DEU,1975,78.673555
DEU,1976,78.336948
DEU,1977,78.159813
DEU,1978,78.091821
DEU,1979,78.126353
DEU,1980,78.288576
DEU,1981,78.407904
DEU,1982,78.333354
DEU,1983,78.128284
DEU,1984,77.858682
DEU,1985,77.684878
DEU,1986,77.720438
DEU,1987,77.83992
DEU,1988,78.144617
DEU,1989,78.751284
DEU,1990,79.433034
DEU,1991,80.013901
DEU,1992,80.624601
DEU,1993,81.156368
DEU,1994,81.438346
DEU,1995,81.678046
DEU,1996,81.914834
DEU,1997,82.034775
DEU,1998,82.047197
DEU,1999,82.100243
DEU,2000,82.211501
DEU,2001,82.349926
DEU,2002,82.488493
DEU,2003,82.534175
DEU,2004,82.516268
DEU,2005,82.469421
DEU,2006,82.376447
DEU,2007,82.266373
DEU,2008,82.110097
DEU,2009,81.902308
DEU,2010,81.776936
DEU,2011,80.274981
DEU,2012,80.425826
DEU,2013,80.645605
DEU,2014,80.982495
DEU,2015,81.686608
DEU,2016,82.348669
DEU,2017,82.657
DEU,2018,82.905788
DEU,2019,83.092956
DEU,2020,83.160877
DEU,2021,83.196076
DEU,2022,83.797987
GRC,1950,7.554102
GRC,1951,7.632801
GRC,1952,7.743746
GRC,1953,7.83611
GRC,1954,7.893412
GRC,1955,7.965538
GRC,1956,8.031013
GRC,1957,8.096218
GRC,1958,8.173129
GRC,1959,8.258162
GRC,1960,8.327405
GRC,1961,8.39805
GRC,1962,8.448233
GRC,1963,8.479625
GRC,1964,8.510429
GRC,1965,8.550333
GRC,1966,8.613651
GRC,1967,8.716441
GRC,1968,8.740765
GRC,1969,8.772764
GRC,1970,8.792806
GRC,1971,8.831036
GRC,1972,8.888628
GRC,1973,8.929086
GRC,1974,8.962023
GRC,1975,9.046542
GRC,1976,9.16719
GRC,1977,9.308479
GRC,1978,9.429959
GRC,1979,9.548258
GRC,1980,9.642505
GRC,1981,9.72935
GRC,1982,9.789513
GRC,1983,9.846627
GRC,1984,9.895801
GRC,1985,9.934294
GRC,1986,9.967264
GRC,1987,10.000644
GRC,1988,10.037037
GRC,1989,10.08955
GRC,1990,10.196801
GRC,1991,10.319928
GRC,1992,10.399058
GRC,1993,10.460409
GRC,1994,10.512924
GRC,1995,10.56216
GRC,1996,10.608801
GRC,1997,10.661264
GRC,1998,10.720507
GRC,1999,10.761698
GRC,2000,10.805806
GRC,2001,10.862129
GRC,2002,10.902022
GRC,2003,10.928072
GRC,2004,10.955142
GRC,2005,10.987316
GRC,2006,11.020366
GRC,2007,11.048466
GRC,2008,11.077839
GRC,2009,11.107017
GRC,2010,11.121344
GRC,2011,11.1049
GRC,2012,11.04501
GRC,2013,10.965209
GRC,2014,10.892415
GRC,2015,10.820883
GRC,2016,10.775966
GRC,2017,10.754679
GRC,2018,10.732877
GRC,2019,10.721584
GRC,2020,10.698597
GRC,2021,10.569211
GRC,2022,10.36127
HUN,1950,9.33777
HUN,1951,9.422958
HUN,1952,9.504043
HUN,1953,9.595144
HUN,1954,9.705833
HUN,1955,9.824908
HUN,1956,9.855888
HUN,1957,9.839364
HUN,1958,9.881594
HUN,1959,9.937033
HUN,1960,9.983514
HUN,1961,10.027958
HUN,1962,10.060823
HUN,1963,10.087948
HUN,1964,10.119834
HUN,1965,10.147932
HUN,1966,10.178653
HUN,1967,10.216607
HUN,1968,10.255807
HUN,1969,10.298722
HUN,1970,10.337912
HUN,1971,10.367535
HUN,1972,10.398491
HUN,1973,10.432053
HUN,1974,10.47872
HUN,1975,10.540523
HUN,1976,10.598674
HUN,1977,10.648028
HUN,1978,10.684829
HUN,1979,10.704148
HUN,1980,10.711126
HUN,1981,10.711853
HUN,1982,10.705537
HUN,1983,10.689467
HUN,1984,10.668092
HUN,1985,10.648715
HUN,1986,10.630565
HUN,1987,10.612743
HUN,1988,10.596489
HUN,1989,10.481717
HUN,1990,10.373987
HUN,1991,10.373398
HUN,1992,10.369339
HUN,1993,10.357518
HUN,1994,10.343359
HUN,1995,10.328967
HUN,1996,10.311235
HUN,1997,10.290475
HUN,1998,10.266571
HUN,1999,10.237527
HUN,2000,10.210965
HUN,2001,10.187578
HUN,2002,10.15861
HUN,2003,10.129554
HUN,2004,10.10714
HUN,2005,10.087064
HUN,2006,10.071374
HUN,2007,10.055778
HUN,2008,10.038186
HUN,2009,10.022647
HUN,2010,10.00002
HUN,2011,9.958824
HUN,2012,9.920364
HUN,2013,9.893083
HUN,2014,9.866466
HUN,2015,9.843025
HUN,2016,9.814026
HUN,2017,9.787969
HUN,2018,9.775566
HUN,2019,9.771142
HUN,2020,9.750153
HUN,2021,9.709893
HUN,2022,9.643048
ISL,1950,0.14266
ISL,1951,0.145417
ISL,1952,0.147762
ISL,1953,0.150746
ISL,1954,0.154272
ISL,1955,0.157759
ISL,1956,0.161097
ISL,1957,0.164766
ISL,1958,0.16849
ISL,1959,0.172013
ISL,1960,0.175573
ISL,1961,0.179028
ISL,1962,0.182376
ISL,1963,0.185648
ISL,1964,0.188983
ISL,1965,0.192285
ISL,1966,0.195568
ISL,1967,0.198757
ISL,1968,0.201487
ISL,1969,0.20337
ISL,1970,0.204438
ISL,1971,0.206099
ISL,1972,0.209137
ISL,1973,0.212316
ISL,1974,0.215206
ISL,1975,0.217974
ISL,1976,0.220151
ISL,1977,0.221801
ISL,1978,0.223537
ISL,1979,0.225734
ISL,1980,0.228133
ISL,1981,0.230757
ISL,1982,0.233855
ISL,1983,0.236976
ISL,1984,0.239506
ISL,1985,0.241409
ISL,1986,0.243187
ISL,1987,0.245864
ISL,1988,0.249734
ISL,1989,0.252851
ISL,1990,0.25482
ISL,1991,0.257795
ISL,1992,0.261053
ISL,1993,0.26373
ISL,1994,0.266021
ISL,1995,0.267467
ISL,1996,0.268918
ISL,1997,0.27113
ISL,1998,0.274049
ISL,1999,0.277384
ISL,2000,0.2812
ISL,2001,0.28497
ISL,2002,0.287516
ISL,2003,0.289522
ISL,2004,0.292077
ISL,2005,0.296734
ISL,2006,0.303784
ISL,2007,0.311567
ISL,2008,0.317404
ISL,2009,0.318501
ISL,2010,0.318044
ISL,2011,0.319011
ISL,2012,0.320723
ISL,2013,0.323763
ISL,2014,0.327379
ISL,2015,0.330818
ISL,2016,0.335435
ISL,2017,0.343399
ISL,2018,0.352722
ISL,2019,0.360558
ISL,2020,0.366462
ISL,2021,0.372523
ISL,2022,0.382005
IRL,1950,2.969
IRL,1951,2.9606
IRL,1952,2.9529
IRL,1953,2.949
IRL,1954,2.9412
IRL,1955,2.9209
IRL,1956,2.8985
IRL,1957,2.8853
IRL,1958,2.8527
IRL,1959,2.8456
IRL,1960,2.8321
IRL,1961,2.8183
IRL,1962,2.8301
IRL,1963,2.85
IRL,1964,2.8638
IRL,1965,2.8758
IRL,1966,2.884
IRL,1967,2.8997
IRL,1968,2.9122
IRL,1969,2.9252
IRL,1970,2.9499
IRL,1971,2.9782
IRL,1972,3.0244
IRL,1973,3.073
IRL,1974,3.1239
IRL,1975,3.1772
IRL,1976,3.2278
IRL,1977,3.2719
IRL,1978,3.314
IRL,1979,3.3682
IRL,1980,3.401
IRL,1981,3.4434
IRL,1982,3.48
IRL,1983,3.504
IRL,1984,3.529
IRL,1985,3.54
IRL,1986,3.5406
IRL,1987,3.5465
IRL,1988,3.5307
IRL,1989,3.5095
IRL,1990,3.5058
IRL,1991,3.5257
IRL,1992,3.5545
IRL,1993,3.5741
IRL,1994,3.5859
IRL,1995,3.6013
IRL,1996,3.626087
IRL,1997,3.664313
IRL,1998,3.703082
IRL,1999,3.741647
IRL,2000,3.789536
IRL,2001,3.847198
IRL,2002,3.917203
IRL,2003,3.979853
IRL,2004,4.045188
IRL,2005,4.133839
IRL,2006,4.232929
IRL,2007,4.375842
IRL,2008,4.48507
IRL,2009,4.533395
IRL,2010,4.554763
IRL,2011,4.574888
IRL,2012,4.593697
IRL,2013,4.614669
IRL,2014,4.64544
IRL,2015,4.687787
IRL,2016,4.739597
IRL,2017,4.79249
IRL,2018,4.857015
IRL,2019,4.921496
IRL,2020,4.977443
IRL,2021,5.01146
IRL,2022,5.100229
ITA,1950,47.104001
ITA,1951,47.407195
ITA,1952,47.66553
ITA,1953,47.957348
ITA,1954,48.299578
ITA,1955,48.632556
ITA,1956,48.921093
ITA,1957,49.183204
ITA,1958,49.476429
ITA,1959,49.832779
ITA,1960,50.199634
ITA,1961,50.536309
ITA,1962,50.879432
ITA,1963,51.251937
ITA,1964,51.675294
ITA,1965,52.112336
ITA,1966,52.518925
ITA,1967,52.900443
ITA,1968,53.235691
ITA,1969,53.537796
ITA,1970,53.821798
ITA,1971,54.073525
ITA,1972,54.381345
ITA,1973,54.751405
ITA,1974,55.11087
ITA,1975,55.440999
ITA,1976,55.718266
ITA,1977,55.955407
ITA,1978,56.155142
ITA,1979,56.31775
ITA,1980,56.433876
ITA,1981,56.501674
ITA,1982,56.543539
ITA,1983,56.564076
ITA,1984,56.576719
ITA,1985,56.59307
ITA,1986,56.596157
ITA,1987,56.601936
ITA,1988,56.62929
ITA,1989,56.671778
ITA,1990,56.719239
ITA,1991,56.758522
ITA,1992,56.797078
ITA,1993,56.831823
ITA,1994,56.8434
ITA,1995,56.844301
ITA,1996,56.860279
ITA,1997,56.890371
ITA,1998,56.906744
ITA,1999,56.916316
ITA,2000,56.942108
ITA,2001,56.976976
ITA,2002,57.089823
ITA,2003,57.399187
ITA,2004,57.828178
ITA,2005,58.166684
ITA,2006,58.399863
ITA,2007,58.756247
ITA,2008,59.211183
ITA,2009,59.555456
ITA,2010,59.819402
ITA,2011,60.026844
ITA,2012,60.191243
ITA,2013,60.311616
ITA,2014,60.320708
ITA,2015,60.229599
ITA,2016,60.11522
ITA,2017,60.002254
ITA,2018,59.877216
ITA,2019,59.729077
ITA,2020,59.438845
ITA,2021,59.133173
ITA,2022,58.940424
JPN,1950,84.109139
JPN,1951,85.475
JPN,1952,86.7659
JPN,1953,87.9553
JPN,1954,89.0267
JPN,1955,90.076594
JPN,1956,90.992
JPN,1957,91.763
JPN,1958,92.621
JPN,1959,93.514
JPN,1960,94.301623
JPN,1961,95.181
JPN,1962,96.087
JPN,1963,97.075
JPN,1964,98.11
JPN,1965,99.209137
JPN,1966,99.978
JPN,1967,101.145
JPN,1968,102.287
JPN,1969,103.491
JPN,1970,104.665171
JPN,1971,106.1
JPN,1972,107.595
JPN,1973,109.104
JPN,1974,110.573
JPN,1975,111.939643
JPN,1976,113.094
JPN,1977,114.165
JPN,1978,115.19
JPN,1979,116.155
JPN,1980,117.060396
JPN,1981,117.902
JPN,1982,118.728
JPN,1983,119.536
JPN,1984,120.305
JPN,1985,121.048923
JPN,1986,121.66
JPN,1987,122.239
JPN,1988,122.745
JPN,1989,123.205
JPN,1990,123.611167
JPN,1991,124.101
JPN,1992,124.567
JPN,1993,124.938
JPN,1994,125.265
JPN,1995,125.570246
JPN,1996,125.864
JPN,1997,126.166
JPN,1998,126.486
JPN,1999,126.686
JPN,2000,126.925843
JPN,2001,127.291
JPN,2002,127.435
JPN,2003,127.619
JPN,2004,127.687
JPN,2005,127.767994
JPN,2006,127.900515
JPN,2007,128.032743
JPN,2008,128.08396
JPN,2009,128.031514
JPN,2010,128.057352
JPN,2011,127.834233
JPN,2012,127.592657
JPN,2013,127.413888
JPN,2014,127.23715
JPN,2015,127.094745
JPN,2016,127.041812
JPN,2017,126.918546
JPN,2018,126.748506
JPN,2019,126.555078
JPN,2020,126.146099
JPN,2021,125.50229
JPN,2022,124.946789
KOR,1950,20.104013
KOR,1951,20.116893
KOR,1952,20.39337
KOR,1953,20.862395
KOR,1954,21.432886
KOR,1955,22.075008
KOR,1956,22.763455
KOR,1957,23.494051
KOR,1958,24.256851
KOR,1959,25.036099
KOR,1960,25.012374
KOR,1961,25.765673
KOR,1962,26.51303
KOR,1963,27.261747
KOR,1964,27.984155
KOR,1965,28.704674
KOR,1966,29.435571
KOR,1967,30.130983
KOR,1968,30.838302
KOR,1969,31.544266
KOR,1970,32.240827
KOR,1971,32.882704
KOR,1972,33.505406
KOR,1973,34.103149
KOR,1974,34.692266
KOR,1975,35.280725
KOR,1976,35.848523
KOR,1977,36.411795
KOR,1978,36.969185
KOR,1979,37.534236
KOR,1980,38.123775
KOR,1981,38.723248
KOR,1982,39.326352
KOR,1983,39.910403
KOR,1984,40.405956
KOR,1985,40.805744
KOR,1986,41.213674
KOR,1987,41.62169
KOR,1988,42.031247
KOR,1989,42.449038
KOR,1990,42.869283
KOR,1991,43.295704
KOR,1992,43.747962
KOR,1993,44.194628
KOR,1994,44.64154
KOR,1995,45.092991
KOR,1996,45.524681
KOR,1997,45.95358
KOR,1998,46.286503
KOR,1999,46.616677
KOR,2000,47.008111
KOR,2001,47.370164
KOR,2002,47.644736
KOR,2003,47.89233
KOR,2004,48.082519
KOR,2005,48.184561
KOR,2006,48.438292
KOR,2007,48.683638
KOR,2008,49.054708
KOR,2009,49.307835
KOR,2010,49.554112
KOR,2011,49.936638
KOR,2012,50.199853
KOR,2013,50.428893
KOR,2014,50.746659
KOR,2015,51.014947
KOR,2016,51.217803
KOR,2017,51.361911
KOR,2018,51.585058
KOR,2019,51.764822
KOR,2020,51.836239
KOR,2021,51.744876
KOR,2022,51.628117
LUX,1950,0.296585
LUX,1951,0.298213
LUX,1952,0.300058
LUX,1953,0.30176
LUX,1954,0.303512
LUX,1955,0.305513
LUX,1956,0.307258
LUX,1957,0.308845
LUX,1958,0.310587
LUX,1959,0.312507
LUX,1960,0.314168
LUX,1961,0.316588
LUX,1962,0.319852
LUX,1963,0.323006
LUX,1964,0.326367
LUX,1965,0.329796
LUX,1966,0.333132
LUX,1967,0.335559
LUX,1968,0.337045
LUX,1969,0.338281
LUX,1970,0.339174
LUX,1971,0.342415
LUX,1972,0.3466
LUX,1973,0.35045
LUX,1974,0.355049
LUX,1975,0.358951
LUX,1976,0.360728
LUX,1977,0.361356
LUX,1978,0.36201
LUX,1979,0.362856
LUX,1980,0.364152
LUX,1981,0.365219
LUX,1982,0.365525
LUX,1983,0.365621
LUX,1984,0.365997
LUX,1985,0.366707
LUX,1986,0.368354
LUX,1987,0.370751
LUX,1988,0.37345
LUX,1989,0.377095
LUX,1990,0.381857
LUX,1991,0.386999
LUX,1992,0.392171
LUX,1993,0.397481
LUX,1994,0.402921
LUX,1995,0.408625
LUX,1996,0.414228
LUX,1997,0.41944
LUX,1998,0.424699
LUX,1999,0.430475
LUX,2000,0.436303
LUX,2001,0.441522
LUX,2002,0.446166
LUX,2003,0.451626
LUX,2004,0.458098
LUX,2005,0.465152
LUX,2006,0.472641
LUX,2007,0.479992
LUX,2008,0.488647
LUX,2009,0.497783
LUX,2010,0.506953
LUX,2011,0.518351
LUX,2012,0.530952
LUX,2013,0.543358
LUX,2014,0.556322
LUX,2015,0.569605
LUX,2016,0.583459
LUX,2017,0.596337
LUX,2018,0.60795
LUX,2019,0.620003
LUX,2020,0.630413
LUX,2021,0.640064
LUX,2022,0.653108
MEX,1950,27.026573
MEX,1951,27.780135
MEX,1952,28.578641
MEX,1953,29.418995
MEX,1954,30.311877
MEX,1955,31.272636
MEX,1956,32.281478
MEX,1957,33.337148
MEX,1958,34.439604
MEX,1959,35.591229
MEX,1960,36.786543
MEX,1961,38.025871
MEX,1962,39.306372
MEX,1963,40.619346
MEX,1964,41.970377
MEX,1965,43.359231
MEX,1966,44.779078
MEX,1967,46.234469
MEX,1968,47.720198
MEX,1969,49.236362
MEX,1970,50.778729
MEX,1971,52.354238
MEX,1972,53.973953
MEX,1973,55.619995
MEX,1974,57.293865
MEX,1975,58.993234
MEX,1976,60.702805
MEX,1977,62.414539
MEX,1978,64.131336
MEX,1979,65.849531
MEX,1980,67.561216
MEX,1981,69.267849
MEX,1982,70.973052
MEX,1983,72.671675
MEX,1984,74.359027
MEX,1985,76.030535
MEX,1986,77.689757
MEX,1987,79.339498
MEX,1988,80.970606
MEX,1989,82.579032
MEX,1990,84.169571
MEX,1991,85.748742
MEX,1992,87.312337
MEX,1993,88.850856
MEX,1994,90.362709
MEX,1995,91.843905
MEX,1996,93.294783
MEX,1997,94.720541
MEX,1998,96.11696
MEX,1999,97.482584
MEX,2000,98.785275
MEX,2001,100.105299
MEX,2002,101.493987
MEX,2003,102.890474
MEX,2004,104.272444
MEX,2005,105.669369
MEX,2006,107.155391
MEX,2007,108.744845
MEX,2008,110.405454
MEX,2009,112.095388
MEX,2010,113.748671
MEX,2011,115.367452
MEX,2012,116.93567
MEX,2013,118.453929
MEX,2014,119.936411
MEX,2015,121.3478
MEX,2016,122.715165
MEX,2017,124.041731
MEX,2018,125.327797
MEX,2019,126.577691
MEX,2020,127.792286
MEX,2021,128.972439
MEX,2022,130.118356
NLD,1950,10.113528
NLD,1951,10.264309
NLD,1952,10.38198
NLD,1953,10.493184
NLD,1954,10.615385
NLD,1955,10.75084
NLD,1956,10.889358
NLD,1957,11.026384
NLD,1958,11.186878
NLD,1959,11.347635
NLD,1960,11.48663
NLD,1961,11.638709
NLD,1962,11.80569
NLD,1963,11.965967
NLD,1964,12.127116
NLD,1965,12.294732
NLD,1966,12.456254
NLD,1967,12.598202
NLD,1968,12.729717
NLD,1969,12.877984
NLD,1970,13.038523
NLD,1971,13.194497
NLD,1972,13.328595
NLD,1973,13.439325
NLD,1974,13.545054
NLD,1975,13.666329
NLD,1976,13.774037
NLD,1977,13.856188
NLD,1978,13.941702
NLD,1979,14.03827
NLD,1980,14.149799
NLD,1981,14.247217
NLD,1982,14.312689
NLD,1983,14.367066
NLD,1984,14.424211
NLD,1985,14.491629
NLD,1986,14.57228
NLD,1987,14.665037
NLD,1988,14.760092
NLD,1989,14.848906
NLD,1990,14.95151
NLD,1991,15.069799
NLD,1992,15.184163
NLD,1993,15.290368
NLD,1994,15.382834
NLD,1995,15.459004
NLD,1996,15.5305
NLD,1997,15.61065
NLD,1998,15.707205
NLD,1999,15.812085
NLD,2000,15.925505
NLD,2001,16.046182
NLD,2002,16.148921
NLD,2003,16.225303
NLD,2004,16.281777
NLD,2005,16.319871
NLD,2006,16.346096
NLD,2007,16.381696
NLD,2008,16.44559
NLD,2009,16.530387
NLD,2010,16.61539
NLD,2011,16.693074
NLD,2012,16.754963
NLD,2013,16.80443
NLD,2014,16.865008
NLD,2015,16.939925
NLD,2016,17.030314
NLD,2017,17.131295
NLD,2018,17.231622
NLD,2019,17.344876
NLD,2020,17.4415
NLD,2021,17.533048
NLD,2022,17.703092
NZL,1950,1.909835
NZL,1951,1.949185
NZL,1952,1.99772
NZL,1953,2.04974
NZL,1954,2.09661
NZL,1955,2.14161
NZL,1956,2.187055
NZL,1957,2.236105
NZL,1958,2.28944
NZL,1959,2.33788
NZL,1960,2.38167
NZL,1961,2.43238
NZL,1962,2.48853
NZL,1963,2.541415
NZL,1964,2.591965
NZL,1965,2.6404
NZL,1966,2.68758
NZL,1967,2.728115
NZL,1968,2.758885
NZL,1969,2.788435
NZL,1970,2.82802
NZL,1971,2.875305
NZL,1972,2.929135
NZL,1973,2.992335
NZL,1974,3.058435
NZL,1975,3.117765
NZL,1976,3.153535
NZL,1977,3.16483
NZL,1978,3.165705
NZL,1979,3.16462
NZL,1980,3.170245
NZL,1981,3.18546
NZL,1982,3.210645
NZL,1983,3.24577
NZL,1984,3.27885
NZL,1985,3.29805
NZL,1986,3.30831
NZL,1987,3.327785
NZL,1988,3.34368
NZL,1989,3.357535
NZL,1990,3.390085
NZL,1991,3.4951
NZL,1992,3.5317
NZL,1993,3.5722
NZL,1994,3.62
NZL,1995,3.6734
NZL,1996,3.732
NZL,1997,3.7813
NZL,1998,3.815
NZL,1999,3.8351
NZL,2000,3.8577
NZL,2001,3.8805
NZL,2002,3.9485
NZL,2003,4.0272
NZL,2004,4.0875
NZL,2005,4.1339
NZL,2006,4.1846
NZL,2007,4.2238
NZL,2008,4.2598
NZL,2009,4.3026
NZL,2010,4.3507
NZL,2011,4.384
NZL,2012,4.4081
NZL,2013,4.4421
NZL,2014,4.5165
NZL,2015,4.6094
NZL,2016,4.7141
NZL,2017,4.8136
NZL,2018,4.9006
NZL,2019,4.9792
NZL,2020,5.0902
NZL,2021,5.1114
NZL,2022,5.1241
NOR,1950,3.265127
NOR,1951,3.295871
NOR,1952,3.327736
NOR,1953,3.360892
NOR,1954,3.394243
NOR,1955,3.42821
NOR,1956,3.460779
NOR,1957,3.491935
NOR,1958,3.522996
NOR,1959,3.552852
NOR,1960,3.581241
NOR,1961,3.609801
NOR,1962,3.638921
NOR,1963,3.666538
NOR,1964,3.694339
NOR,1965,3.723172
NOR,1966,3.753013
NOR,1967,3.784533
NOR,1968,3.816488
NOR,1969,3.84771
NOR,1970,3.875757
NOR,1971,3.903034
NOR,1972,3.933001
NOR,1973,3.960614
NOR,1974,3.985262
NOR,1975,4.007319
NOR,1976,4.026151
NOR,1977,4.043204
NOR,1978,4.058674
NOR,1979,4.072514
NOR,1980,4.08562
NOR,1981,4.099703
NOR,1982,4.114786
NOR,1983,4.128434
NOR,1984,4.140098
NOR,1985,4.152518
NOR,1986,4.167357
NOR,1987,4.186905
NOR,1988,4.209489
NOR,1989,4.226909
NOR,1990,4.241476
NOR,1991,4.261738
NOR,1992,4.286397
NOR,1993,4.311984
NOR,1994,4.336614
NOR,1995,4.359187
NOR,1996,4.381339
NOR,1997,4.405158
NOR,1998,4.431465
NOR,1999,4.461915
NOR,2000,4.490973
NOR,2001,4.513747
NOR,2002,4.538157
NOR,2003,4.564856
NOR,2004,4.591909
NOR,2005,4.623293
NOR,2006,4.660673
NOR,2007,4.709156
NOR,2008,4.768215
NOR,2009,4.828716
NOR,2010,4.889253
NOR,2011,4.953089
NOR,2012,5.018574
NOR,2013,5.080171
NOR,2014,5.137427
NOR,2015,5.189898
NOR,2016,5.236152
NOR,2017,5.276965
NOR,2018,5.311916
NOR,2019,5.347893
NOR,2020,5.379472
NOR,2021,5.40832
NOR,2022,5.457129
POL,1950,24.786239
POL,1951,25.242271
POL,1952,25.704542
POL,1953,26.168164
POL,1954,26.630353
POL,1955,27.099201
POL,1956,27.582028
POL,1957,28.076083
POL,1958,28.583989
POL,1959,29.068121
POL,1960,29.405729
POL,1961,29.9653
POL,1962,30.3239
POL,1963,30.6909
POL,1964,31.1612
POL,1965,31.4959
POL,1966,31.698
POL,1967,31.9439
POL,1968,32.3048
POL,1969,32.5551
POL,1970,32.64227
POL,1971,32.7494
POL,1972,33.068
POL,1973,33.3627
POL,1974,33.691008
POL,1975,34.02213
POL,1976,34.362133
POL,1977,34.697576
POL,1978,35.009862
POL,1979,35.256645
POL,1980,35.578019
POL,1981,35.901961
POL,1982,36.227381
POL,1983,36.571418
POL,1984,36.913515
POL,1985,37.202981
POL,1986,37.455681
POL,1987,37.663756
POL,1988,37.862063
POL,1989,37.962808
POL,1990,38.0305
POL,1991,38.1085
POL,1992,38.1735
POL,1993,38.221
POL,1994,38.252
POL,1995,38.2745
POL,1996,38.289
POL,1997,38.292
POL,1998,38.2835
POL,1999,38.27
POL,2000,38.2584775
POL,2001,38.248076
POL,2002,38.232301
POL,2003,38.195177
POL,2004,38.180249
POL,2005,38.161313
POL,2006,38.132277
POL,2007,38.115967
POL,2008,38.115909
POL,2009,38.153389
POL,2010,38.516689
POL,2011,38.52567
POL,2012,38.533789
POL,2013,38.502396
POL,2014,38.483957
POL,2015,38.454576
POL,2016,38.426809
POL,2017,38.422346
POL,2018,38.413139
POL,2019,38.386476
POL,2020,38.354173
POL,2021,38.162224
POL,2022,37.827355
PRT,1950,8.439171
PRT,1951,8.493316
PRT,1952,8.556085
PRT,1953,8.581255
PRT,1954,8.6057
PRT,1955,8.640325
PRT,1956,8.68302
PRT,1957,8.712675
PRT,1958,8.749935
PRT,1959,8.800845
PRT,1960,8.857716
PRT,1961,8.929316
PRT,1962,8.993985
PRT,1963,9.030355
PRT,1964,9.035365
PRT,1965,8.998595
PRT,1966,8.93099
PRT,1967,8.87452
PRT,1968,8.83665
PRT,1969,8.757705
PRT,1970,8.680431
PRT,1971,8.643755
PRT,1972,8.6304305
PRT,1973,8.6331005
PRT,1974,8.7543625
PRT,1975,9.093471
PRT,1976,9.355812
PRT,1977,9.4556725
PRT,1978,9.5582475
PRT,1979,9.6612645
PRT,1980,9.766275
PRT,1981,9.851325
PRT,1982,9.9117705
PRT,1983,9.957865
PRT,1984,9.996232
PRT,1985,10.023613
PRT,1986,10.0327335
PRT,1987,10.0300305
PRT,1988,10.01961
PRT,1989,10.005
PRT,1990,9.983218
PRT,1991,9.960235
PRT,1992,9.9524935
PRT,1993,9.9646745
PRT,1994,9.991525
PRT,1995,10.026176
PRT,1996,10.0639445
PRT,1997,10.108977
PRT,1998,10.160196
PRT,1999,10.217828
PRT,2000,10.289898
PRT,2001,10.3627215
PRT,2002,10.4196305
PRT,2003,10.458821
PRT,2004,10.483861
PRT,2005,10.50333
PRT,2006,10.522288
PRT,2007,10.5429635
PRT,2008,10.5581765
PRT,2009,10.5682465
PRT,2010,10.5731
PRT,2011,10.5745355
PRT,2012,10.5314195
PRT,2013,10.4739905
PRT,2014,10.4196065
PRT,2015,10.3818375
PRT,2016,10.356516
PRT,2017,10.340124
PRT,2018,10.334633
PRT,2019,10.3544455
PRT,2020,10.384846
PRT,2021,10.407707
PRT,2022,10.4442415
SVK,1950,3.463446
SVK,1951,3.508698
SVK,1952,3.558137
SVK,1953,3.598761
SVK,1954,3.661437
SVK,1955,3.726601
SVK,1956,3.787111
SVK,1957,3.844277
SVK,1958,3.899751
SVK,1959,3.946039
SVK,1960,3.99427
SVK,1961,4.191977
SVK,1962,4.238056
SVK,1963,4.282865
SVK,1964,4.327949
SVK,1965,4.373595
SVK,1966,4.413853
SVK,1967,4.45088
SVK,1968,4.483656
SVK,1969,4.518773
SVK,1970,4.528459
SVK,1971,4.559341
SVK,1972,4.59633
SVK,1973,4.640673
SVK,1974,4.691014
SVK,1975,4.739301
SVK,1976,4.789452
SVK,1977,4.840819
SVK,1978,4.891673
SVK,1979,4.940223
SVK,1980,4.984331
SVK,1981,5.017032
SVK,1982,5.05477
SVK,1983,5.091537
SVK,1984,5.127719
SVK,1985,5.161789
SVK,1986,5.192789
SVK,1987,5.223609
SVK,1988,5.25112
SVK,1989,5.276186
SVK,1990,5.297774
SVK,1991,5.283404
SVK,1992,5.306539
SVK,1993,5.324632
SVK,1994,5.347413
SVK,1995,5.363676
SVK,1996,5.373793
SVK,1997,5.383233
SVK,1998,5.390866
SVK,1999,5.395324
SVK,2000,5.400679
SVK,2001,5.37978
SVK,2002,5.378809
SVK,2003,5.37895
SVK,2004,5.382574
SVK,2005,5.387285
SVK,2006,5.391184
SVK,2007,5.397766
SVK,2008,5.406972
SVK,2009,5.418374
SVK,2010,5.431024
SVK,2011,5.398384
SVK,2012,5.407579
SVK,2013,5.4133925
SVK,2014,5.418649
SVK,2015,5.4238005
SVK,2016,5.4307975
SVK,2017,5.4392315
SVK,2018,5.4467705
SVK,2019,5.454147
SVK,2020,5.458827
SVK,2021,5.441991
SVK,2022,5.431752
ESP,1950,28.069695
ESP,1951,28.20708
ESP,1952,28.404771
ESP,1953,28.633541
ESP,1954,28.86238
ESP,1955,29.095373
ESP,1956,29.329776
ESP,1957,29.577443
ESP,1958,29.857438
ESP,1959,30.150512
ESP,1960,30.415589
ESP,1961,30.711863
ESP,1962,31.023366
ESP,1963,31.296651
ESP,1964,31.609195
ESP,1965,31.954292
ESP,1966,32.283194
ESP,1967,32.682947
ESP,1968,33.113135
ESP,1969,33.441054
ESP,1970,33.752818
ESP,1971,34.216274
ESP,1972,34.571714
ESP,1973,34.921497
ESP,1974,35.287558
ESP,1975,35.687714
ESP,1976,36.118035
ESP,1977,36.563834
ESP,1978,36.971471
ESP,1979,37.289006
ESP,1980,37.526911
ESP,1981,37.764458
ESP,1982,37.987108
ESP,1983,38.160263
ESP,1984,38.325244
ESP,1985,38.467025
ESP,1986,38.571941
ESP,1987,38.682322
ESP,1988,38.764307
ESP,1989,38.821377
ESP,1990,38.860827
ESP,1991,38.941622
ESP,1992,39.14794
ESP,1993,39.356082
ESP,1994,39.547353
ESP,1995,39.718895
ESP,1996,39.884246
ESP,1997,40.049974
ESP,1998,40.214066
ESP,1999,40.369667
ESP,2000,40.554387
ESP,2001,40.766049
ESP,2002,41.42352
ESP,2003,42.196231
ESP,2004,42.859172
ESP,2005,43.662613
ESP,2006,44.360521
ESP,2007,45.236004
ESP,2008,45.983169
ESP,2009,46.36755
ESP,2010,46.562483
ESP,2011,46.736257
ESP,2012,46.766403
ESP,2013,46.593236
ESP,2014,46.455123
ESP,2015,46.410149
ESP,2016,46.449874
ESP,2017,46.532869
ESP,2018,46.728814
ESP,2019,47.105358
ESP,2020,47.355685
ESP,2021,47.331302
ESP,2022,47.615034
SWE,1950,7.016496
SWE,1951,7.072824
SWE,1952,7.124675
SWE,1953,7.171458
SWE,1954,7.213487
SWE,1955,7.262384
SWE,1956,7.315622
SWE,1957,7.366998
SWE,1958,7.414468
SWE,1959,7.453705
SWE,1960,7.484655
SWE,1961,7.519998
SWE,1962,7.561582
SWE,1963,7.604326
SWE,1964,7.661351
SWE,1965,7.733852
SWE,1966,7.807795
SWE,1967,7.867942
SWE,1968,7.91198
SWE,1969,7.967732
SWE,1970,8.042706
SWE,1971,8.098145
SWE,1972,8.122154
SWE,1973,8.136779
SWE,1974,8.160562
SWE,1975,8.192567
SWE,1976,8.222309
SWE,1977,8.251653
SWE,1978,8.275775
SWE,1979,8.293728
SWE,1980,8.310477
SWE,1981,8.320482
SWE,1982,8.32526
SWE,1983,8.329025
SWE,1984,8.336595
SWE,1985,8.350378
SWE,1986,8.369824
SWE,1987,8.397797
SWE,1988,8.436483
SWE,1989,8.492959
SWE,1990,8.558834
SWE,1991,8.617376
SWE,1992,8.668065
SWE,1993,8.718558
SWE,1994,8.780741
SWE,1995,8.826944
SWE,1996,8.840999
SWE,1997,8.846059
SWE,1998,8.850975
SWE,1999,8.857879
SWE,2000,8.872112
SWE,2001,8.895963
SWE,2002,8.92496
SWE,2003,8.958232
SWE,2004,8.993534
SWE,2005,9.029567
SWE,2006,9.080506
SWE,2007,9.148093
SWE,2008,9.219639
SWE,2009,9.298512
SWE,2010,9.378131
SWE,2011,9.449216
SWE,2012,9.519379
SWE,2013,9.600374
SWE,2014,9.696105
SWE,2015,9.799183
SWE,2016,9.923086
SWE,2017,10.057695
SWE,2018,10.175215
SWE,2019,10.278888
SWE,2020,10.353444
SWE,2021,10.415812
SWE,2022,10.486941
CHE,1950,4.692704
CHE,1951,4.748057
CHE,1952,4.811514
CHE,1953,4.875565
CHE,1954,4.938609
CHE,1955,5.001962
CHE,1956,5.065497
CHE,1957,5.130046
CHE,1958,5.196395
CHE,1959,5.262793
CHE,1960,5.327872
CHE,1961,5.434294
CHE,1962,5.573815
CHE,1963,5.694247
CHE,1964,5.789228
CHE,1965,5.856472
CHE,1966,5.918002
CHE,1967,5.991785
CHE,1968,6.067714
CHE,1969,6.136387
CHE,1970,6.180882
CHE,1971,6.213405
CHE,1972,6.260956
CHE,1973,6.307348
CHE,1974,6.341406
CHE,1975,6.338632
CHE,1976,6.302505
CHE,1977,6.281175
CHE,1978,6.281737
CHE,1979,6.294364
CHE,1980,6.319409
CHE,1981,6.354073
CHE,1982,6.391309
CHE,1983,6.418774
CHE,1984,6.441865
CHE,1985,6.470366
CHE,1986,6.504125
CHE,1987,6.545107
CHE,1988,6.593387
CHE,1989,6.646912
CHE,1990,6.712273
CHE,1991,6.799979
CHE,1992,6.875364
CHE,1993,6.938265
CHE,1994,6.993795
CHE,1995,7.040687
CHE,1996,7.071851
CHE,1997,7.088906
CHE,1998,7.110002
CHE,1999,7.143991
CHE,2000,7.18425
CHE,2001,7.226647
CHE,2002,7.284754
CHE,2003,7.339002
CHE,2004,7.389626
CHE,2005,7.437116
CHE,2006,7.483935
CHE,2007,7.551117
CHE,2008,7.647676
CHE,2009,7.743832
CHE,2010,7.82491
CHE,2011,7.912396
CHE,2012,7.996861
CHE,2013,8.089346
CHE,2014,8.188646
CHE,2015,8.282398
CHE,2016,8.373334
CHE,2017,8.451834
CHE,2018,8.514327
CHE,2019,8.57528
CHE,2020,8.638169
CHE,2021,8.704542
CHE,2022,8.775757
TUR,1950,20.807
TUR,1951,21.351
TUR,1952,21.952
TUR,1953,22.569
TUR,1954,23.204
TUR,1955,23.857
TUR,1956,24.54
TUR,1957,25.25
TUR,1958,25.981
TUR,1959,26.733
TUR,1960,27.506
TUR,1961,28.227
TUR,1962,28.931
TUR,1963,29.652
TUR,1964,30.391
TUR,1965,31.149
TUR,1966,31.936
TUR,1967,32.75
TUR,1968,33.586
TUR,1969,34.443
TUR,1970,35.321
TUR,1971,36.215
TUR,1972,37.133
TUR,1973,38.073
TUR,1974,39.037
TUR,1975,40.026
TUR,1976,40.916
TUR,1977,41.769
TUR,1978,42.641
TUR,1979,43.531
TUR,1980,44.439
TUR,1981,45.54
TUR,1982,46.688
TUR,1983,47.864
TUR,1984,49.07
TUR,1985,50.307
TUR,1986,51.48
TUR,1987,52.37
TUR,1988,53.268
TUR,1989,54.192
TUR,1990,55.12
TUR,1991,56.055
TUR,1992,56.986
TUR,1993,57.913
TUR,1994,58.837
TUR,1995,59.756
TUR,1996,60.671
TUR,1997,61.582
TUR,1998,62.464
TUR,1999,63.364
TUR,2000,64.268751
TUR,2001,65.1663305
TUR,2002,66.0025055
TUR,2003,66.794551
TUR,2004,67.598736
TUR,2005,68.43538
TUR,2006,69.295253
TUR,2007,70.1581115
TUR,2008,71.051689
TUR,2009,72.039215
TUR,2010,73.142162
TUR,2011,74.223642
TUR,2012,75.175836
TUR,2013,76.147634
TUR,2014,77.181894
TUR,2015,78.218488
TUR,2016,79.277971
TUR,2017,80.312708
TUR,2018,81.407211
TUR,2019,82.579448
TUR,2020,83.384688
TUR,2021,84.147326
TUR,2022,84.979919
GBR,1950,50.373389
GBR,1951,50.282336
GBR,1952,50.443878
GBR,1953,50.610712
GBR,1954,50.784636
GBR,1955,50.968092
GBR,1956,51.208178
GBR,1957,51.45552
GBR,1958,51.680292
GBR,1959,51.98536
GBR,1960,52.448523
GBR,1961,52.708934
GBR,1962,53.341128
GBR,1963,53.6782
GBR,1964,54.0657
GBR,1965,54.4357
GBR,1966,54.6541
GBR,1967,54.9784
GBR,1968,55.2825
GBR,1969,55.534
GBR,1970,55.7107
GBR,1971,55.928013
GBR,1972,56.096677
GBR,1973,56.222893
GBR,1974,56.235642
GBR,1975,56.225718
GBR,1976,56.216121
GBR,1977,56.18991
GBR,1978,56.178025
GBR,1979,56.240053
GBR,1980,56.329673
GBR,1981,56.357464
GBR,1982,56.290711
GBR,1983,56.315677
GBR,1984,56.409327
GBR,1985,56.553955
GBR,1986,56.683835
GBR,1987,56.803958
GBR,1988,56.916448
GBR,1989,57.076451
GBR,1990,57.237493
GBR,1991,57.438658
GBR,1992,57.58453
GBR,1993,57.713889
GBR,1994,57.862145
GBR,1995,58.024799
GBR,1996,58.164374
GBR,1997,58.314249
GBR,1998,58.474943
GBR,1999,58.684427
GBR,2000,58.886065
GBR,2001,59.113016
GBR,2002,59.365677
GBR,2003,59.636662
GBR,2004,59.950364
GBR,2005,60.413276
GBR,2006,60.827067
GBR,2007,61.319075
GBR,2008,61.823772
GBR,2009,62.260486
GBR,2010,62.759456
GBR,2011,63.285145
GBR,2012,63.70503
GBR,2013,64.105654
GBR,2014,64.596752
GBR,2015,65.110034
GBR,2016,65.648054
GBR,2017,66.040229
GBR,2018,66.43555
GBR,2019,66.796807
GBR,2020,67.081234
GBR,2021,67.026292
GBR,2022,67.299048
USA,1950,152.271417
USA,1951,154.877889
USA,1952,157.55274
USA,1953,160.184192
USA,1954,163.025854
USA,1955,165.931202
USA,1956,168.903031
USA,1957,171.98413
USA,1958,174.881904
USA,1959,177.829628
USA,1960,180.671158
USA,1961,183.691481
USA,1962,186.537737
USA,1963,189.241798
USA,1964,191.888791
USA,1965,194.302963
USA,1966,196.560338
USA,1967,198.712056
USA,1968,200.706052
USA,1969,202.676946
USA,1970,205.052174
USA,1971,207.660677
USA,1972,209.896021
USA,1973,211.908788
USA,1974,213.853928
USA,1975,215.973199
USA,1976,218.035164
USA,1977,220.239425
USA,1978,222.584545
USA,1979,225.055487
USA,1980,227.224681
USA,1981,229.465714
USA,1982,231.664458
USA,1983,233.791994
USA,1984,235.824902
USA,1985,237.923795
USA,1986,240.132887
USA,1987,242.288918
USA,1988,244.498982
USA,1989,246.81923
USA,1990,249.622814
USA,1991,252.980941
USA,1992,256.514224
USA,1993,259.918588
USA,1994,263.125821
USA,1995,266.278393
USA,1996,269.394284
USA,1997,272.646925
USA,1998,275.854104
USA,1999,279.040168
USA,2000,282.162411
USA,2001,284.968955
USA,2002,287.625193
USA,2003,290.107933
USA,2004,292.805298
USA,2005,295.516599
USA,2006,298.379912
USA,2007,301.231207
USA,2008,304.093966
USA,2009,306.771529
USA,2010,309.327143
USA,2011,311.583481
USA,2012,313.877662
USA,2013,316.059947
USA,2014,318.386329
USA,2015,320.738994
USA,2016,323.071755
USA,2017,325.122128
USA,2018,326.838199
USA,2019,328.329953
USA,2020,331.511512
USA,2021,332.031554
USA,2022,333.287557
CHL,1950,6.081931
CHL,1951,6.218333
CHL,1952,6.354736
CHL,1953,6.491137
CHL,1954,6.62754
CHL,1955,6.76394
CHL,1956,6.939809
CHL,1957,7.115675
CHL,1958,7.291542
CHL,1959,7.467409
CHL,1960,7.643277
CHL,1961,7.843945
CHL,1962,8.044614
CHL,1963,8.245284
CHL,1964,8.445953
CHL,1965,8.646622
CHL,1966,8.831223
CHL,1967,9.015825
CHL,1968,9.200427
CHL,1969,9.385028
CHL,1970,9.569631
CHL,1971,9.738347
CHL,1972,9.907065
CHL,1973,10.075782
CHL,1974,10.244501
CHL,1975,10.413219
CHL,1976,10.565409
CHL,1977,10.7176
CHL,1978,10.869791
CHL,1979,11.021982
CHL,1980,11.174173
CHL,1981,11.359773
CHL,1982,11.545372
CHL,1983,11.730972
CHL,1984,11.916572
CHL,1985,12.102174
CHL,1986,12.317494
CHL,1987,12.532815
CHL,1988,12.748135
CHL,1989,12.963457
CHL,1990,13.178782
CHL,1991,13.42201
CHL,1992,13.737062
CHL,1993,13.956766
CHL,1994,14.171821
CHL,1995,14.381249
CHL,1996,14.584947
CHL,1997,14.782706
CHL,1998,14.974898
CHL,1999,15.162353
CHL,2000,15.343326
CHL,2001,15.520049
CHL,2002,15.691701
CHL,2003,15.856977
CHL,2004,16.022133
CHL,2005,16.183489
CHL,2006,16.34789
CHL,2007,16.517933
CHL,2008,16.697754
CHL,2009,16.881078
CHL,2010,17.063927
CHL,2011,17.254159
CHL,2012,17.443491
CHL,2013,17.611902
CHL,2014,17.787617
CHL,2015,17.971423
CHL,2016,18.167147
CHL,2017,18.419192
CHL,2018,18.751405
CHL,2019,19.107216
CHL,2020,19.45831
CHL,2021,19.678363
CHL,2022,19.828563
COL,1950,13.570943
COL,1951,13.912947
COL,1952,14.269792
COL,1953,14.641427
COL,1954,15.027963
COL,1955,15.429614
COL,1956,15.846569
COL,1957,16.278927
COL,1958,16.726382
COL,1959,17.188568
COL,1960,17.665037
COL,1961,18.154322
COL,1962,18.654499
COL,1963,19.164082
COL,1964,19.68087
COL,1965,20.201643
COL,1966,20.723588
COL,1967,21.244248
COL,1968,21.76169
COL,1969,22.2742
COL,1970,22.780007
COL,1971,23.277852
COL,1972,23.76713
COL,1973,24.248669
COL,1974,24.724874
COL,1975,25.199544
COL,1976,25.677586
COL,1977,26.163065
COL,1978,26.658672
COL,1979,27.165971
COL,1980,27.684385
COL,1981,28.212667
COL,1982,28.748586
COL,1983,29.289744
COL,1984,29.842691
COL,1985,30.419892
COL,1986,30.980812
COL,1987,31.550132
COL,1988,32.124173
COL,1989,32.697847
COL,1990,33.268154
COL,1991,33.840991
COL,1992,34.425915
COL,1993,35.032308
COL,1994,35.629174
COL,1995,36.22983
COL,1996,36.830574
COL,1997,37.426532
COL,1998,38.012359
COL,1999,38.585016
COL,2000,39.14008
COL,2001,39.674811
COL,2002,40.190679
COL,2003,40.693254
COL,2004,41.188093
COL,2005,41.671878
COL,2006,42.170126
COL,2007,42.65863
COL,2008,43.134017
COL,2009,43.60863
COL,2010,44.086292
COL,2011,44.553416
COL,2012,45.001571
COL,2013,45.434942
COL,2014,45.86601
COL,2015,46.313898
COL,2016,46.830116
COL,2017,47.4192
COL,2018,48.258494
COL,2019,49.395678
COL,2020,50.407647
COL,2021,51.117378
COL,2022,51.682692
EST,1950,1.102076
EST,1951,1.116339
EST,1952,1.130242
EST,1953,1.143305
EST,1954,1.1558
EST,1955,1.168279
EST,1956,1.179949
EST,1957,1.19079
EST,1958,1.199865
EST,1959,1.207084
EST,1960,1.218065
EST,1961,1.233244
EST,1962,1.248161
EST,1963,1.262543
EST,1964,1.277335
EST,1965,1.292005
EST,1966,1.30581
EST,1967,1.319741
EST,1968,1.334226
EST,1969,1.348703
EST,1970,1.360076
EST,1971,1.376955
EST,1972,1.392518
EST,1973,1.405951
EST,1974,1.418169
EST,1975,1.429352
EST,1976,1.439576
EST,1977,1.450211
EST,1978,1.460188
EST,1979,1.468333
EST,1980,1.477219
EST,1981,1.487666
EST,1982,1.498414
EST,1983,1.508745
EST,1984,1.518617
EST,1985,1.528781
EST,1986,1.54019
EST,1987,1.552221
EST,1988,1.5619
EST,1989,1.568131
EST,1990,1.569174
EST,1991,1.561314
EST,1992,1.533091
EST,1993,1.494128
EST,1994,1.462514
EST,1995,1.436634
EST,1996,1.415594
EST,1997,1.399535
EST,1998,1.386156
EST,1999,1.375654
EST,2000,1.396985
EST,2001,1.388115
EST,2002,1.37935
EST,2003,1.37072
EST,2004,1.36255
EST,2005,1.354775
EST,2006,1.34681
EST,2007,1.34068
EST,2008,1.33709
EST,2009,1.334515
EST,2010,1.331475
EST,2011,1.327439
EST,2012,1.322696
EST,2013,1.317997
EST,2014,1.314545
EST,2015,1.314608
EST,2016,1.31579
EST,2017,1.317384
EST,2018,1.321977
EST,2019,1.326855
EST,2020,1.329479
EST,2021,1.330932
EST,2022,1.34884
ISR,1950,1.103
ISR,1951,1.324
ISR,1952,1.4298
ISR,1953,1.4677
ISR,1954,1.5006
ISR,1955,1.5553
ISR,1956,1.6263
ISR,1957,1.7212
ISR,1958,1.7827
ISR,1959,1.8362
ISR,1960,2.1504
ISR,1961,2.2342
ISR,1962,2.3318
ISR,1963,2.4301
ISR,1964,2.5256
ISR,1965,2.5984
ISR,1966,2.6574
ISR,1967,2.708
ISR,1968,2.8067
ISR,1969,2.8791
ISR,1970,2.9582
ISR,1971,3.0456
ISR,1972,3.225
ISR,1973,3.2779
ISR,1974,3.3772
ISR,1975,3.4553
ISR,1976,3.5331
ISR,1977,3.613
ISR,1978,3.6926
ISR,1979,3.7864
ISR,1980,3.8777
ISR,1981,3.9498
ISR,1982,4.0207
ISR,1983,4.1061
ISR,1984,4.1591
ISR,1985,4.233
ISR,1986,4.2988
ISR,1987,4.3689
ISR,1988,4.4417
ISR,1989,4.5182
ISR,1990,4.6602
ISR,1991,4.9491
ISR,1992,5.1235
ISR,1993,5.2614
ISR,1994,5.3993
ISR,1995,5.5449
ISR,1996,5.6851
ISR,1997,5.8289
ISR,1998,5.9707
ISR,1999,6.1253
ISR,2000,6.2892
ISR,2001,6.439037
ISR,2002,6.569957
ISR,2003,6.689748
ISR,2004,6.808969
ISR,2005,6.930128
ISR,2006,7.053707
ISR,2007,7.18016
ISR,2008,7.331353
ISR,2009,7.485565
ISR,2010,7.623561
ISR,2011,7.765832
ISR,2012,7.910525
ISR,2013,8.059456
ISR,2014,8.215668
ISR,2015,8.380149
ISR,2016,8.546009
ISR,2017,8.713268
ISR,2018,8.882764
ISR,2019,9.054026
ISR,2020,9.215113
ISR,2021,9.3714
ISR,2022,9.5286
SVN,1950,1.466881
SVN,1951,1.480245
SVN,1952,1.49355
SVN,1953,1.508428
SVN,1954,1.521485
SVN,1955,1.533998
SVN,1956,1.545591
SVN,1957,1.556521
SVN,1958,1.566979
SVN,1959,1.576204
SVN,1960,1.580145
SVN,1961,1.59545
SVN,1962,1.60498
SVN,1963,1.614414
SVN,1964,1.630553
SVN,1965,1.650413
SVN,1966,1.669606
SVN,1967,1.690939
SVN,1968,1.703708
SVN,1969,1.714022
SVN,1970,1.726513
SVN,1971,1.729941
SVN,1972,1.741343
SVN,1973,1.753296
SVN,1974,1.76604
SVN,1975,1.778454
SVN,1976,1.786977
SVN,1977,1.799384
SVN,1978,1.810997
SVN,1979,1.824001
SVN,1980,1.884477
SVN,1981,1.896133
SVN,1982,1.910335
SVN,1983,1.922322
SVN,1984,1.932154
SVN,1985,1.94164
SVN,1986,1.980718
SVN,1987,1.989462
SVN,1988,1.999988
SVN,1989,1.999404
SVN,1990,1.99809
SVN,1991,2.001768
SVN,1992,1.995832
SVN,1993,1.990623
SVN,1994,1.98885
SVN,1995,1.987505
SVN,1996,1.991169
SVN,1997,1.986848
SVN,1998,1.982603
SVN,1999,1.985557
SVN,2000,1.990272
SVN,2001,1.992035
SVN,2002,1.995718
SVN,2003,1.996773
SVN,2004,1.997004
SVN,2005,2.001114
SVN,2006,2.008516
SVN,2007,2.019406
SVN,2008,2.022629
SVN,2009,2.042335
SVN,2010,2.049261
SVN,2011,2.052496
SVN,2012,2.056262
SVN,2013,2.059114
SVN,2014,2.061623
SVN,2015,2.063077
SVN,2016,2.064241
SVN,2017,2.066161
SVN,2018,2.07005
SVN,2019,2.08931
SVN,2020,2.100126
SVN,2021,2.107007
SVN,2022,2.108732
OECD,1950,710.30005
OECD,1951,717.461427
OECD,1952,727.110715
OECD,1953,736.710298
OECD,1954,746.675439
OECD,1955,757.022351
OECD,1956,767.074071
OECD,1957,777.457957
OECD,1958,788.377668
OECD,1959,799.53574
OECD,1960,809.933006
OECD,1961,821.384702
OECD,1962,833.309014
OECD,1963,844.949514
OECD,1964,856.464193
OECD,1965,867.666744
OECD,1966,877.996987
OECD,1967,888.528251
OECD,1968,898.849758
OECD,1969,909.193537
OECD,1970,919.099638
OECD,1971,930.101481
OECD,1972,941.0582905
OECD,1973,951.4925585
OECD,1974,961.7083895
OECD,1975,971.751673
OECD,1976,981.113761
OECD,1977,990.4513405
OECD,1978,999.8604505
OECD,1979,1009.3389005
OECD,1980,1018.755213
OECD,1981,1028.194025
OECD,1982,1037.2897005
OECD,1983,1046.032169
OECD,1984,1054.464723
OECD,1985,1062.983046
OECD,1986,1071.6008125
OECD,1987,1080.0315615
OECD,1988,1088.656328
OECD,1989,1097.677794
OECD,1990,1107.187515
OECD,1991,1119.008706
OECD,1992,1129.5149585
OECD,1993,1139.3463165
OECD,1994,1148.565794
OECD,1995,1157.564904
OECD,1996,1166.4136255
OECD,1997,1175.226289
OECD,1998,1183.677959
OECD,1999,1192.153433
OECD,2000,1200.9353305
OECD,2001,1209.615142
OECD,2002,1218.409936
OECD,2003,1227.092276
OECD,2004,1235.810451
OECD,2005,1244.748629
OECD,2006,1253.928808
OECD,2007,1263.746034
OECD,2008,1273.8418615
OECD,2009,1283.0477685
OECD,2010,1292.202158
OECD,2011,1298.8689395
OECD,2012,1306.71577343051
OECD,2013,1314.18138414141
OECD,2014,1322.34169743384
OECD,2015,1330.54259381347
OECD,2016,1339.07616595222
OECD,2017,1346.87602009332
OECD,2018,1354.85545345767
OECD,2019,1363.02265264722
OECD,2020,1371.22816721647
OECD,2021,1374.08414297092
OECD,2022,1380.19771417081
LVA,1950,1.922526
LVA,1951,1.944994
LVA,1952,1.967168
LVA,1953,1.988465
LVA,1954,2.010068
LVA,1955,2.032505
LVA,1956,2.054639
LVA,1957,2.077357
LVA,1958,2.101582
LVA,1959,2.127087
LVA,1960,2.154248
LVA,1961,2.182714
LVA,1962,2.210148
LVA,1963,2.23642
LVA,1964,2.262863
LVA,1965,2.287807
LVA,1966,2.310939
LVA,1967,2.333505
LVA,1968,2.355481
LVA,1969,2.376683
LVA,1970,2.359164
LVA,1971,2.376389
LVA,1972,2.395674
LVA,1973,2.415819
LVA,1974,2.437186
LVA,1975,2.45613
LVA,1976,2.470989
LVA,1977,2.485073
LVA,1978,2.497921
LVA,1979,2.505953
LVA,1980,2.511701
LVA,1981,2.519421
LVA,1982,2.53108
LVA,1983,2.546011
LVA,1984,2.562047
LVA,1985,2.578873
LVA,1986,2.599892
LVA,1987,2.626583
LVA,1988,2.653434
LVA,1989,2.666955
LVA,1990,2.663146
LVA,1991,2.650581
LVA,1992,2.614338
LVA,1993,2.563289
LVA,1994,2.520742
LVA,1995,2.485054
LVA,1996,2.457226
LVA,1997,2.432851
LVA,1998,2.410027
LVA,1999,2.390477
LVA,2000,2.367549
LVA,2001,2.337172
LVA,2002,2.310176
LVA,2003,2.287955
LVA,2004,2.263123
LVA,2005,2.238799
LVA,2006,2.218351
LVA,2007,2.200325
LVA,2008,2.177324
LVA,2009,2.141668
LVA,2010,2.097553
LVA,2011,2.05971
LVA,2012,2.034324
LVA,2013,2.012647
LVA,2014,1.993785
LVA,2015,1.977523
LVA,2016,1.959535
LVA,2017,1.942247
LVA,2018,1.92717
LVA,2019,1.913826
LVA,2020,1.900448
LVA,2021,1.884488
LVA,2022,1.879374
CRI,1950,0.868934
CRI,1951,0.89763
CRI,1952,0.929173
CRI,1953,0.962485
CRI,1954,0.997535
CRI,1955,1.035424
CRI,1956,1.075192
CRI,1957,1.117281
CRI,1958,1.15977
CRI,1959,1.204553
CRI,1960,1.251508
CRI,1961,1.301084
CRI,1962,1.352695
CRI,1963,1.403804
CRI,1964,1.455625
CRI,1965,1.507565
CRI,1966,1.559922
CRI,1967,1.612363
CRI,1968,1.664202
CRI,1969,1.715441
CRI,1970,1.763665
CRI,1971,1.812029
CRI,1972,1.860528
CRI,1973,1.909614
CRI,1974,1.959976
CRI,1975,2.009819
CRI,1976,2.06332
CRI,1977,2.11779
CRI,1978,2.177452
CRI,1979,2.23989
CRI,1980,2.304094
CRI,1981,2.37006
CRI,1982,2.437231
CRI,1983,2.505453
CRI,1984,2.573769
CRI,1985,2.646142
CRI,1986,2.726063
CRI,1987,2.804079
CRI,1988,2.878888
CRI,1989,2.955335
CRI,1990,3.029336
CRI,1991,3.101536
CRI,1992,3.170537
CRI,1993,3.239868
CRI,1994,3.334223
CRI,1995,3.428278
CRI,1996,3.520866
CRI,1997,3.611224
CRI,1998,3.699939
CRI,1999,3.786841
CRI,2000,3.872349
CRI,2001,3.953393
CRI,2002,4.022431
CRI,2003,4.086405
CRI,2004,4.151823
CRI,2005,4.215248
CRI,2006,4.278656
CRI,2007,4.34039
CRI,2008,4.40409
CRI,2009,4.469337
CRI,2010,4.533894
CRI,2011,4.592149
CRI,2012,4.65245893050581
CRI,2013,4.71316814141015
CRI,2014,4.77312993384446
CRI,2015,4.8322338134651
CRI,2016,4.89037945221625
CRI,2017,4.94748959332252
CRI,2018,5.00340195767213
CRI,2019,5.05800714721902
CRI,2020,5.11123821646865
CRI,2021,5.16303797091561
CRI,2022,5.21337367080593
LTU,1950,2.564799
LTU,1951,2.589206
LTU,1952,2.615039
LTU,1953,2.64191
LTU,1954,2.669862
LTU,1955,2.699047
LTU,1956,2.72975
LTU,1957,2.762994
LTU,1958,2.799007
LTU,1959,2.836501
LTU,1960,2.875684
LTU,1961,2.915625
LTU,1962,2.952461
LTU,1963,2.986531
LTU,1964,3.02046
LTU,1965,3.05298
LTU,1966,3.08415
LTU,1967,3.1152
LTU,1968,3.146346
LTU,1969,3.177837
LTU,1970,3.139689
LTU,1971,3.179041
LTU,1972,3.213622
LTU,1973,3.244438
LTU,1974,3.273894
LTU,1975,3.301652
LTU,1976,3.328664
LTU,1977,3.355036
LTU,1978,3.379514
LTU,1979,3.397842
LTU,1980,3.413202
LTU,1981,3.432947
LTU,1982,3.457179
LTU,1983,3.485192
LTU,1984,3.514205
LTU,1985,3.544543
LTU,1986,3.578914
LTU,1987,3.616367
LTU,1988,3.655049
LTU,1989,3.684255
LTU,1990,3.697838
LTU,1991,3.704134
LTU,1992,3.700114
LTU,1993,3.682613
LTU,1994,3.657144
LTU,1995,3.629102
LTU,1996,3.601613
LTU,1997,3.575137
LTU,1998,3.549331
LTU,1999,3.524237
LTU,2000,3.499534
LTU,2001,3.470818
LTU,2002,3.443067
LTU,2003,3.415213
LTU,2004,3.377075
LTU,2005,3.322528
LTU,2006,3.269909
LTU,2007,3.231294
LTU,2008,3.198231
LTU,2009,3.162916
LTU,2010,3.097282
LTU,2011,3.028115
LTU,2012,2.987773
LTU,2013,2.957689
LTU,2014,2.932367
LTU,2015,2.90491
LTU,2016,2.868231
LTU,2017,2.828403
LTU,2018,2.801543
LTU,2019,2.794137
LTU,2020,2.794885
LTU,2021,2.80838
LTU,2022,2.833
