Country,Year,Primary Completion Rate (%),Upper Secondary Completion Rate (%),Lower Secondary Completion Rate (%),Primary Enrollment rate (% gross),Secondary Enrollment rate (% gross),Tertiary Enrollment rate (% gross)
AUS,2010,,85.02,99.15,105.61943,,
AUS,1995,,,,101.29127,143.23387,70.68857
AUS,1996,,,,101.58029,148.636,75.64778
AUS,1997,,,,101.18403,152.93597,80.90665
AUS,1998,,,,100.92862,,
AUS,1999,,,,100.65884,,
AUS,2000,,,,100.72193,,
AUS,2001,,,,100.63978,,
AUS,2002,,,,101.54878,,
AUS,2003,,,,101.67431,,
AUS,2004,,,,102.26413,,
AUS,2005,,,,102.73932,,
AUS,2006,,,,103.30405,,
AUS,2007,,,,105.18305,,
AUS,2008,,,,105.14112,,
AUS,2009,,,,105.30213,,
AUS,2011,,,,105.68968,,
AUS,2012,,,,105.98445,,
AUS,2013,,,,105.99385,,
AUS,2014,,,,105.45709,,
AUS,2015,,,,101.59991,157.16766,118.61086
AUS,2016,,,,100.74441,153.0132,120.96571
AUS,2017,,,,100.33898,150.31148,113.14216
AUS,2018,,,,100.16059,132.77289,107.80805
AUS,2019,,,,99.72715,140.64604,115.95204
AUS,2020,,,,99.02161,134.45052,114.18989
AUT,1998,100.91772,,,103.63034,97.74473,52.39628
AUT,1999,100.87488,,,103.78485,98.4441,
AUT,2002,100.2222,,,101.25148,99.02117,
AUT,2004,98.7443,,,100.72132,99.52356,
AUT,2011,96.77202,85.21,99.19,99.7387,98.06147,78.49945
AUT,2012,96.69372,,,100.59906,97.84332,78.93891
AUT,2013,97.60601,91.64,99.23,101.21012,99.19738,79.6554
AUT,2014,98.69185,88.32,98.7,101.62819,99.66308,79.1587
AUT,2015,100.37379,,,101.99748,100.321,80.71942
AUT,2016,99.65672,,,102.26436,100.96302,83.45495
AUT,2017,99.45318,,,103.11315,100.45521,85.05714
AUT,2018,99.813,,,103.31685,99.95784,86.68835
AUT,2019,99.4085,,,103.10493,100.1937,86.47553
AUT,2005,,86.81,98.66,100.83262,100.35335,
AUT,1995,,,,102.36504,106.58471,44.97695
AUT,1996,,,,102.39691,105.65033,47.49055
AUT,1997,,,,102.8261,105.12297,49.56702
AUT,2000,,,,103.67232,98.69606,
AUT,2001,,,,102.94747,98.9575,
AUT,2003,,,,100.46382,99.4792,
AUT,2006,,,,101.55929,100.32996,
AUT,2007,,,,101.67125,99.70887,63.04729
AUT,2008,,,,100.72594,99.42073,65.8869
AUT,2009,,,,100.20248,99.64985,68.11265
AUT,2010,,,,99.78978,98.80721,75.62378
AUT,2020,,,,102.4987,100.3741,87.21139
BEL,2005,,85.19,89.76,100.46234,159.89014,61.08548
BEL,2011,,85.18,88.8,101.9468,156.63316,69.84253
BEL,2013,,81.8,88.1,103.82197,160.91924,72.11549
BEL,2014,,86.18,92.31,103.64806,162.29935,72.9974
BEL,1995,,,,101.79541,146.5033,53.43437
BEL,1996,,,,102.01518,146.36201,55.44696
BEL,1999,,,,103.82362,141.85725,57.12717
BEL,2000,,,,104.83442,144.87628,58.16906
BEL,2001,,,,104.07656,153.80124,58.85634
BEL,2002,,,,103.16723,155.90697,59.38278
BEL,2003,,,,102.36091,158.63028,59.83446
BEL,2004,,,,100.80021,153.40533,61.02287
BEL,2006,,,,100.73419,161.01921,61.65359
BEL,2007,,,,101.53422,159.51427,61.20013
BEL,2008,,,,102.15756,158.74341,62.08624
BEL,2009,,,,102.12756,156.63837,65.26769
BEL,2010,,,,101.92424,156.86153,67.82901
BEL,2012,,,,102.25605,157.79477,71.19202
BEL,2015,,,,103.15581,163.93472,74.55976
BEL,2016,,,,103.31777,161.03316,75.89064
BEL,2017,,,,103.90557,158.54185,79.66173
BEL,2018,,,,103.3507,155.96107,78.90117
BEL,2019,,,,102.61951,156.08061,80.13817
BEL,2020,,,,102.1535,151.57481,80.88875
CAN,1998,94.67921,,,99.82164,105.60397,59.50188
CAN,1999,96.13758,,,100.25747,102.37614,60.25187
CAN,2000,97.81784,,,100.78877,101.92313,59.11446
CAN,2010,,85.7,99.51,98.6416,102.39848,61.65585
CAN,1995,,,,101.81008,105.15247,90.5424
CAN,1996,,,,102.81308,105.47692,89.21377
CAN,2004,,,,98.4768,,
CAN,2005,,,,97.36457,101.39119,
CAN,2006,,,,98.88063,101.72825,
CAN,2007,,,,98.96648,101.90349,63.60006
CAN,2008,,,,98.01331,102.34444,63.7674
CAN,2009,,,,99.0088,102.73444,63.06577
CAN,2011,,,,98.18937,103.34896,63.46732
CAN,2012,,,,99.51828,109.98749,63.98077
CAN,2013,,,,100.34071,109.48599,65.3323
CAN,2014,,,,101.53666,109.3331,65.61291
CAN,2015,,,,102.48508,110.35653,64.78696
CAN,2016,,,,101.02387,112.51428,66.43918
CAN,2017,,,,100.94368,113.76286,68.92251
CAN,2018,,,,101.50109,114.12351,70.11302
CAN,2019,,,,100.98975,114.33327,75.69882
CAN,2020,,,,101.84862,114.86616,79.51692
CAN,2002,,,,,,59.54659
CHL,2011,95.71445,80.71,94.24,103.40725,90.46908,72.27679
CHL,2012,98.82017,,,103.24807,89.50108,75.93107
CHL,2013,98.69904,82.38,94.49,101.45874,99.59392,79.95629
CHL,2014,98.90056,,,100.94146,100.68209,82.84638
CHL,2015,96.97696,84.47,95.05,100.68484,101.78093,85.26672
CHL,2016,95.48255,,,100.97826,101.77753,87.18814
CHL,2017,94.75356,85.75,95.9,101.43016,101.83142,88.46442
CHL,2018,96.2421,,,102.17922,102.36755,90.89631
CHL,2019,98.24702,,,102.37054,103.66516,93.10113
CHL,2000,,65.13,90.29,103.01351,85.52158,35.3763
CHL,2002,,66.62905,92.11625,100.84305,88.94139,40.37825
CHL,2003,,73.47,93.98,99.72118,91.27257,43.46954
CHL,2006,,79.48,94.07,105.41235,93.25523,48.23467
CHL,2009,,80.29,94.43,106.50496,88.97956,60.9115
CHL,1996,,,,100.30411,,29.20949
CHL,1997,,,,78.36396,,30.10981
CHL,1998,,,,103.00903,78.90661,32.00794
CHL,1999,,,,103.76987,81.49079,35.36762
CHL,2004,,,,104.155,92.37826,43.93025
CHL,2005,,,,104.56108,93.49675,49.36884
CHL,2007,,,,106.78148,92.0882,53.95667
CHL,2008,,,,107.54435,91.385,56.73127
CHL,2010,,,,103.75048,90.00819,67.86343
CHL,2020,,,,101.48326,103.64185,91.66935
CHL,1995,,,,,,27.43599
COL,1995,87.99538,,,113.99457,64.54894,16.66974
COL,1996,89.4512,,,118.56033,68.84364,17.91042
COL,1998,95.56419,,,120.84898,73.8698,23.67216
COL,1999,96.71854,,,119.63711,74.12106,23.29743
COL,2000,96.01168,50.06,57.46,119.38394,73.0866,24.492
COL,2001,92.80086,,,116.24857,,25.34747
COL,2002,92.8196,53.43,59.91,117.15305,74.63544,25.43061
COL,2004,100.10397,56.5,64.15,119.58101,79.10735,28.13663
COL,2005,104.17311,57.08034,62.39503,121.52662,82.8622,30.69216
COL,2006,110.58097,,,122.43024,86.28616,32.69948
COL,2007,112.73173,,,123.15247,89.21082,33.74994
COL,2008,113.02171,61.32,70.68,123.64575,90.78519,36.07695
COL,2009,117.86193,61.05,69.53,124.57891,95.26943,37.51899
COL,2010,116.95599,65.16154,72.60894,120.32321,97.54612,39.41332
COL,2011,115.31002,64.86,72.49,117.66947,99.15143,43.03231
COL,2012,109.66822,65.61,72.62,114.96005,95.40426,45.3073
COL,2013,99.79444,67.14,74.0,116.26921,96.1404,48.73311
COL,2014,99.2422,68.1,74.57,114.54442,94.98767,51.41638
COL,2015,100.03305,72.65736,76.10451,115.23189,94.71927,53.28214
COL,2016,101.71125,70.06,76.66,116.2337,95.01463,55.48425
COL,2017,105.9868,71.6,75.99,114.98327,95.73023,56.43403
COL,2018,106.76939,71.95,76.62,114.52666,97.50623,55.32749
COL,2019,106.76573,,,114.00099,100.80631,54.97652
COL,2003,,54.17,61.65,,,
COL,2020,,,,112.67577,101.79576,54.23929
COL,1997,,,,,,21.10671
CRI,1995,80.54984,,,103.87186,50.0523,
CRI,1996,81.92178,,,104.19657,49.48251,
CRI,1999,82.95271,,,112.08812,63.20633,
CRI,2000,88.31564,36.24,44.5,109.10442,62.0568,
CRI,2001,91.27375,37.53,46.96,109.81272,66.85674,
CRI,2002,93.49245,36.09,49.4,109.20161,68.09944,
CRI,2004,94.08341,38.84,51.47,113.81433,79.50946,26.6577
CRI,2005,93.50606,37.89,50.82,111.86185,81.59254,
CRI,2006,90.26893,40.65,52.93,114.12326,88.41922,
CRI,2007,92.70089,39.43,53.35,113.68903,89.83688,
CRI,2008,94.4894,41.15,58.66,115.35181,91.26713,
CRI,2009,97.94899,42.94,59.78,116.95175,98.09202,
CRI,2010,99.32607,47.72,61.49,116.89937,101.07974,
CRI,2011,104.36045,46.41372,64.28467,115.88819,103.8047,45.81894
CRI,2012,102.4104,51.56,63.19,114.66955,107.4917,48.10857
CRI,2013,98.64965,53.13,64.56,112.32019,114.39269,49.00672
CRI,2014,98.42607,54.72,66.57,111.77286,120.12722,52.23117
CRI,2015,99.5866,52.59,68.2,111.29795,122.78658,53.05263
CRI,2016,97.32091,55.46,68.95,111.76114,125.81616,53.6387
CRI,2017,96.77837,57.35,68.2,110.83347,128.92963,56.52795
CRI,2018,98.59437,58.38,73.47,113.29429,132.81693,55.3101
CRI,2019,102.73805,,,116.18229,141.36398,57.67482
CRI,2020,104.59214,,,115.00532,142.01749,
CRI,2003,,38.87,50.29,,,
CRI,1997,,,,104.13839,50.49148,
CRI,1998,,,,104.27978,57.91545,
CZE,1995,104.55553,,,104.58572,93.96192,20.57965
CZE,1996,108.63614,,,104.23766,97.95691,21.50966
CZE,1999,99.46568,,,103.03382,82.96239,25.47488
CZE,2000,99.34734,,,103.33581,88.31745,28.34876
CZE,2001,99.44711,,,103.41559,94.80554,29.97563
CZE,2002,104.01403,,,101.5521,95.50163,34.43736
CZE,2003,99.17994,,,99.02735,96.48942,37.00822
CZE,2004,99.77955,,,98.59606,95.4421,43.73418
CZE,2005,98.93744,89.71,99.51,99.2147,95.67085,48.34936
CZE,2006,93.8982,,,99.9962,96.03756,50.13669
CZE,2007,95.59894,,,103.18527,94.95881,54.18236
CZE,2008,98.50746,,,105.73485,94.14958,58.06951
CZE,2009,103.52328,,,105.97286,93.85027,61.07541
CZE,2010,106.45678,,,103.80442,94.65642,63.94588
CZE,2011,103.75914,92.25,99.37,100.76086,95.79879,65.57001
CZE,2012,100.99044,,,99.36768,96.79181,65.67117
CZE,2013,99.76104,92.68,99.37,98.74181,103.99895,65.08577
CZE,2014,98.16072,94.42,99.33,98.66823,104.69722,65.6241
CZE,2015,96.07079,,,99.51668,105.0893,64.48163
CZE,2016,97.06747,,,100.20888,104.63481,63.74813
CZE,2017,97.84404,,,100.67099,103.49158,64.07869
CZE,2018,98.54006,,,100.50899,102.29793,63.76877
CZE,2019,101.43765,,,100.29667,101.30155,65.58698
CZE,1997,,,,101.78807,87.74717,23.24161
CZE,1998,,,,103.09031,82.15886,23.74192
CZE,2020,,,,99.98916,100.93638,68.06181
DNK,1998,101.62769,,,101.58511,123.47572,52.45497
DNK,1999,101.44978,,,101.33479,125.09521,55.81919
DNK,2000,100.14678,,,101.42744,126.98766,57.21831
DNK,2001,101.35879,,,101.36166,130.96404,59.99788
DNK,2002,105.41577,,,103.32261,126.25839,63.50836
DNK,2004,100.65758,,,100.73233,123.58519,74.395
DNK,2005,100.35957,71.92,100.0,98.73159,124.09972,80.37451
DNK,2006,102.03966,,,99.30144,119.99984,79.01963
DNK,2007,101.75592,,,100.01467,118.75887,78.55219
DNK,2008,100.97058,,,99.61479,117.84123,75.68209
DNK,2009,97.97302,,,99.56537,117.97562,74.28376
DNK,2010,99.11993,,,99.58201,119.49685,73.59667
DNK,2011,99.62967,69.42,99.75,100.78067,122.69902,76.75835
DNK,2012,98.25849,,,101.35656,123.40579,79.10832
DNK,2013,99.27841,77.46,100.0,101.54556,129.33804,80.93104
DNK,2014,98.77498,82.1,99.0,101.29423,129.32817,81.02908
DNK,2015,98.73803,,,101.45644,130.25186,82.12949
DNK,2016,103.88269,,,101.80483,129.11949,81.05675
DNK,2017,103.7764,,,101.26809,129.07748,80.61602
DNK,2018,101.03663,,,100.52391,129.74554,81.18335
DNK,2019,101.89708,,,100.26767,129.88503,81.83976
DNK,1995,,,,100.40299,117.87118,45.44683
DNK,1996,,,,100.64478,120.49135,47.79915
DNK,2020,,,,100.12398,130.86082,82.83929
DNK,2003,,,,,126.40031,67.50428
EST,1995,79.64726,,,91.73921,102.44538,25.44992
EST,1996,90.81676,,,95.49847,92.8376,40.18613
EST,1998,89.43874,,,99.56613,94.37927,47.32125
EST,1999,93.36907,,,101.38303,93.7179,49.61477
EST,2000,95.66775,,,102.96704,93.82781,54.54407
EST,2001,101.40708,,,103.77445,94.95307,58.66144
EST,2002,102.95114,,,102.38053,97.68678,61.53721
EST,2003,106.30589,,,101.18794,97.67468,64.39908
EST,2004,102.32172,,,99.68179,100.0869,66.18384
EST,2005,102.63627,84.87,97.08,98.90731,102.78908,67.9128
EST,2006,94.97764,,,97.70077,103.1119,67.86591
EST,2007,94.75235,,,98.90848,103.24273,67.67473
EST,2008,95.45355,,,101.61071,102.26793,66.44184
EST,2009,98.74659,,,103.06117,102.73762,66.63192
EST,2010,100.63428,,,103.03214,105.28926,68.18451
EST,2011,101.43133,83.1,96.27,101.71394,107.36883,70.36909
EST,2012,103.81794,,,100.95449,107.81157,72.37507
EST,2013,104.32083,81.54,97.34,99.56826,108.16742,73.92123
EST,2014,100.09243,82.74,97.74,98.00723,108.4099,73.30776
EST,2015,98.76664,,,97.14641,111.04143,72.16762
EST,2016,96.44263,,,97.1178,115.01412,71.39045
EST,2017,97.23144,,,97.23017,116.87475,69.04592
EST,2018,96.69463,,,97.66769,116.65174,70.36543
EST,2019,97.43179,,,97.92819,115.60512,74.23199
EST,1997,,,,97.21466,,44.0633
EST,2020,,,,97.59977,114.95308,
FIN,1995,100.48488,,,98.96893,115.37917,67.40026
FIN,1996,101.23879,,,99.04809,115.73713,70.33548
FIN,1997,100.37601,,,99.20027,117.57525,73.39403
FIN,1998,98.01837,,,99.89593,117.4786,79.17264
FIN,1999,95.85336,,,100.39503,120.41423,81.38203
FIN,2000,96.20359,,,101.2672,124.57893,82.32955
FIN,2001,102.1508,,,101.26402,127.12463,84.31597
FIN,2002,100.87145,,,100.39057,128.79507,84.83998
FIN,2003,101.91707,,,99.67439,131.5445,86.94398
FIN,2004,100.18132,,,98.78333,110.73313,89.51747
FIN,2005,100.19322,83.81,100.0,98.41798,111.78969,91.67952
FIN,2006,96.77712,,,98.00863,111.45566,93.15745
FIN,2007,98.18777,,,98.5561,110.11398,93.75906
FIN,2008,98.77861,,,98.97755,108.60678,94.69184
FIN,2009,97.86471,,,99.21357,107.47555,91.29066
FIN,2010,98.62905,,,99.48232,107.58606,93.44781
FIN,2011,98.20484,88.47,100.0,99.75524,108.09777,94.91993
FIN,2012,100.03097,,,100.34098,108.24276,92.87735
FIN,2013,99.63838,87.57,100.0,100.34415,144.28612,90.99419
FIN,2014,98.88854,89.04,100.0,100.62072,146.42757,88.88166
FIN,2015,99.03192,,,100.56079,150.01987,87.67987
FIN,2016,100.88497,,,100.41884,152.16286,86.97852
FIN,2017,101.49832,,,100.15464,153.96358,88.19783
FIN,2018,100.37381,,,100.20511,154.82024,90.26176
FIN,2019,100.97608,,,99.91573,145.31898,92.95501
FIN,2020,,,,100.01313,144.2259,95.04789
FRA,1999,93.82692,,,100.80926,105.76618,51.4899
FRA,2000,92.93037,,,100.42826,105.59022,50.60308
FRA,1995,,,,105.26588,113.96344,50.37703
FRA,1996,,,,106.13069,112.58374,52.36428
FRA,1997,,,,105.12505,111.53984,53.33495
FRA,1998,,,,105.20645,110.55317,53.88354
FRA,2001,,,,100.38221,104.57111,50.44729
FRA,2002,,,,100.2493,103.18634,50.25169
FRA,2003,,,,99.97545,102.7721,52.31698
FRA,2004,,,,99.81118,102.22002,53.45763
FRA,2005,,,,104.63649,106.78168,53.88233
FRA,2006,,,,104.27885,106.92752,53.87542
FRA,2007,,,,103.85978,106.69353,52.94754
FRA,2008,,,,103.62215,106.43284,52.47552
FRA,2009,,,,103.04114,106.23923,52.7731
FRA,2010,,,,102.76151,106.42494,54.88172
FRA,2011,,,,102.6911,106.61064,55.62573
FRA,2012,,,,102.52316,105.81358,57.90901
FRA,2013,,,,102.27644,104.3766,59.84876
FRA,2014,,,,101.28035,103.42583,61.51048
FRA,2015,,,,101.98964,103.39604,62.78593
FRA,2016,,,,102.26043,103.3081,64.72768
FRA,2017,,,,102.41722,103.75608,65.80223
FRA,2018,,,,102.46441,103.77333,67.54352
FRA,2019,,,,102.53948,104.29299,68.3579
FRA,2020,,,,102.81115,104.63168,69.34638
DEU,1995,96.1679,,,101.37612,104.96017,45.32742
DEU,1996,96.69756,,,102.57969,104.50681,46.94253
DEU,1997,98.83876,,,104.05521,104.2955,47.79208
DEU,1999,101.46328,,,105.26504,99.27565,
DEU,2000,104.34692,,,105.31711,99.93066,
DEU,2001,105.79571,,,104.36076,100.50151,
DEU,2002,101.67014,,,102.5475,101.47367,
DEU,2003,100.68124,,,102.09838,101.82067,
DEU,2004,99.47027,,,102.883,102.1402,
DEU,2005,96.87964,89.08,95.56,103.10638,102.27959,
DEU,2006,98.4968,,,104.21326,103.05829,
DEU,2007,103.53698,,,104.78634,102.24229,
DEU,2008,101.97903,,,104.02398,103.30832,
DEU,2009,102.3838,,,103.39642,103.15825,
DEU,2010,102.01535,,,102.99588,103.97484,
DEU,2011,101.56688,84.15,96.2,102.46656,103.76242,
DEU,2012,98.65314,,,101.6142,102.16761,
DEU,2013,98.39869,82.67,93.36,100.83825,100.81089,61.38684
DEU,2014,97.28271,80.07,92.35,100.53864,99.71072,65.50391
DEU,2015,98.9183,,,101.66745,98.82264,67.74687
DEU,2016,97.9372,,,102.67756,98.812,69.58059
DEU,2017,98.80514,,,104.02236,98.40928,70.24665
DEU,2018,100.84332,,,103.89456,97.5935,70.34264
DEU,2019,99.0178,,,102.51618,97.5406,73.52106
DEU,1998,,,,105.47468,99.13724,
DEU,2020,,,,101.09906,97.10998,72.9892
GRC,2004,99.29267,,,98.68874,95.86619,76.22245
GRC,2005,96.45877,85.7,94.86,97.83578,100.81749,85.31207
GRC,2006,99.09316,,,97.67706,100.76952,90.09834
GRC,2007,97.38446,,,96.7938,98.19933,87.39504
GRC,2010,95.3191,,,98.51425,106.31763,103.79628
GRC,2011,93.15334,94.74,98.79,98.29024,103.18358,109.15926
GRC,2012,96.98412,,,99.16412,104.5624,113.7406
GRC,2013,95.35901,92.27,98.6,98.9243,105.76723,116.37682
GRC,2014,95.57611,93.05,99.24,97.87486,102.28946,122.402
GRC,2015,97.35756,,,99.5263,102.2004,
GRC,2016,97.33734,,,99.27773,102.95685,131.54086
GRC,2017,96.76636,,,99.55348,104.49627,136.60257
GRC,2018,97.93238,,,99.36643,104.8779,142.85204
GRC,2019,96.35046,,,99.9662,108.07686,148.53088
GRC,1995,,,,92.44614,89.73269,35.95558
GRC,1996,,,,92.20223,89.69777,39.62036
GRC,1997,,,,92.64603,89.10859,43.48873
GRC,1998,,,,95.13059,88.96726,44.67811
GRC,1999,,,,96.72457,88.35295,46.38552
GRC,2000,,,,97.60522,87.81149,50.78434
GRC,2001,,,,96.32825,92.35897,58.03318
GRC,2002,,,,97.38613,97.81795,64.92796
GRC,2003,,,,97.95395,95.5515,70.00507
GRC,2020,,,,101.10721,105.54731,150.87607
HUN,1997,97.89091,,,100.57114,94.73255,26.23302
HUN,1998,98.44779,,,100.64414,91.32131,30.092
HUN,1999,95.9895,,,100.74745,93.90972,32.50023
HUN,2000,96.41895,,,101.11991,96.13126,35.94101
HUN,2001,98.01668,,,100.20521,98.45055,39.69805
HUN,2002,99.41333,,,99.01557,100.09392,44.55069
HUN,2003,96.1854,,,98.11929,102.21666,52.23563
HUN,2004,94.62101,,,97.50033,95.95344,60.0567
HUN,2005,93.81266,82.13,96.73,98.16444,96.26466,64.99212
HUN,2006,98.76646,,,99.58309,96.09009,67.54416
HUN,2007,95.02565,,,99.00732,96.16716,68.28498
HUN,2008,96.58942,,,100.64125,96.04281,66.48384
HUN,2009,96.79566,,,101.07377,96.24977,64.60789
HUN,2010,97.10366,,,100.85631,97.08149,63.72239
HUN,2011,98.72742,86.47,96.29,100.0155,96.79927,62.59323
HUN,2012,97.53673,,,99.69793,98.06066,61.46318
HUN,2013,97.71342,87.11,97.24,99.98496,104.71535,57.06502
HUN,2014,96.46964,85.69,98.52,101.85692,104.18991,52.01587
HUN,2015,96.95035,,,102.32512,103.03062,48.96214
HUN,2016,98.59476,,,101.87881,102.71395,48.03886
HUN,2017,105.05003,,,100.80547,103.48996,48.50038
HUN,2018,98.84925,,,96.76048,103.92116,50.30653
HUN,2019,95.60597,,,95.49094,103.26101,52.44465
HUN,1995,,,,104.85791,89.10828,22.15632
HUN,1996,,,,102.11482,91.41068,24.5864
HUN,2020,,,,95.93084,103.04851,55.15554
ISL,1998,89.40071,,,99.5843,111.38116,38.74671
ISL,1999,90.49763,,,101.09908,108.07933,40.43773
ISL,2000,99.7825,,,102.99279,106.45706,46.09699
ISL,2001,111.93043,,,102.88729,106.85923,48.32954
ISL,2002,106.06061,,,99.54758,111.95587,54.57972
ISL,2003,109.3578,,,98.28539,116.37618,62.39248
ISL,2004,98.46871,,,96.6649,110.08618,68.21238
ISL,2005,98.52312,62.74,99.32,96.863,111.24725,69.88068
ISL,2006,96.78497,,,97.30983,111.0056,72.1246
ISL,2007,94.98314,,,98.13413,109.502,71.1184
ISL,2008,94.78129,,,99.24107,108.58461,73.74512
ISL,2009,98.98027,,,99.88292,106.51382,74.41502
ISL,2010,98.02003,,,99.30812,107.31435,78.81844
ISL,2011,99.86001,64.03,99.42,98.81152,106.65031,81.47075
ISL,2012,98.16384,,,98.2153,110.00914,81.95589
ISL,2013,102.4735,65.06,99.81,98.11584,118.24479,80.29685
ISL,2014,98.06101,70.22,100.0,98.18361,118.61568,81.43798
ISL,2015,96.57388,,,98.62543,119.07888,75.76606
ISL,2016,99.95251,,,99.53414,117.62901,73.60044
ISL,2017,101.84149,,,100.35144,117.51671,71.84501
ISL,2018,99.20509,,,100.43991,117.97994,73.10325
ISL,2019,100.97604,,,100.96935,115.44496,77.58884
ISL,1995,,,,97.90337,102.76155,35.47581
ISL,1996,,,,98.06363,103.20493,35.86389
ISL,1997,,,,98.55238,,37.86268
ISL,2020,,,,100.99668,114.35843,84.27375
IRL,1995,97.79922,,,100.88363,111.25064,35.97259
IRL,1998,92.45108,,,102.85718,102.08491,42.30303
IRL,1999,96.44924,,,101.97056,104.87687,47.306
IRL,2000,96.64121,,,102.28228,105.12237,49.44981
IRL,2001,94.71307,,,102.02243,105.21723,50.6748
IRL,2002,94.96613,,,102.82123,106.36421,53.5348
IRL,2003,94.87362,,,102.71863,107.853,55.84617
IRL,2004,95.52036,,,102.96355,109.40988,58.92191
IRL,2005,94.95695,83.56,93.25,103.07785,109.7843,58.86932
IRL,2013,97.81538,92.17,93.83,101.95834,,71.69955
IRL,2014,99.83773,94.36,96.62,101.54224,116.7391,73.81323
IRL,2015,98.70778,,,101.18464,116.98987,77.23215
IRL,2016,99.69188,,,101.34149,117.02872,77.55714
IRL,2017,98.28806,,,100.85278,125.30712,77.78062
IRL,2018,97.32834,,,101.03288,154.9083,77.28288
IRL,2019,100.63232,,,100.98086,138.09122,75.17994
IRL,2011,,91.69,94.04,103.37868,115.83373,67.79859
IRL,1996,,,,101.26021,110.57175,37.64003
IRL,1997,,,,79.85748,111.94288,39.438
IRL,2006,,,,102.99924,109.60344,58.44118
IRL,2007,,,,103.30853,111.2345,58.30199
IRL,2008,,,,102.4756,111.29397,54.01747
IRL,2009,,,,102.79597,114.39266,56.50398
IRL,2010,,,,103.23549,118.09691,63.12644
IRL,2012,,,,102.11834,117.75219,68.19725
IRL,2020,,,,101.36881,135.22467,74.68031
ISR,2002,105.72187,,,107.13743,107.2485,57.42335
ISR,2003,105.79345,,,106.67072,106.64894,57.40144
ISR,2004,109.42739,,,106.31781,105.72831,57.13031
ISR,2005,105.379,,,104.7628,105.96184,58.74306
ISR,2006,103.94825,,,103.80447,106.11624,58.33285
ISR,2007,104.74735,,,104.33427,105.49111,61.2148
ISR,2008,101.45564,,,103.69462,104.08235,60.42399
ISR,2009,104.58456,,,104.07375,103.17521,63.14921
ISR,2010,102.82708,,,105.44665,103.23083,65.92614
ISR,2011,102.11888,,,106.20448,102.85822,66.58563
ISR,2012,107.08471,88.09,98.07,106.81415,102.22279,68.57462
ISR,2013,102.85441,,,105.63602,102.69322,67.04384
ISR,2014,103.6382,,,105.18093,103.02335,66.94252
ISR,2015,110.05703,,,105.62396,103.65975,65.48689
ISR,2016,103.57875,,,104.74805,105.23308,64.9002
ISR,2017,105.55797,,,104.90112,105.08456,63.35469
ISR,2018,102.43975,,,104.68843,105.55706,61.47687
ISR,2019,101.97083,,,104.53016,104.9737,60.3252
ISR,1995,,,,104.04672,91.01041,40.32216
ISR,1996,,,,104.60436,90.54559,42.51925
ISR,1999,,,,106.01063,101.42736,48.97868
ISR,2000,,,,107.23255,104.16218,50.01055
ISR,2001,,,,107.26152,105.13476,52.34792
ISR,2020,,,,104.45512,104.93992,61.07303
ISR,1998,,,,,,47.35577
ITA,1995,98.34761,,,98.04313,88.63999,41.47889
ITA,1996,99.06497,,,99.16785,89.54757,42.33779
ITA,1997,95.80626,,,100.06805,90.32009,46.85246
ITA,1999,100.71364,,,104.53933,92.05657,48.55508
ITA,2000,101.74487,,,103.90278,93.05417,49.81127
ITA,2001,104.91228,,,103.48534,96.09916,52.87731
ITA,2002,103.36188,,,102.83338,98.14539,55.55179
ITA,2003,103.70881,,,102.4251,99.12857,58.67722
ITA,2004,102.13256,,,102.06314,99.01793,62.24298
ITA,2005,100.30556,70.7,99.08,102.29095,99.2878,64.43843
ITA,2006,100.41952,,,103.10948,100.05312,66.1078
ITA,2007,102.36107,,,104.11291,100.46998,66.68297
ITA,2008,105.73237,,,104.2742,101.10097,66.3436
ITA,2009,103.60319,,,103.4859,101.41655,66.54997
ITA,2010,104.2058,,,102.99371,102.90382,65.7743
ITA,2011,105.36386,81.07,99.1,102.50435,103.33157,65.56312
ITA,2012,101.41619,,,101.29194,102.03334,64.13355
ITA,2013,100.35933,85.01,98.09,101.89729,102.40899,62.29616
ITA,2014,100.11274,83.27,98.97,101.15142,102.28106,61.70275
ITA,2015,99.80955,,,100.38675,102.25627,60.93946
ITA,2016,97.74971,,,99.42546,101.66235,60.93733
ITA,2017,98.81698,,,101.87936,101.27041,61.933
ITA,2018,97.64672,,,101.24795,101.3531,64.29162
ITA,2019,97.63696,,,100.96934,101.18826,66.0516
ITA,1998,,,,101.44369,90.62778,48.31265
ITA,2020,,,,99.80408,100.91136,69.46528
JPN,1998,99.95569,,,98.03915,99.29642,44.55702
JPN,1999,99.13717,,,97.792,99.15789,46.22626
JPN,1995,,,,99.83135,99.63805,39.11059
JPN,1996,,,,99.47917,99.77099,
JPN,1997,,,,98.55302,,
JPN,2013,,,,100.26113,101.55501,62.11674
JPN,2014,,,,99.5687,101.41521,62.94143
JPN,2015,,,,98.82829,102.16774,63.25098
JPN,2016,,,,98.24278,102.37202,63.58444
JPN,2017,,,,97.71049,102.49451,63.80704
JPN,2018,,,,97.58688,101.95415,64.10384
JPN,2019,,,,97.78883,100.8712,64.61712
LVA,1995,72.87878,,,84.62649,88.86935,22.76615
LVA,1996,73.0153,,,89.53882,87.0785,26.86086
LVA,1997,87.05334,,,94.51179,85.36919,33.2554
LVA,1999,95.4752,,,100.42683,87.32855,50.73215
LVA,2000,99.42995,,,101.69978,90.06597,56.2438
LVA,2001,100.46699,,,103.41183,92.85581,63.49176
LVA,2002,99.56718,,,104.02027,95.29273,67.8093
LVA,2003,101.00831,,,105.01615,96.53779,71.03424
LVA,2004,104.95696,,,105.49058,99.29524,74.60856
LVA,2005,102.00335,78.14,57.21,104.84398,102.68632,75.4192
LVA,2006,102.69388,,,104.26199,103.9654,74.59651
LVA,2007,101.66496,,,104.21336,103.92124,73.0433
LVA,2008,102.37862,,,103.5486,104.89757,72.36354
LVA,2009,101.09027,,,102.9181,99.4204,73.05489
LVA,2010,102.19276,,,102.9586,102.82216,69.05104
LVA,2011,99.76601,77.83,96.49,102.28565,105.56579,67.95347
LVA,2012,98.53287,,,101.04871,106.3448,66.64355
LVA,2013,99.41633,85.58,98.2,100.38627,114.77681,69.0766
LVA,2014,100.35784,83.78,98.77,99.85282,113.70693,70.89794
LVA,2015,100.01095,,,99.39332,112.35665,74.29988
LVA,2016,98.0601,,,99.19855,111.29681,80.60481
LVA,2017,99.31181,,,99.36784,110.72325,88.05743
LVA,2018,98.39914,,,99.61439,109.1557,93.02448
LVA,2019,98.30753,,,99.98344,107.60246,94.86453
LVA,1998,,,,96.51265,86.8296,42.75383
LVA,2020,,,,99.83285,105.95628,94.51083
LTU,1995,93.30351,,,98.89486,84.23988,26.29737
LTU,1996,97.65048,,,100.15539,87.64799,28.48907
LTU,1997,99.32897,,,101.02773,90.69736,32.47757
LTU,1999,101.05226,,,102.84044,94.21491,44.62775
LTU,2000,101.90319,,,103.14423,96.91569,50.89682
LTU,2001,102.72063,,,103.1488,99.62364,57.34761
LTU,2002,102.56753,,,103.10415,102.29171,63.07008
LTU,2003,101.36677,,,102.96309,105.02017,69.63042
LTU,2004,103.25766,,,103.97029,103.00954,74.90138
LTU,2005,102.04354,83.45,98.97,102.84456,104.49724,79.72981
LTU,2006,102.38199,,,102.02875,107.00485,82.45318
LTU,2007,104.21471,,,101.10445,106.92929,82.51583
LTU,2008,98.42683,,,99.49927,106.10878,85.74509
LTU,2009,99.07627,,,99.94983,104.75588,89.25217
LTU,2010,99.36398,,,100.4215,105.06827,86.57257
LTU,2011,99.09666,85.05,98.23,101.25184,106.00816,84.05559
LTU,2012,101.10349,,,101.85441,106.17351,79.75163
LTU,2013,101.388,91.74,98.49,101.75458,108.99441,73.5332
LTU,2014,100.75017,89.04,98.4,101.57557,108.18478,70.40061
LTU,2015,100.73502,,,102.08926,107.67293,69.74054
LTU,2016,101.88998,,,102.8918,107.42977,71.11852
LTU,2017,102.00116,,,103.87475,108.40176,72.41746
LTU,2018,104.2856,,,104.26534,108.23794,73.7303
LTU,2019,104.26027,,,102.99238,108.44551,72.00897
LTU,1998,,,,100.09006,92.61846,38.67401
LTU,2020,,,,102.76457,108.7279,70.7869
LUX,2010,84.28455,,,97.56551,101.29066,18.26521
LUX,2011,84.36893,76.96,90.97,96.55315,101.02246,
LUX,2012,85.84982,,,97.17509,100.36072,19.4322
LUX,2013,82.23399,74.09,90.86,96.83534,102.73632,
LUX,2014,79.67519,69.16,90.46,97.52305,102.70839,
LUX,2015,79.15052,,,98.97225,102.31936,19.77631
LUX,2016,79.07543,,,100.78979,103.66516,19.56393
LUX,2017,80.28714,,,102.28595,103.65505,19.15177
LUX,2018,79.64602,,,103.27634,104.30048,18.59047
LUX,2019,82.21828,,,104.65446,104.69539,18.43
LUX,2005,,73.8,90.32,100.80898,95.36266,
LUX,1995,,,,95.50376,82.87055,7.3809
LUX,1996,,,,95.50662,88.04383,8.09228
LUX,1997,,,,95.11339,90.09167,8.51562
LUX,1998,,,,94.75021,90.65243,8.99352
LUX,1999,,,,99.79086,97.3968,10.05715
LUX,2000,,,,100.14192,97.06419,9.81474
LUX,2001,,,,100.12943,97.23677,10.21577
LUX,2002,,,,100.31602,96.25859,11.85147
LUX,2003,,,,99.41079,96.1103,12.18662
LUX,2004,,,,100.1534,95.46379,
LUX,2006,,,,101.46625,95.90557,10.3312
LUX,2007,,,,101.52278,96.71695,
LUX,2008,,,,100.57301,97.48297,10.60734
LUX,2020,,,,105.65173,107.18217,19.19843
MEX,1995,93.9061,,,109.43838,58.89296,15.44539
MEX,1996,95.01627,,,108.69319,61.08743,16.57881
MEX,1997,95.20601,,,108.58006,63.43072,17.18595
MEX,1999,95.76797,,,108.59282,69.20177,19.28018
MEX,2000,96.64558,32.63,67.16,108.99793,71.76503,20.49101
MEX,2001,97.434,,,109.07219,73.43567,21.26292
MEX,2002,99.04663,38.72,73.5,109.425,76.00561,22.10585
MEX,2003,98.93366,,,109.50614,79.86403,22.88397
MEX,2004,100.29503,40.85,74.64,108.99918,81.42749,23.66081
MEX,2005,100.57364,,,108.60084,82.30408,24.2164
MEX,2006,100.8882,43.66,77.71,108.17477,84.0856,24.79043
MEX,2007,101.96069,,,108.79971,84.90705,25.42106
MEX,2008,101.29036,45.34,79.86,109.42442,86.42753,26.11203
MEX,2009,99.82452,,,110.54528,85.93801,26.58673
MEX,2010,100.23939,48.29,81.42,110.63349,87.06992,27.56347
MEX,2011,100.19753,,,110.54076,88.19018,28.3415
MEX,2012,106.01101,50.9,84.82,110.41345,90.6672,29.47184
MEX,2013,109.42504,,,109.44148,93.32755,30.30004
MEX,2014,110.50884,52.31,86.28,108.00575,97.34338,31.09414
MEX,2015,104.90982,,,106.60611,100.83274,31.81904
MEX,2016,103.96939,52.80169,87.67088,106.27773,102.40406,38.43338
MEX,2017,104.09784,,,105.77001,104.38503,40.22896
MEX,2018,102.25589,58.73,88.56,105.02807,105.10336,41.5228
MEX,2019,102.46554,,,104.65582,104.64724,42.8307
MEX,1998,,,,108.35163,67.05234,18.23563
MEX,2020,,,,103.69205,101.8353,44.80859
NLD,2005,,76.57,96.72,106.73933,118.37361,58.68984
NLD,2011,,75.78,94.97,107.49659,128.17912,75.87855
NLD,2013,,78.47,95.22,,,
NLD,2014,,79.07,94.12,,,
NLD,1995,,,,107.2268,139.69827,47.4652
NLD,1996,,,,107.35431,137.37646,48.11751
NLD,1997,,,,107.68104,130.37103,47.41347
NLD,1998,,,,108.17529,127.20992,47.94746
NLD,1999,,,,108.08065,122.75279,49.80249
NLD,2000,,,,107.98899,122.41854,52.28482
NLD,2001,,,,107.59439,122.84748,54.19206
NLD,2002,,,,107.4584,120.76194,55.19102
NLD,2003,,,,107.49457,120.87753,55.74325
NLD,2004,,,,106.8912,118.17799,56.97796
NLD,2006,,,,107.04435,118.60428,59.65945
NLD,2007,,,,107.72906,119.47656,59.94198
NLD,2008,,,,108.27075,120.44203,60.33618
NLD,2009,,,,108.4438,120.60619,61.16703
NLD,2010,,,,108.27608,122.07911,63.71602
NLD,2012,,,,105.83011,110.11126,76.60667
NLD,2015,,,,102.6976,114.22227,80.56992
NLD,2016,,,,103.28676,113.75705,80.36484
NLD,2017,,,,104.22962,116.40947,84.98045
NLD,2018,,,,105.22103,115.22582,87.09785
NLD,2019,,,,106.09582,115.04066,
NLD,2020,,,,106.3324,115.16924,92.01218
NZL,1995,,,,101.5194,113.44566,58.25991
NZL,1996,,,,100.21506,115.62929,59.26177
NZL,1997,,,,101.45097,114.78357,
NZL,1998,,,,101.8014,112.55697,
NZL,1999,,,,100.5263,111.26162,
NZL,2000,,,,99.54072,110.76227,
NZL,2001,,,,97.79587,111.72712,
NZL,2002,,,,97.38499,116.0867,
NZL,2003,,,,98.43256,118.77449,
NZL,2004,,,,98.53342,116.58678,
NZL,2005,,,,99.71795,120.24765,
NZL,2006,,,,100.18019,118.43106,
NZL,2007,,,,100.60348,119.35342,
NZL,2008,,,,100.97975,117.09836,
NZL,2009,,,,101.06332,124.66021,
NZL,2010,,,,101.11094,119.06472,143.93001
NZL,2011,,,,99.77766,118.50483,132.06964
NZL,2012,,,,98.34792,117.10613,127.811874
NZL,2013,,,,97.944,115.2617,77.26279
NZL,2014,,,,97.6213,115.38464,77.9813
NZL,2015,,,,97.94278,114.74609,80.56338
NZL,2016,,,,98.82145,114.35969,81.77039
NZL,2017,,,,99.97476,114.59004,82.03322
NZL,2018,,,,101.07142,114.63883,82.98303
NZL,2019,,,,101.6777,123.14418,80.30255
NZL,2020,,,,102.29265,120.38187,79.90784
NOR,1998,97.69038,,,100.2591,117.60096,62.80467
NOR,1999,97.63311,,,100.75639,119.27005,66.36249
NOR,2000,97.92279,,,100.85066,116.06364,69.27863
NOR,2001,101.54751,,,100.86467,113.80095,70.22314
NOR,2002,102.71236,,,100.19949,112.37321,73.32669
NOR,2003,103.50533,,,99.98498,113.46353,79.06718
NOR,2004,102.60324,,,99.3522,115.38011,79.22767
NOR,2005,100.05779,95.87,100.0,98.5115,113.75949,78.52335
NOR,2006,97.57623,,,98.59501,113.94465,77.67086
NOR,2007,97.812,,,99.07673,113.58016,75.48997
NOR,2008,99.15969,,,99.26473,112.57491,72.59347
NOR,2009,101.26142,,,99.15568,111.31356,73.17962
NOR,2010,99.36022,,,99.08012,112.60663,73.49386
NOR,2011,97.66902,71.54,100.0,99.40241,112.18761,73.66792
NOR,2012,99.76106,,,99.88345,110.57043,73.57134
NOR,2013,101.04492,73.29,100.0,100.22356,113.18486,76.50003
NOR,2014,98.25799,77.56,99.42,99.82749,112.76671,77.5435
NOR,2015,97.96967,,,99.90493,114.64604,77.95894
NOR,2016,100.85543,,,100.22588,116.22799,80.54654
NOR,2017,101.03502,,,100.26021,116.87442,81.99235
NOR,2018,99.12391,,,100.07763,117.45009,83.01726
NOR,2019,100.50625,,,100.21533,118.62016,83.23069
NOR,1995,,,,98.48692,115.8196,54.14796
NOR,1996,,,,98.55949,115.60389,58.0536
NOR,1997,,,,84.33405,117.42446,61.50027
NOR,2020,,,,99.97871,118.97131,84.44367
POL,1995,95.18719,,,97.61652,93.97708,31.17898
POL,1996,97.98771,,,97.68398,93.91689,35.3491
POL,1997,99.13146,,,99.26991,97.14552,39.88995
POL,1998,97.37574,,,100.08759,97.66658,39.20111
POL,1999,96.57,,,99.083,99.08699,44.96652
POL,2000,95.68996,,,98.55718,100.10214,49.67465
POL,2001,97.52599,,,98.12753,101.62598,54.76167
POL,2002,97.12105,,,97.06549,103.79242,57.85644
POL,2003,97.93739,,,96.00685,105.69502,59.4831
POL,2004,98.0164,,,95.18025,97.55431,61.05694
POL,2005,94.62143,91.43,90.16,94.52988,99.58298,63.59458
POL,2006,93.37823,,,94.56269,98.65075,65.36472
POL,2007,93.11899,,,94.68037,98.08262,67.212
POL,2009,92.85269,,,95.52591,96.24036,72.31267
POL,2010,93.47019,,,96.52896,95.94371,74.75525
POL,2011,93.6315,91.5,97.48,97.48154,95.89886,74.65851
POL,2012,94.65113,,,99.98213,96.21341,73.96146
POL,2013,96.64032,92.33,98.33,100.33445,107.35098,71.8564
POL,2014,96.91202,92.31,97.61,100.14114,106.9047,68.44717
POL,2015,100.0444,,,,107.74312,66.94615
POL,2016,101.75036,,,,108.60433,67.00455
POL,2017,106.2427,,,100.0159,109.93363,67.82744
POL,2018,94.33352,,,96.88519,111.9702,68.6201
POL,2019,95.02264,,,97.17278,111.80084,69.18403
POL,2008,,,,94.79737,97.14995,70.22705
POL,2020,,,,84.13281,115.24439,70.47713
PRT,2018,99.57019,,,106.82673,120.83398,65.66266
PRT,2019,100.12519,,,107.39288,120.62121,67.9307
PRT,2005,,53.38,80.51,118.08152,97.93074,55.43176
PRT,2011,,66.3,89.98,110.76992,106.58557,68.42896
PRT,2013,,64.14,89.67,109.51831,119.45542,66.13674
PRT,2014,,65.12,93.93,108.10259,116.0811,65.50357
PRT,1995,,,,120.98411,102.96168,36.28978
PRT,1996,,,,121.03276,105.97133,38.72824
PRT,1998,,,,122.48754,105.79042,43.62882
PRT,1999,,,,122.14681,103.52392,44.91659
PRT,2000,,,,123.12032,104.74362,47.86975
PRT,2001,,,,122.93484,105.80063,50.6373
PRT,2002,,,,119.0269,107.33437,52.91068
PRT,2003,,,,119.46276,106.48391,54.84885
PRT,2004,,,,118.56912,95.06655,55.65271
PRT,2006,,,,118.0026,98.4939,55.39792
PRT,2007,,,,117.00543,101.96286,57.79474
PRT,2008,,,,115.68991,103.69304,61.6109
PRT,2009,,,,113.17334,105.90389,62.64161
PRT,2010,,,,111.58922,106.75214,65.60205
PRT,2012,,,,109.61748,108.7159,68.51029
PRT,2015,,,,106.96263,118.76918,61.75633
PRT,2016,,,,105.73752,118.02484,63.25565
PRT,2017,,,,106.18313,119.91319,63.93581
PRT,2020,,,,107.73741,119.73589,70.38209
SVK,1995,98.30158,,,99.93383,89.00797,18.55095
SVK,1996,96.78701,,,98.84378,90.97017,20.08966
SVK,1997,95.72351,,,97.96108,91.41161,21.82171
SVK,1998,98.03057,,,101.18277,84.07127,24.22185
SVK,1999,97.54325,,,101.11333,84.57762,25.92357
SVK,2000,96.26742,,,101.49387,85.61715,28.41184
SVK,2001,100.13052,,,101.56137,86.02515,30.06365
SVK,2002,97.50544,,,99.50024,87.9406,32.08026
SVK,2003,98.38575,,,98.50422,90.08665,33.88854
SVK,2004,96.92295,,,97.7449,92.56905,35.98146
SVK,2005,92.67681,96.11,99.67,98.21761,93.27786,40.35344
SVK,2006,93.2233,,,100.58846,92.68424,44.77801
SVK,2007,95.03367,,,103.00017,92.33735,50.18767
SVK,2008,97.41288,,,103.95,91.7409,53.75125
SVK,2009,99.14994,,,102.94312,91.67635,56.04681
SVK,2010,99.06212,,,101.44802,92.26112,57.06673
SVK,2011,96.09583,95.62,99.86,100.30396,92.5989,56.24748
SVK,2012,93.18823,,,100.52924,92.596,56.14001
SVK,2013,94.59078,94.92,100.0,100.58761,90.81761,54.36053
SVK,2014,96.30829,92.05,99.82,99.76804,90.67749,52.68478
SVK,2015,95.96458,,,98.493,90.98054,50.70005
SVK,2016,92.44306,,,97.85217,91.25234,47.79592
SVK,2017,91.90563,,,98.73205,91.06786,46.63439
SVK,2018,92.17269,,,99.70799,91.36261,45.36723
SVK,2019,95.22948,,,100.82279,90.80721,46.42902
SVK,2020,,,,102.10585,90.59732,47.62359
SVN,1995,93.84974,,,96.51746,89.98239,30.39881
SVN,1996,93.50417,,,97.70581,90.10968,33.52625
SVN,1997,94.98872,,,98.79487,91.7872,36.76768
SVN,1998,99.27718,,,99.01412,92.69851,45.8693
SVN,1999,99.40905,,,98.28314,99.38122,52.43987
SVN,2000,96.37517,,,97.31965,100.95146,55.21221
SVN,2001,96.57309,,,101.1889,106.61521,60.44275
SVN,2002,96.7696,,,105.2309,107.53721,66.28983
SVN,2003,101.90087,,,110.76275,109.05578,68.98807
SVN,2008,97.00967,,,98.6131,98.79871,85.51545
SVN,2009,96.05603,,,99.13549,98.74992,86.44243
SVN,2010,97.21167,,,99.49639,98.94939,89.15319
SVN,2011,96.34836,90.34,99.6,99.85341,98.89345,86.01755
SVN,2012,101.97225,,,100.29448,98.36042,87.01796
SVN,2013,99.29289,91.29,99.35,99.94418,111.06486,85.28806
SVN,2014,100.07333,93.25,100.0,99.71509,110.48546,82.23113
SVN,2015,98.08545,,,99.94983,110.32409,80.26099
SVN,2016,97.90015,,,99.83801,115.93011,77.84908
SVN,2017,95.69825,,,100.39674,115.60043,78.589
SVN,2018,97.39997,,,102.06222,114.48921,77.11312
SVN,2019,98.55384,,,103.01144,113.02622,77.88277
SVN,2005,,88.06,56.17,100.53746,97.18781,79.24755
SVN,2004,,,,98.9928,97.18862,72.36907
SVN,2006,,,,101.84752,96.97823,82.57848
SVN,2007,,,,98.27503,98.65697,84.57386
SVN,2020,,,,103.29754,111.97337,79.92084
KOR,1995,108.43698,,,103.30252,98.69452,48.32634
KOR,1997,97.09418,,,101.8404,99.21934,69.23929
KOR,1998,99.08753,,,102.76645,97.10824,66.52222
KOR,1999,103.68831,,,102.56433,96.30732,72.34547
KOR,2000,103.22698,,,100.62405,95.95925,76.6555
KOR,2001,99.65302,,,99.24331,95.61709,79.56944
KOR,2002,94.81356,,,98.92699,95.80931,82.14563
KOR,2003,100.86785,,,99.91718,96.49393,84.3598
KOR,2004,99.67647,,,100.25999,97.1923,87.48885
KOR,2005,97.84371,,,101.10885,97.0684,91.69358
KOR,2006,99.13932,,,101.73847,95.8076,97.05218
KOR,2007,101.09234,,,102.92038,95.24726,101.92818
KOR,2008,100.1077,,,102.88288,95.04555,104.09288
KOR,2009,101.62335,,,102.00398,95.97579,104.2781
KOR,2010,101.15867,,,101.71987,96.36496,102.79102
KOR,2011,102.97808,,,101.71196,96.89766,100.74714
KOR,2012,109.69977,,,100.33031,97.80176,97.42759
KOR,2013,103.1859,,,98.06349,99.36505,95.60864
KOR,2014,96.15532,,,98.30577,99.86733,94.85205
KOR,2015,101.4108,,,98.78454,100.0078,94.33984
KOR,2016,98.01557,,,97.71842,100.48505,94.03362
KOR,2017,91.35512,,,98.0886,100.33825,94.34969
KOR,2018,95.37677,,,99.60978,98.50636,95.86415
KOR,2019,105.23973,,,100.98945,95.86535,98.44619
KOR,1996,,,,102.90024,100.81208,53.73017
KOR,2020,,,,99.19842,96.03928,102.46736
ESP,2004,102.30026,,,103.64733,113.83044,66.09032
ESP,2006,96.65484,,,103.72332,117.33755,68.53449
ESP,2007,97.13748,,,104.15159,116.35605,68.75185
ESP,2008,97.29009,,,104.6608,115.52629,69.74542
ESP,2009,97.47839,,,104.58888,115.02879,71.58433
ESP,2010,96.78925,,,103.97558,119.11595,75.91095
ESP,2011,96.1533,63.89,90.36,104.55565,120.93325,80.03797
ESP,2012,99.32011,,,105.24018,122.83753,82.27033
ESP,2013,99.21613,66.55,90.61,108.19378,123.1873,83.72564
ESP,2014,100.1019,67.3,93.3,107.15204,123.37487,85.44627
ESP,2015,103.35968,,,106.36399,124.96066,85.61178
ESP,2016,101.20973,,,104.21417,126.19046,86.51608
ESP,2017,100.57255,,,102.71029,126.0045,88.85301
ESP,2018,98.52602,,,101.98935,126.17915,91.11257
ESP,2019,97.44148,,,102.40252,125.94529,92.88235
ESP,2005,,65.94,90.51,103.05699,117.34223,67.15335
ESP,1995,,,,105.08152,114.1104,45.729
ESP,1996,,,,104.77669,117.57322,47.67777
ESP,1997,,,,104.28286,115.18431,50.54775
ESP,1998,,,,104.42103,106.09796,52.83373
ESP,1999,,,,104.54669,107.8069,55.02773
ESP,2000,,,,104.50306,110.266,57.72711
ESP,2001,,,,104.02462,111.7833,59.78373
ESP,2002,,,,103.5991,111.85524,61.58797
ESP,2003,,,,103.42386,112.15225,63.96756
ESP,2020,,,,103.38329,124.83365,95.96487
SWE,1999,100.40517,,,109.90063,156.55138,63.55074
SWE,2000,99.55305,,,109.59968,151.85117,67.0748
SWE,2001,102.26167,,,109.66054,147.63322,70.26627
SWE,2002,102.59241,,,108.50175,143.92955,75.28257
SWE,2003,106.48901,,,107.28479,137.02493,81.41976
SWE,2004,104.08778,,,97.31768,103.29281,83.76122
SWE,2005,100.13361,92.47,99.04,95.80499,104.05971,81.95384
SWE,2006,95.60119,,,95.64809,103.56905,79.3248
SWE,2007,95.09411,,,96.69781,102.3869,74.83711
SWE,2008,94.2909,,,98.71492,101.3035,70.73696
SWE,2009,93.21915,,,99.90296,99.48973,70.74316
SWE,2010,96.71507,,,101.43764,98.12031,73.67311
SWE,2011,101.39794,93.57,99.13,100.42846,96.97975,72.8254
SWE,2012,102.67948,,,101.92393,98.14225,68.81765
SWE,2013,102.46185,93.93,99.63,120.42475,128.55638,63.21716
SWE,2014,101.0253,92.67,99.69,120.85811,132.94212,62.18059
SWE,2015,103.77177,,,122.93745,140.43677,62.28248
SWE,2016,105.22931,,,124.85105,144.90935,63.54802
SWE,2017,105.38628,,,126.57538,152.86069,66.98824
SWE,2018,104.12405,,,128.64354,151.70454,72.46117
SWE,2019,105.08608,,,126.16413,146.24632,77.32911
SWE,1995,,,,104.24093,130.74976,42.39878
SWE,1996,,,,104.38481,135.17647,45.96355
SWE,1997,,,,104.95322,139.16937,49.64133
SWE,1998,,,,110.15198,155.72368,51.96879
SWE,2020,,,,125.66649,145.62184,84.51622
CHE,1996,73.11729,,,98.10584,101.11494,32.39654
CHE,1999,95.60773,,,105.88007,95.8524,36.99367
CHE,2000,96.67293,,,106.68965,95.62875,37.77896
CHE,2001,98.05579,,,105.61872,95.33287,39.77228
CHE,2002,98.28719,,,104.62748,93.70814,40.94655
CHE,2003,98.4866,,,104.01816,93.78176,44.03967
CHE,2004,99.44709,,,103.3387,94.41706,45.60078
CHE,2005,96.96641,,,102.30718,95.45322,45.80415
CHE,2006,93.92943,,,101.98685,96.02689,46.5378
CHE,2007,93.3588,,,102.10811,95.91104,47.24253
CHE,2008,94.40711,,,102.54068,95.88605,48.83328
CHE,2009,96.10912,,,102.83444,95.60131,50.14809
CHE,2010,96.19563,,,102.84946,96.11023,52.93773
CHE,2011,96.65714,82.49,99.03,103.11392,96.41895,54.48452
CHE,2012,97.41051,,,103.15372,96.48052,55.52047
CHE,2013,96.85575,80.34,97.71,103.60148,98.89136,56.27015
CHE,2014,95.57646,79.2,99.4,103.48743,,57.22972
CHE,2015,95.77347,,,104.1842,101.47371,57.70735
CHE,2016,96.82687,,,104.62911,102.56538,58.04695
CHE,2017,97.15868,,,105.19068,102.48743,59.56299
CHE,2018,96.21008,,,105.47647,102.57068,61.37745
CHE,2019,96.36173,,,105.78728,102.34078,63.30806
CHE,1995,,,,96.06028,101.55832,31.3387
CHE,1998,,,,105.41258,95.87938,35.2897
CHE,2020,,,,106.16044,102.55647,65.33409
TUR,1995,93.95203,,,99.59507,62.29675,20.28063
TUR,2004,98.16688,43.50521,67.96503,103.2874,86.85767,30.98078
TUR,2005,102.61311,,,103.17626,83.93793,33.09504
TUR,2006,98.91187,,,102.62585,87.90325,36.9227
TUR,2007,97.34625,,,102.90472,90.3065,38.80711
TUR,2008,98.66828,56.49,86.56,102.50367,88.51843,40.22744
TUR,2009,98.7296,,,100.12716,80.04035,46.55458
TUR,2010,98.97466,,,101.29898,84.28303,56.37698
TUR,2011,101.24824,,,101.04956,88.3383,61.11636
TUR,2012,99.81992,,,98.6305,85.18469,69.77253
TUR,2014,91.39782,55.87489,92.33849,106.31295,102.87098,86.94416
TUR,2015,92.23309,,,103.0273,102.83774,95.31429
TUR,2017,89.7489,,,93.15498,105.99227,109.54924
TUR,2018,88.52778,,,94.91045,104.47883,113.21707
TUR,2019,90.84677,,,97.05747,104.11508,115.04206
TUR,1997,,,,99.53732,61.95838,23.98666
TUR,1999,,,,103.4232,71.69437,23.86259
TUR,2000,,,,103.40946,73.60044,
TUR,2001,,,,105.70014,83.78104,25.62334
TUR,2002,,,,106.66116,88.29371,26.55532
TUR,2003,,,,103.42783,90.08895,30.20878
TUR,2013,,,,107.15428,100.48372,79.56095
TUR,2016,,,,100.94765,102.74053,103.58207
TUR,2020,,,,96.54223,104.40614,117.11315
TUR,1998,,,,,,23.2543
GBR,2015,102.0105,,,101.92527,124.524,56.45849
GBR,2016,100.88255,,,101.33521,,58.42562
GBR,2017,100.12286,,,101.15456,125.85187,59.99557
GBR,2018,100.59746,,,100.99555,120.78358,61.38289
GBR,2019,101.59469,,,100.49146,118.73629,65.77336
GBR,2005,,91.39,100.0,106.38617,105.42197,58.9661
GBR,2011,,93.29,100.0,104.42571,93.76583,59.14593
GBR,2013,,93.64,100.0,107.112,123.77629,57.03876
GBR,2014,,,100.0,102.25555,126.3899,56.5645
GBR,1998,,,,100.79734,98.94206,55.54418
GBR,1999,,,,100.66856,101.16221,60.11243
GBR,2000,,,,100.35872,101.89601,58.47404
GBR,2001,,,,100.22992,101.78683,59.26847
GBR,2002,,,,99.82263,102.74328,62.56843
GBR,2003,,,,99.99332,102.0994,62.06856
GBR,2004,,,,105.93517,104.68904,59.35145
GBR,2006,,,,105.06858,98.24422,59.03244
GBR,2007,,,,103.2406,97.1942,58.49451
GBR,2008,,,,105.06189,98.33966,56.64391
GBR,2009,,,,104.25979,100.16977,57.90053
GBR,2010,,,,104.55491,102.90468,58.92335
GBR,2012,,,,106.24608,91.55276,59.40212
GBR,2020,,,,99.6552,116.87999,69.48373
GBR,1995,,,,,103.10129,48.25759
GBR,1996,,,,,102.00179,50.08433
GBR,1997,,,,,99.82121,53.28807
USA,2017,98.8322,94.27458,98.86367,101.82144,98.95234,88.16739
USA,2018,100.0927,,,101.25656,99.27558,88.29918
USA,2019,100.48905,,,100.9813,100.06343,87.88871
USA,2010,,90.11853,98.32961,,,
USA,2013,,91.55,98.55,99.45544,96.18649,88.72642
USA,2015,,93.02457,98.75433,100.29991,97.65255,88.88941
USA,2016,,93.70478,98.8131,101.36286,98.76993,88.83505
USA,1995,,,,104.10641,96.67399,79.16598
USA,1996,,,,103.55983,96.5443,78.79651
USA,1998,,,,102.56204,96.46503,71.81548
USA,1999,,,,101.93083,94.39196,72.71023
USA,2005,,,,101.87402,95.05248,80.63483
USA,2014,,,,99.67338,96.92454,88.62687
USA,2020,,,,100.30579,100.50982,87.56766
