Country,Year,Government Expenditure On Education (%)
AFG,1971,1.16036
AFG,1972,1.11718
AFG,1973,1.42788
AFG,1975,1.30332
AFG,1979,1.73981
AFG,1980,1.84093
AFG,1981,1.90917
AFG,1982,1.72998
AFG,2005,2.57
AFG,2006,2.9
AFG,2007,2.85
AFG,2008,3.51
AFG,2009,3.73
AFG,2010,3.47945
AFG,2011,3.46201
AFG,2012,3.32
AFG,2013,3.45446
AFG,2014,3.69522
AFG,2015,3.2558
AFG,2016,3.51198
AFG,2017,3.37331
AFG,2018,3.19979
AFG,2019,3.21378
AFG,2020,2.8608594
ALB,1994,3.44698
ALB,1995,3.81464
ALB,1996,3.08351
ALB,1997,3.37947
ALB,1998,3.53698
ALB,1999,3.59293
ALB,2000,3.43017
ALB,2001,3.4587
ALB,2002,3.1178
ALB,2003,3.13823
ALB,2004,3.22752
ALB,2005,3.28155
ALB,2006,3.19146
ALB,2007,3.27593
ALB,2010,3.413075
ALB,2011,3.08
ALB,2012,2.93
ALB,2013,3.5393
ALB,2014,3.05
ALB,2015,3.43797
ALB,2016,3.96209
ALB,2017,3.61173
ALB,2018,3.1549013
ALB,2019,3.91665
ALB,2020,3.1
DZA,1979,7.18201
DZA,1980,6.59742
DZA,2006,4.62
DZA,2007,4.96
DZA,2008,4.33702
DZA,2009,6.03
DZA,2012,7.637597
DZA,2013,7.2922964
DZA,2014,7.318701
DZA,2015,7.9629674
DZA,2016,7.34436
DZA,2017,6.50538
DZA,2018,5.86635
DZA,2019,6.10036
DZA,2020,7.0423975
ASM,2006,14.71705
AND,1997,3.71328
AND,2002,1.65971
AND,2004,1.54412
AND,2005,1.64497
AND,2006,2.2449
AND,2007,2.10469
AND,2008,2.87393
AND,2009,3.14292
AND,2010,2.97663
AND,2011,2.98706
AND,2013,2.50616
AND,2014,3.07421
AND,2015,3.28035
AND,2016,3.23707
AND,2017,3.21709
AND,2018,3.24672
AND,2019,3.15061
AND,2021,2.88
AGO,1985,4.09022
AGO,1986,5.72269
AGO,1987,5.05851
AGO,1998,2.56712
AGO,2000,2.60753
AGO,2005,2.12011
AGO,2006,2.28146
AGO,2007,2.92
AGO,2008,2.69
AGO,2009,3.21
AGO,2010,3.42132
AGO,2011,3.03
AGO,2012,3.08191
AGO,2013,4.43895
AGO,2014,3.12292
AGO,2015,3.4869
AGO,2016,2.75494
AGO,2017,2.46688
AGO,2018,2.0447
AGO,2019,1.92746
AGO,2020,2.4152
ATG,1999,2.75397
ATG,2002,3.39525
ATG,2009,2.50889
ATG,2012,2.4852476
ATG,2013,2.6064758
ATG,2014,2.701471
ATG,2015,2.840734
ATG,2016,2.4308
ATG,2017,2.44848
ATG,2018,2.64408
ATG,2019,2.83134
ATG,2020,3.45312
ATG,2021,3.83625
,2004,4.67072
,2006,4.00178
,2008,4.22755
,2009,3.59
,2010,3.9811118
,2011,3.41
,2012,3.62872
,2013,3.9769201
,2014,3.8
,2015,3.93085
,2016,4.38
,2017,3.74856
,2018,4.4174848
,2019,2.98847
,2020,3.67
ARG,1970,1.45809
ARG,1972,1.9362
ARG,1973,1.78052
ARG,1974,1.92352
ARG,1975,1.8436
ARG,1976,1.16564
ARG,1977,1.71984
ARG,1978,1.93555
ARG,1979,2.40028
ARG,1980,2.60715
ARG,1982,1.59787
ARG,1983,1.6175
ARG,1984,2.56972
ARG,1985,1.36186
ARG,1986,1.26155
ARG,1987,1.2823
ARG,1989,1.04612
ARG,1990,1.06738
ARG,1996,3.73198
ARG,1998,4.03987
ARG,1999,4.52168
ARG,2000,4.58031
ARG,2001,4.83374
ARG,2002,4.01734
ARG,2003,3.53505
ARG,2004,3.48652
ARG,2005,3.86001
ARG,2006,4.12821
ARG,2007,4.4626
ARG,2008,4.84441
ARG,2009,5.53105
ARG,2010,5.01971
ARG,2011,5.29063
ARG,2012,5.34583
ARG,2013,5.43661
ARG,2014,5.36144
ARG,2015,5.77611
ARG,2016,5.54549
ARG,2017,5.45432
ARG,2018,4.87774
ARG,2019,4.72417
ARG,2020,5.01605
ARM,1996,1.84843
ARM,1999,2.23519
ARM,2000,2.77273
ARM,2001,2.46944
ARM,2002,2.13504
ARM,2003,2.14504
ARM,2004,2.48673
ARM,2005,2.71203
ARM,2006,2.71577
ARM,2007,3.01894
ARM,2008,3.17273
ARM,2009,3.84079
ARM,2010,3.249
ARM,2011,3.14385
ARM,2012,2.77248
ARM,2013,2.65018
ARM,2014,2.24724
ARM,2015,2.80591
ARM,2016,2.75812
ARM,2017,2.70759
ARM,2018,2.25587
ARM,2019,2.56185
ARM,2020,2.70567
ARM,2021,2.77139
ABW,1998,4.76391
ABW,1999,4.39554
ABW,2000,4.71468
ABW,2001,4.73986
ABW,2002,4.92365
ABW,2004,4.40848
ABW,2005,4.68132
ABW,2007,4.81504
ABW,2008,4.99923
ABW,2009,5.92479
ABW,2010,6.92927
ABW,2011,6.11913
ABW,2012,6.54906
ABW,2013,6.44296
ABW,2014,5.85128
ABW,2015,5.88827
ABW,2016,5.49135
AUS,1937,0.7
AUS,1960,1.4
AUS,1978,5.99879
AUS,1979,5.88711
AUS,1980,5.64446
AUS,1982,5.47011
AUS,1983,5.36276
AUS,1985,5.39562
AUS,1986,5.27071
AUS,1987,5.06072
AUS,1988,4.90948
AUS,1989,4.74096
AUS,1990,4.66854
AUS,1991,4.78633
AUS,1992,4.68388
AUS,1993,5.50633
AUS,1994,5.24495
AUS,1995,5.13413
AUS,1996,5.231
AUS,2000,4.88731
AUS,2005,4.89852
AUS,2006,4.74065
AUS,2007,4.65622
AUS,2008,4.63278
AUS,2009,5.08452
AUS,2010,5.54304
AUS,2011,5.06995
AUS,2012,4.86788
AUS,2013,5.22924
AUS,2014,5.16469
AUS,2015,5.31584
AUS,2016,5.28623
AUS,2017,5.13681
AUS,2018,5.12345
AUS,2019,5.13531
AUS,2020,6.1
AUT,1937,2.5
AUT,1960,2.9
AUT,1970,4.14716
AUT,1971,4.28235
AUT,1972,4.45015
AUT,1973,4.51547
AUT,1974,4.65594
AUT,1975,5.12796
AUT,1976,5.23766
AUT,1977,4.95401
AUT,1978,5.15979
AUT,1979,5.03816
AUT,1980,5.00897
AUT,1981,5.36781
AUT,1982,5.36299
AUT,1983,5.30378
AUT,1984,5.29447
AUT,1985,5.29721
AUT,1986,5.49996
AUT,1987,5.37611
AUT,1988,5.19073
AUT,1989,5.01817
AUT,1990,4.95725
AUT,1991,5.10322
AUT,1992,5.29698
AUT,1993,5.252
AUT,1995,5.42835
AUT,1996,5.2599
AUT,1998,6.10374
AUT,1999,6.11234
AUT,2000,5.58881
AUT,2001,5.57548
AUT,2002,5.52213
AUT,2003,5.36183
AUT,2004,5.30243
AUT,2005,5.24937
AUT,2006,5.22652
AUT,2007,5.1469
AUT,2008,5.26396
AUT,2009,5.73025
AUT,2010,5.70048
AUT,2011,5.59227
AUT,2012,5.4804
AUT,2013,5.54711
AUT,2014,5.44762
AUT,2015,5.45658
AUT,2016,5.47962
AUT,2017,5.37159
AUT,2018,5.22452
AUT,2019,5.21291
AUT,2020,5.07
AZE,1992,6.05797
AZE,1995,3.33737
AZE,1996,3.51257
AZE,1998,3.38002
AZE,1999,4.21214
AZE,2000,3.85399
AZE,2001,3.50342
AZE,2002,3.15446
AZE,2003,3.28615
AZE,2004,3.4477
AZE,2005,2.97462
AZE,2006,2.55552
AZE,2007,2.54928
AZE,2008,2.44093
AZE,2009,3.22431
AZE,2010,2.78062
AZE,2011,2.43564
AZE,2012,2.06763
AZE,2013,2.44213
AZE,2014,2.63304
AZE,2015,2.95168
AZE,2016,2.90341
AZE,2017,2.47382
AZE,2018,2.45543
AZE,2019,2.68108
AZE,2020,4.33205
BHS,2000,2.23284
BHS,2005,2.29
BHS,2007,2.73
BHS,2008,2.89
BHS,2009,2.92
BHS,2010,2.78
BHS,2011,2.66
BHS,2012,2.61
BHS,2013,2.72
BHS,2014,2.5
BHS,2015,2.2499
BHS,2016,2.33118
BHS,2017,2.42277
BHS,2018,2.24967
BHS,2019,2.28842
BHS,2020,2.37134
BHS,2021,2.78222
BHR,2005,3.33
BHR,2006,2.87441
BHR,2007,2.575
BHR,2008,2.49678
BHR,2009,3.34
BHR,2010,3.19
BHR,2011,3.03
BHR,2012,2.64531
BHR,2013,2.47689
BHR,2014,2.46746
BHR,2015,2.67454
BHR,2016,2.87
BHR,2017,2.32452
BHR,2018,2.36661
BHR,2019,2.09491
BHR,2020,2.15205
BGD,1979,1.13093
BGD,1980,0.9376
BGD,1981,1.0715
BGD,1982,1.01164
BGD,1983,1.03267
BGD,1984,1.22303
BGD,1985,1.27118
BGD,1986,1.34349
BGD,1987,1.51364
BGD,1990,1.51912
BGD,1991,1.42566
BGD,1992,1.63177
BGD,1993,1.69262
BGD,1997,1.95247
BGD,1999,2.13282
BGD,2000,2.12508
BGD,2001,2.17193
BGD,2002,2.01715
BGD,2003,2.06939
BGD,2004,1.94014
BGD,2006,2.13129
BGD,2007,2.20222
BGD,2008,2.05457
BGD,2009,1.93942
BGD,2011,2.1327
BGD,2012,2.0466707
BGD,2013,1.96616
BGD,2014,2.0987167
BGD,2015,1.8722541
BGD,2016,2.2212
BGD,2017,2.2166195
BGD,2018,1.9479555
BGD,2019,1.9718466
BGD,2020,2.0492175
BGD,2021,2.119385
BRB,1976,5.9448
BRB,1977,6.51716
BRB,1991,6.6387
BRB,1999,4.34124
BRB,2000,4.71586
BRB,2001,6.05537
BRB,2002,5.88062
BRB,2003,6.2457
BRB,2004,6.02428
BRB,2005,5.66965
BRB,2007,5.22039
BRB,2008,4.9226
BRB,2009,5.11618
BRB,2010,6.0544
BRB,2012,5.26274
BRB,2013,5.14899
BRB,2014,6.1435
BRB,2015,5.38292
BRB,2016,4.70732
BRB,2017,4.36638
BRB,2018,5.42886
BRB,2019,3.20399
BRB,2020,3.05817
BRB,2021,6.45362
BLR,1999,6.00001
BLR,2000,6.19662
BLR,2004,5.71226
BLR,2005,5.87103
BLR,2006,6.07696
BLR,2007,5.1521
BLR,2009,4.36894
BLR,2010,5.22004
BLR,2011,4.68479
BLR,2012,4.95964
BLR,2013,5.00942
BLR,2014,4.81831
BLR,2015,4.78752
BLR,2016,4.94655
BLR,2017,4.79499
BLR,2018,5.38111
BLR,2019,4.97948
BLR,2020,4.95245
BLR,2021,4.70553
BEL,1913,1.2
BEL,1960,4.6
BEL,1975,5.76282
BEL,1976,5.73104
BEL,1977,5.98883
BEL,1978,5.43634
BEL,1979,5.38035
BEL,1980,5.31064
BEL,1981,5.43532
BEL,1982,5.31673
BEL,1986,4.85229
BEL,1987,4.57713
BEL,1988,4.30072
BEL,1993,5.37231
BEL,1994,5.41104
BEL,1995,2.98866
BEL,1996,3.04948
BEL,2005,5.79586
BEL,2008,6.33294
BEL,2009,6.4581
BEL,2010,6.44259
BEL,2011,6.43199
BEL,2012,6.255765
BEL,2013,6.63053
BEL,2014,6.59047
BEL,2015,6.45157
BEL,2016,6.46173
BEL,2017,6.42534
BEL,2018,6.38137
BEL,2019,6.33976
BEL,2020,6.71
BLZ,1999,5.44227
BLZ,2000,5.02843
BLZ,2001,5.79693
BLZ,2003,5.24821
BLZ,2004,5.3359
BLZ,2008,5.77263
BLZ,2009,6.17817
BLZ,2010,6.71976
BLZ,2013,6.42537
BLZ,2014,6.61469
BLZ,2015,6.87015
BLZ,2016,7.29365
BLZ,2017,7.45028
BLZ,2018,7.47227
BLZ,2019,7.13839
BLZ,2020,7.52878
BLZ,2021,8.70701
BEN,1998,2.74789
BEN,1999,1.92194
BEN,2000,2.11366
BEN,2001,2.3651
BEN,2002,2.15949
BEN,2003,2.28316
BEN,2004,2.5669
BEN,2005,2.65668
BEN,2006,2.5634
BEN,2007,2.36331
BEN,2008,2.77728
BEN,2009,3.08927
BEN,2010,3.67997
BEN,2011,4.39788
BEN,2012,3.56202
BEN,2013,3.32751
BEN,2014,3.16179
BEN,2015,3.17298
BEN,2016,2.8991
BEN,2017,3.53559
BEN,2018,2.93162
BEN,2019,2.9652
BEN,2020,3.00366
BMU,1973,4.1079
BMU,1975,3.43442
BMU,1985,3.03449
BMU,1990,3.1362
BMU,1991,3.15065
BMU,1992,3.47605
BMU,1998,2.15227
BMU,2003,1.66627
BMU,2004,1.77588
BMU,2005,1.98877
BMU,2009,2.2892
BMU,2010,2.30669
BMU,2014,1.53688
BMU,2015,1.50164
BMU,2016,1.9154439
BMU,2017,1.32496
BMU,2018,1.9359547
BMU,2019,1.9272379
BMU,2020,1.8747712
BMU,2021,1.8971605
BTN,2000,5.78676
BTN,2001,5.91573
BTN,2004,6.60907
BTN,2005,7.28715
BTN,2008,4.91159
BTN,2009,4.74174
BTN,2010,4.12473
BTN,2011,4.76523
BTN,2012,7.773544
BTN,2013,5.72275
BTN,2014,6.0449
BTN,2015,6.2731895
BTN,2016,6.9933324
BTN,2017,7.395398
BTN,2018,6.8010335
BTN,2019,5.6754456
BTN,2020,5.9014177
BTN,2021,7.003524
BOL,2010,7.81
BOL,2011,7.07
BOL,2012,7.9
BOL,2013,7.58
BOL,2014,8.26
BOL,2015,8.94
BOL,2016,8.85
BOL,2017,8.66
BOL,2018,8.9
BOL,2019,7.67269
BOL,2020,9.837455
BWA,1971,4.38724
BWA,1972,3.90639
BWA,1973,3.26279
BWA,1974,3.67424
BWA,1975,5.64943
BWA,1976,6.06396
BWA,1977,5.40031
BWA,1978,5.95214
BWA,1979,6.14173
BWA,1980,5.46932
BWA,1983,5.55227
BWA,1984,5.55166
BWA,1985,5.65072
BWA,1986,5.18593
BWA,1987,6.11773
BWA,1988,6.15111
BWA,1990,5.73963
BWA,1992,6.84061
BWA,2005,10.67859
BWA,2007,8.85149
BWA,2009,9.63292
BWA,2015,7.80651
BWA,2016,7.97483
BWA,2017,7.29975
BWA,2018,6.72131
BWA,2019,6.91437
BWA,2020,8.74
BRA,1995,4.56816
BRA,1998,4.75666
BRA,1999,3.80062
BRA,2000,3.94893
BRA,2001,3.84468
BRA,2002,3.75037
BRA,2004,3.97448
BRA,2005,4.47908
BRA,2006,4.8706
BRA,2007,4.97426
BRA,2008,5.26884
BRA,2009,5.46355
BRA,2010,5.6488
BRA,2011,5.73741
BRA,2012,5.8551
BRA,2013,5.83885
BRA,2014,5.94848
BRA,2015,6.24106
BRA,2016,6.31404
BRA,2017,6.32048
BRA,2018,6.08851
BRA,2019,5.96347
VGB,1970,10.57367
VGB,1971,8.93536
VGB,1973,7.24023
VGB,2001,2.90477
VGB,2005,3.04633
VGB,2006,3.5148
VGB,2007,3.04367
VGB,2009,3.24165
VGB,2010,3.49771
VGB,2012,3.565696
VGB,2013,4.4693255
VGB,2014,4.0183883
VGB,2015,4.71406
VGB,2016,3.79742
VGB,2017,2.4626
VGB,2018,2.43439
VGB,2019,2.63096
VGB,2020,2.5905
BRN,1970,6.23915
BRN,1971,4.99502
BRN,1972,4.03929
BRN,1973,8.79329
BRN,1974,3.39271
BRN,1975,1.96134
BRN,1976,1.97008
BRN,1978,2.11424
BRN,1979,1.54552
BRN,1980,1.19108
BRN,1981,1.61678
BRN,1982,1.69715
BRN,1987,4.73773
BRN,1988,5.40903
BRN,1989,4.69012
BRN,1990,3.95996
BRN,1991,3.66894
BRN,1992,3.74769
BRN,1993,4.29403
BRN,1998,5.25395
BRN,1999,4.93205
BRN,2000,3.70591
BRN,2010,2.04661
BRN,2011,3.3221
BRN,2012,2.88959
BRN,2014,3.35319
BRN,2016,4.42541
BGR,1980,3.52948
BGR,1990,4.45406
BGR,1991,5.42962
BGR,1992,5.26046
BGR,1993,4.95049
BGR,1994,4.17066
BGR,1995,2.37207
BGR,1996,2.23008
BGR,1998,2.73943
BGR,2001,3.38424
BGR,2002,3.38608
BGR,2003,3.99845
BGR,2004,2.31995
BGR,2005,4.1088
BGR,2006,3.90346
BGR,2007,3.68264
BGR,2008,4.22238
BGR,2009,4.27429
BGR,2010,3.85797
BGR,2011,3.54698
BGR,2012,3.47637
BGR,2013,4.05823
BGR,2014,4.082929
BGR,2015,3.921795
BGR,2016,3.40331
BGR,2017,4.07527
BGR,2018,4.0453
BGR,2019,4.19718
BGR,2020,4.04
BFA,1978,1.67983
BFA,1980,1.9618
BFA,1983,1.75448
BFA,1985,1.76396
BFA,1988,1.42608
BFA,1994,3.4511
BFA,1996,1.44026
BFA,2005,3.94114
BFA,2006,3.98219
BFA,2007,4.07983
BFA,2010,3.50223
BFA,2011,3.98515
BFA,2012,3.60316
BFA,2013,4.08344
BFA,2014,4.0533
BFA,2015,3.67009
BFA,2017,5.62847
BFA,2018,5.48861
BFA,2019,5.69685
BFA,2020,5.51908
BDI,1979,2.80336
BDI,1981,3.34676
BDI,1990,3.35933
BDI,1991,3.49366
BDI,1992,3.80585
BDI,1994,4.56527
BDI,1995,5.01511
BDI,1996,4.08324
BDI,1999,3.41745
BDI,2000,2.64548
BDI,2001,2.90391
BDI,2002,3.00493
BDI,2004,3.74496
BDI,2005,3.63216
BDI,2008,5.1929
BDI,2009,6.17195
BDI,2010,6.77525
BDI,2011,6.31925
BDI,2012,6.16786
BDI,2013,5.99536
BDI,2014,6.78452
BDI,2015,6.37054
BDI,2016,4.692
BDI,2017,4.76202
BDI,2018,5.07865
BDI,2019,5.34668
BDI,2020,5.04098
KHM,1998,1.25907
KHM,2000,1.66681
KHM,2001,1.72222
KHM,2002,1.71121
KHM,2004,1.71982
KHM,2007,1.5993
KHM,2009,1.66568
KHM,2010,1.53379
KHM,2011,1.51069
KHM,2012,1.6183978
KHM,2013,1.6470642
KHM,2014,1.674574
KHM,2015,1.9250356
KHM,2016,2.0642474
KHM,2017,2.3161519
KHM,2018,2.5780594
KHM,2019,2.8966298
KHM,2020,3.1263065
CMR,1971,3.07987
CMR,1972,3.36389
CMR,1982,2.98497
CMR,1983,3.49689
CMR,1984,3.24637
CMR,1986,2.84834
CMR,1987,2.93091
CMR,1988,2.71473
CMR,1989,2.64896
CMR,1990,3.2871
CMR,1991,3.22023
CMR,1992,2.751
CMR,2000,1.70285
CMR,2001,2.29734
CMR,2003,2.82259
CMR,2004,2.7953
CMR,2005,2.65652
CMR,2006,2.53991
CMR,2007,2.87816
CMR,2008,2.49827
CMR,2009,2.9079
CMR,2010,2.84803
CMR,2011,2.65337
CMR,2012,2.60306
CMR,2013,2.65548
CMR,2014,2.58396
CMR,2015,2.65792
CMR,2016,2.56234
CMR,2017,3.05963
CMR,2018,3.03096
CMR,2019,3.08088
CMR,2020,3.16616
CAN,1960,4.6
CAN,1971,7.71019
CAN,1972,7.61541
CAN,1973,7.0375
CAN,1974,6.68963
CAN,1975,6.44295
CAN,1976,6.72099
CAN,1977,6.73353
CAN,1978,7.09767
CAN,1979,6.71475
CAN,1980,6.48467
CAN,1981,6.43061
CAN,1982,6.51914
CAN,1983,6.88043
CAN,1984,6.64404
CAN,1985,6.21287
CAN,1986,6.04419
CAN,1987,6.32446
CAN,1988,6.17615
CAN,1989,6.09832
CAN,1990,5.99199
CAN,1991,6.8843
CAN,1992,6.77094
CAN,1993,7.70426
CAN,1994,6.68002
CAN,1995,6.32445
CAN,1998,5.49377
CAN,1999,5.5308
CAN,2000,5.42332
CAN,2001,4.95303
CAN,2002,4.99308
CAN,2005,4.76588
CAN,2007,4.76641
CAN,2008,4.62612
CAN,2009,4.84058
CAN,2010,5.35637
CAN,2011,5.26205
CAN,2012,4.6925874
CAN,2013,4.58901
CAN,2014,4.84359
CAN,2015,4.73938
CAN,2016,4.81642
CAN,2017,4.95997
CAN,2018,4.88898
CAN,2019,4.77293
CAN,2020,5.17
CPV,1998,6.39177
CPV,1999,6.80168
CPV,2002,7.87682
CPV,2004,7.47664
CPV,2006,6.5296
CPV,2007,5.40755
CPV,2008,5.518
CPV,2009,5.30896
CPV,2010,5.56729
CPV,2011,5.04361
CPV,2012,5.068395
CPV,2013,5.00144
CPV,2014,4.96387
CPV,2015,5.26691
CPV,2016,5.28879
CPV,2017,5.18175
CPV,2018,5.36885
CPV,2019,4.73346
CPV,2020,7.58479
CYM,2018,2.1668067
CYM,2019,2.0645587
CAF,1978,3.17053
CAF,1986,2.20775
CAF,1987,2.54805
CAF,1990,2.2442
CAF,1991,2.27631
CAF,1999,1.69002
CAF,2000,1.61265
CAF,2002,1.51957
CAF,2003,1.5398
CAF,2004,1.62453
CAF,2005,1.65222
CAF,2006,1.41506
CAF,2007,1.31332
CAF,2008,1.29001
CAF,2009,1.25458
CAF,2010,1.11761
CAF,2011,1.10792
CAF,2012,1.98035
CAF,2013,2.63821
CAF,2014,2.22015
CAF,2015,1.91023
CAF,2016,1.75409
CAF,2017,1.75365
CAF,2018,1.56588
CAF,2019,1.76871
CAF,2020,2.1667
,1995,4.642335
,1996,4.33475
,1998,4.94201
,1999,4.579435
,2000,4.8684
,2001,5.079735
,2002,5.17923
,2003,5.05715
,2004,4.83406
,2005,4.81027
,2006,4.68467
,2007,4.59521
,2008,4.8399
,2009,4.94466
,2010,4.72176
,2011,4.56133
,2012,4.71772
,2013,4.50039
,2014,4.48658
,2015,4.80994
,2016,4.6334
,2017,4.07527
,2018,4.24357
,2019,4.29046
,2020,5.135
TCD,1997,2.27335
TCD,1998,1.64903
TCD,1999,3.22786
TCD,2000,2.64671
TCD,2001,2.42614
TCD,2004,1.59295
TCD,2005,1.69477
TCD,2009,2.31174
TCD,2010,1.98194
TCD,2011,2.2579
TCD,2012,2.20615
TCD,2013,2.85071
TCD,2014,2.6
TCD,2015,2.4
TCD,2016,2.3
TCD,2017,2.45482
TCD,2018,2.25948
TCD,2019,2.37246
TCD,2020,2.90851
TCD,2021,2.88813
CHL,1974,3.75121
CHL,1975,3.59473
CHL,1978,3.07045
CHL,1979,3.48237
CHL,1980,4.22
CHL,1981,4.9143
CHL,1987,2.82329
CHL,1990,2.25016
CHL,1993,2.38372
CHL,1994,2.51182
CHL,1995,2.5647
CHL,1996,2.79625
CHL,1997,3.01246
CHL,1998,3.34015
CHL,1999,3.72922
CHL,2000,3.77583
CHL,2002,4.08121
CHL,2003,3.96346
CHL,2004,3.53839
CHL,2005,3.26283
CHL,2006,3.02153
CHL,2007,3.21379
CHL,2008,3.79243
CHL,2009,4.23065
CHL,2010,4.16209
CHL,2011,4.04519
CHL,2012,4.541704
CHL,2013,4.52943
CHL,2014,4.73095
CHL,2015,4.87531
CHL,2016,5.34201
CHL,2017,5.41966
CHL,2018,5.43317
CHL,2019,5.61812
CHN,1971,1.38874
CHN,1972,1.60476
CHN,1973,1.65082
CHN,1974,1.76115
CHN,1975,1.7085
CHN,1976,1.81657
CHN,1977,1.74954
CHN,1978,1.95884
CHN,1979,2.14805
CHN,1980,1.9119
CHN,1981,1.94881
CHN,1982,2.03448
CHN,1983,2.07692
CHN,1984,1.99863
CHN,1985,2.00814
CHN,1986,2.06155
CHN,1987,1.80425
CHN,1988,1.76418
CHN,1992,1.65456
CHN,1993,1.65785
CHN,1994,1.98571
CHN,1995,1.84192
CHN,1996,1.85339
CHN,1998,1.84433
CHN,1999,1.88804
CHN,2005,2.39
CHN,2006,2.44
CHN,2007,2.7
CHN,2008,3.63
CHN,2009,3.75
CHN,2010,3.75
CHN,2011,3.52196
CHN,2012,4.07743
CHN,2013,3.85251
CHN,2014,3.72664
CHN,2015,3.82487
CHN,2016,3.79362
CHN,2017,3.66745
CHN,2018,3.54249
CHN,2019,3.54
CHN,2020,3.57
COL,1979,1.75434
COL,1980,1.72912
COL,1981,2.59724
COL,1984,3.00429
COL,1985,2.71527
COL,1989,2.70525
COL,1998,3.92644
COL,1999,4.4408
COL,2000,3.51121
COL,2001,3.70868
COL,2002,4.26813
COL,2003,4.32514
COL,2004,4.07935
COL,2005,4.02099
COL,2006,3.91672
COL,2007,4.08301
COL,2008,3.93878
COL,2009,4.77652
COL,2010,4.83383
COL,2011,4.46608
COL,2012,4.37039
COL,2013,4.87855
COL,2014,4.62946
COL,2015,4.47039
COL,2016,4.47721
COL,2017,4.53551
COL,2018,4.4491
COL,2019,4.50622
COL,2020,4.9331
COM,1998,2.20136
COM,2002,2.25842
COM,2008,4.42265
COM,2011,2.83045
COM,2012,2.74784
COM,2013,2.38276
COM,2014,2.74473
COM,2015,2.54506
COG,1970,5.7323
COG,1971,5.55095
COG,1973,5.23845
COG,1975,7.74302
COG,1978,8.41331
COG,1979,7.03814
COG,1980,6.35924
COG,1994,6.37312
COG,1995,4.91034
COG,1998,4.06827
COG,2002,3.20832
COG,2003,2.83616
COG,2004,2.28813
COG,2005,1.68102
COG,2010,5.68673
COG,2012,2.73923
COG,2013,5.01388
COG,2014,3.18371
COG,2015,3.28258
COG,2016,5.24
COG,2017,4.45052
COG,2018,2.99548
COG,2019,3.57539
COG,2020,4.44862
CRI,1980,7.34717
CRI,1982,4.88507
CRI,1983,4.95778
CRI,1986,4.42027
CRI,1988,4.01323
CRI,1989,4.07785
CRI,1995,3.35272
CRI,1996,3.89072
CRI,1999,5.39436
CRI,2000,4.66695
CRI,2001,4.83203
CRI,2002,5.15044
CRI,2003,5.13374
CRI,2004,4.89063
CRI,2006,4.61614
CRI,2007,4.63451
CRI,2008,4.88697
CRI,2009,6.0103
CRI,2010,6.56574
CRI,2011,6.37989
CRI,2012,6.5824
CRI,2013,6.6874
CRI,2014,6.67952
CRI,2015,6.8735
CRI,2016,6.89396
CRI,2017,7.06981
CRI,2018,6.76992
CRI,2019,6.79585
CRI,2020,6.71067
CIV,1970,5.86539
CIV,1972,7.53186
CIV,1973,7.04561
CIV,1974,5.69039
CIV,1975,6.78574
CIV,1976,6.46212
CIV,1978,6.75367
CIV,1979,8.23139
CIV,1980,6.85976
CIV,1992,6.78114
CIV,1993,6.50305
CIV,1994,4.78869
CIV,1995,4.30145
CIV,1996,2.72476
CIV,1997,2.61812
CIV,1998,2.43499
CIV,1999,2.68529
CIV,2000,2.40031
CIV,2001,2.44477
CIV,2002,2.81048
CIV,2003,2.86437
CIV,2004,2.91176
CIV,2005,2.91944
CIV,2006,2.82
CIV,2007,3.01614
CIV,2008,3.09853
CIV,2009,3.17394
CIV,2010,3.24651
CIV,2011,2.86576
CIV,2012,3.43447
CIV,2013,3.4586
CIV,2014,3.31417
CIV,2015,3.49416
CIV,2016,3.97232
CIV,2017,3.80348
CIV,2018,3.23994
CIV,2019,3.71638
CIV,2020,3.44302
HRV,2002,3.78327
HRV,2003,3.83135
HRV,2004,3.78584
HRV,2007,3.94087
HRV,2008,4.25213
HRV,2009,4.35809
HRV,2010,4.19864
HRV,2011,4.09655
HRV,2012,4.776778
HRV,2013,4.50039
HRV,2014,4.941884
HRV,2015,4.9315386
HRV,2016,4.7172813
HRV,2017,3.85476
HRV,2018,3.90755
HRV,2019,3.91686
HRV,2020,5.54
CUB,1980,8.36909
CUB,1991,7.14497
CUB,1993,7.07477
CUB,1994,5.61948
CUB,1998,6.20873
CUB,1999,6.75524
CUB,2000,7.70481
CUB,2001,8.35809
CUB,2002,9.57117
CUB,2003,9.94086
CUB,2004,10.26823
CUB,2005,10.55778
CUB,2006,9.05717
CUB,2007,11.86821
CUB,2008,14.05908
CUB,2009,13.12486
CUB,2010,12.83731
CUB,2012,1.15516605e-05
CUB,2013,1.0671696e-05
CUB,2014,9.607469e-06
CUB,2015,8.963338e-06
CUB,2016,9.013133e-06
CUB,2017,8.444104e-06
CUB,2018,8.024987e-06
CUB,2019,9.04697e-06
CUB,2020,1.1524797e-05
CUW,2012,6.0794983
CUW,2013,4.93095
CUW,2015,7.1057367
CUW,2016,6.98528
CUW,2018,6.578791
CUW,2019,6.3969464
CUW,2020,7.4291387
CYP,1975,4.33502
CYP,1976,3.8197
CYP,1977,3.38549
CYP,1978,3.31234
CYP,1979,3.35313
CYP,1980,3.42601
CYP,1981,3.79132
CYP,1982,3.73178
CYP,1984,3.60191
CYP,1985,3.58696
CYP,1986,3.48897
CYP,1987,3.44871
CYP,1988,3.37547
CYP,1989,3.37627
CYP,1990,3.33924
CYP,1991,3.57539
CYP,1992,3.7803
CYP,1993,4.09555
CYP,1994,4.15997
CYP,1995,3.74123
CYP,1999,4.77208
CYP,2000,4.98954
CYP,2001,5.11552
CYP,2002,5.58167
CYP,2003,6.67023
CYP,2004,6.11772
CYP,2005,6.28667
CYP,2006,6.33027
CYP,2007,6.28083
CYP,2008,6.72276
CYP,2009,7.20545
CYP,2010,6.5428
CYP,2011,6.53854
CYP,2012,5.9118547
CYP,2013,6.48378
CYP,2014,6.4405
CYP,2015,6.32613
CYP,2016,6.14541
CYP,2017,5.71853
CYP,2018,5.152854
CYP,2019,5.25064
CYP,2020,6.06
CZE,1992,3.75176
CZE,1993,4.15868
CZE,1994,4.64996
CZE,1995,4.51755
CZE,1996,4.24491
CZE,1998,3.58012
CZE,1999,3.66753
CZE,2000,3.64034
CZE,2001,3.73283
CZE,2002,3.95878
CZE,2003,4.11728
CZE,2004,3.99239
CZE,2005,3.86591
CZE,2006,4.19551
CZE,2007,3.84718
CZE,2008,3.72719
CZE,2009,4.14606
CZE,2010,4.0335
CZE,2011,4.24209
CZE,2012,4.22071
CZE,2013,4.04676
CZE,2014,3.96523
CZE,2015,5.75182
CZE,2016,5.55373
CZE,2017,3.80616
CZE,2018,4.26692
CZE,2019,4.54338
CZE,2020,5.08
COD,1980,2.26731
COD,1981,2.53505
COD,1982,2.79982
COD,1983,1.29945
COD,1984,0.70414
COD,1985,0.8257
COD,1986,0.7225
COD,1987,0.8612
COD,1988,0.81484
COD,2010,1.52498
COD,2013,2.06221
COD,2014,1.95143
COD,2015,2.17044
COD,2016,2.11869
COD,2017,1.45495
COD,2020,2.45
COD,2021,2.7
DNK,1970,5.95553
DNK,1971,6.39356
DNK,1972,6.48131
DNK,1973,6.26611
DNK,1974,6.58151
DNK,1975,6.71313
DNK,1977,5.67212
DNK,1978,5.75347
DNK,1979,5.58649
DNK,1980,5.91093
DNK,1986,5.83825
DNK,1987,6.07808
DNK,1988,6.33533
DNK,1989,5.83814
DNK,1991,5.59676
DNK,1993,7.77282
DNK,1994,7.47106
DNK,1995,7.47104
DNK,1996,7.88494
DNK,1998,8.10675
DNK,1999,7.93116
DNK,2000,8.08434
DNK,2001,8.21545
DNK,2002,8.21303
DNK,2003,8.12193
DNK,2004,8.20763
DNK,2005,8.08557
DNK,2006,7.72991
DNK,2007,7.6156
DNK,2008,7.47605
DNK,2009,8.44888
DNK,2010,8.55955
DNK,2011,8.48486
DNK,2012,7.23782
DNK,2013,8.49443
DNK,2014,7.63485
DNK,2015,7.0104146
DNK,2016,7.47694
DNK,2017,7.75244
DNK,2018,6.79278
DNK,2019,6.88858
DNK,2020,6.38
DJI,1999,7.62948
DJI,2000,9.66
DJI,2001,7.80543
DJI,2002,8.4476
DJI,2003,8.88985
DJI,2004,9.26467
DJI,2005,8.36589
DJI,2006,8.27878
DJI,2007,8.40625
DJI,2010,4.49022
DJI,2012,6.3512754
DJI,2013,4.6478252
DJI,2014,4.384075
DJI,2015,3.59024
DJI,2016,3.92439
DJI,2017,3.74856
DJI,2018,3.62774
DMA,1989,4.28991
DMA,1998,5.73984
DMA,1999,4.02858
DMA,2015,3.40858
DMA,2016,5.12972
DMA,2017,4.76675
DMA,2018,5.57155
DMA,2019,5.57619
DMA,2020,4.6963
DMA,2021,5.465845
DOM,1970,2.64079
DOM,1982,1.53891
DOM,1983,1.46383
DOM,1984,1.33455
DOM,1985,1.21019
DOM,1993,0.77395
DOM,1994,0.89337
DOM,1995,1.0333
DOM,1996,1.22725
DOM,2000,1.88829
DOM,2001,1.96783
DOM,2002,1.91401
DOM,2003,1.84465
DOM,2007,2.04679
DOM,2010,1.90046
DOM,2011,1.90024
DOM,2012,2.49752
DOM,2013,3.48054
DOM,2014,3.96377
DOM,2015,3.81624
DOM,2016,3.8505
DOM,2017,3.92027
DOM,2018,3.92849
DOM,2019,4.04277
DOM,2020,4.6187
,1991,5.10322
,1992,5.132065
,1993,4.95049
,1994,4.667275
,1995,4.690215
,1996,4.75392
,1998,4.54057
,1999,4.579435
,2000,4.8684
,2001,5.079735
,2002,5.17923
,2003,5.085665
,2004,4.961565
,2005,5.07395
,2006,4.8667
,2007,4.6743503
,2008,5.02905
,2009,5.52266
,2010,5.29786
,2011,5.07162
,2012,4.94941
,2013,4.97062
,2014,4.93554
,2015,4.90953
,2016,4.770906
,2017,4.6141
,2018,4.62283
,2019,4.63002
,2020,5.135
,1980,3.01664
,1982,3.90329
,1995,3.040205
,2001,3.471655
,2002,3.86492
,2004,3.65276
,2005,3.25545
,2006,3.559735
,2007,3.27934
,2008,3.5085
,2009,3.86194
,2010,3.51003
,2011,3.56362
,2012,3.622169
,2013,3.7923594
,2014,3.649595
,2015,3.82487
,2016,3.7676175
,2017,3.5663857
,2018,3.434505
,2019,3.4478958
,2020,3.6524053
TLS,2008,8.67057
TLS,2009,12.90346
TLS,2010,11.10761
TLS,2011,10.19473
TLS,2012,7.166745
TLS,2013,5.681403
TLS,2014,7.660112
TLS,2015,6.295633
TLS,2016,6.01924
TLS,2017,5.144509
TLS,2018,4.819879
TLS,2019,4.137038
TLS,2020,4.153062
ECU,1970,2.00283
ECU,1971,1.8794
ECU,1977,2.41884
ECU,1984,4.20342
ECU,1985,5.23335
ECU,1986,6.87238
ECU,1995,1.99764
ECU,1998,2.19537
ECU,1999,1.54734
ECU,2000,1.15093
ECU,2009,4.34242
ECU,2010,4.50743
ECU,2011,4.72689
ECU,2012,4.64307
ECU,2013,5.00464
ECU,2014,5.26099
ECU,2015,4.9987
ECU,2016,4.36275
ECU,2017,4.61426
ECU,2018,4.62146
ECU,2019,4.22566
ECU,2020,4.13413
ECU,2021,3.69138
EGY,1971,4.52992
EGY,1972,4.5379
EGY,1974,5.22667
EGY,1975,4.89243
EGY,1976,4.94343
EGY,1977,4.54958
EGY,1978,4.94112
EGY,1980,4.28032
EGY,1982,5.6083
EGY,1983,5.22149
EGY,1988,4.52522
EGY,1989,4.60006
EGY,1992,4.05067
EGY,1993,4.1977
EGY,1994,4.58376
EGY,1995,4.604
EGY,1996,4.67157
EGY,2003,4.94563
EGY,2004,4.67072
EGY,2005,4.79443
EGY,2006,4.00178
EGY,2007,3.68461
EGY,2008,3.76083
EGY,2010,3.54265
EGY,2011,3.3443
EGY,2012,3.3683
EGY,2013,4.12253
EGY,2014,4.25139
EGY,2015,3.93085
EGY,2016,4.05
EGY,2019,2.61
EGY,2020,2.48
SLV,1975,0.90451
SLV,1998,2.54725
SLV,1999,2.56261
SLV,2000,2.83868
SLV,2002,3.24284
SLV,2003,3.13467
SLV,2005,3.17785
SLV,2006,3.49298
SLV,2007,3.60985
SLV,2008,4.45811
SLV,2009,4.6595
SLV,2010,4.04808
SLV,2011,3.89854
SLV,2012,3.71244
SLV,2013,3.80149
SLV,2014,3.82416
SLV,2015,3.90988
SLV,2016,3.82524
SLV,2017,3.72523
SLV,2018,3.60575
SLV,2019,3.38516
SLV,2020,4.0708284
GNQ,1998,2.18798
ERI,1996,1.63855
ERI,1998,4.62058
ERI,1999,5.26281
ERI,2001,4.04716
ERI,2002,3.5239
ERI,2004,3.14897
ERI,2006,2.127
EST,1995,5.89866
EST,1996,6.05492
EST,1997,6.33788
EST,1998,6.23536
EST,1999,6.65249
EST,2000,5.33946
EST,2001,5.22846
EST,2002,5.43461
EST,2003,5.2731
EST,2004,4.87675
EST,2005,4.81027
EST,2007,4.61991
EST,2008,5.48404
EST,2009,5.96005
EST,2010,5.51779
EST,2011,5.01449
EST,2012,4.71772
EST,2013,4.84388
EST,2014,4.39433
EST,2015,5.14419
EST,2016,5.15764
EST,2017,4.96132
EST,2018,5.26321
EST,2019,5.30191
EST,2020,6.58
SWZ,1976,3.71435
SWZ,1977,3.9443
SWZ,1978,5.79652
SWZ,1979,6.36428
SWZ,1980,5.2972
SWZ,1981,6.58383
SWZ,1982,6.75364
SWZ,1987,5.8022
SWZ,1988,5.51156
SWZ,1989,5.66129
SWZ,1990,5.48457
SWZ,1994,5.14029
SWZ,1995,5.65314
SWZ,1996,4.93816
SWZ,1999,5.09095
SWZ,2000,5.50848
SWZ,2001,4.83824
SWZ,2002,4.44087
SWZ,2003,5.81677
SWZ,2004,5.40161
SWZ,2005,6.48462
SWZ,2006,6.55476
SWZ,2008,6.61812
SWZ,2009,6.47135
SWZ,2010,6.11837
SWZ,2011,6.86433
SWZ,2012,5.5940886
SWZ,2013,5.0846105
SWZ,2014,7.07059
SWZ,2015,5.35575
SWZ,2016,5.41467
SWZ,2017,6.13809
SWZ,2018,5.67916
SWZ,2019,5.64555
SWZ,2020,5.34234
SWZ,2021,4.9953
ETH,1982,2.11235
ETH,1983,2.30206
ETH,1984,2.11203
ETH,1985,2.33757
ETH,1986,2.13795
ETH,1993,2.35421
ETH,1996,2.77462
ETH,1997,2.75794
ETH,2000,3.98311
ETH,2001,3.70029
ETH,2002,3.63245
ETH,2006,5.49096
ETH,2007,5.45113
ETH,2008,5.4082
ETH,2009,4.42207
ETH,2010,4.49659
ETH,2011,5.48576
ETH,2012,5.56678
ETH,2013,4.49855
ETH,2014,4.60202
ETH,2015,4.73792
ETH,2016,5.06151
ETH,2017,5.64952
ETH,2018,5.06868
ETH,2019,4.480869
,1995,4.596095
,1996,4.49445
,1998,4.45031
,1999,4.38372
,2000,4.1491547
,2001,4.52568
,2002,4.438935
,2003,4.80574
,2004,4.7294
,2005,4.8784
,2006,4.81757
,2007,4.6266
,2008,4.8624353
,2009,5.018045
,2010,5.03882
,2011,4.860945
,2012,4.82955
,2013,4.953005
,2014,4.8785
,2015,4.897535
,2016,4.781788
,2017,4.735225
,2018,4.67668
,2019,4.63002
,2020,5.075
FRO,2012,7.9960313
FRO,2013,8.221333
FRO,2014,8.312604
FRO,2015,7.71478
FRO,2016,7.58258
FRO,2017,8.04459
FRO,2018,8.7814
FRO,2019,7.6401
FJI,1979,5.19761
FJI,1981,5.82121
FJI,1983,6.48669
FJI,1989,4.8311
FJI,1998,5.5247
FJI,1999,5.16864
FJI,2000,5.87774
FJI,2001,5.64311
FJI,2002,6.27587
FJI,2004,6.20916
FJI,2005,5.16706
FJI,2006,5.65532
FJI,2007,5.89472
FJI,2008,4.25357
FJI,2009,4.49848
FJI,2010,4.82436
FJI,2011,4.17306
FJI,2012,4.72265
FJI,2013,3.88289
FJI,2014,4.26822
FJI,2015,4.80932
FJI,2016,4.8359
FJI,2017,4.65119
FJI,2018,4.83571
FJI,2019,5.06788
FJI,2020,5.675353
FIN,1970,5.41349
FIN,1971,5.33138
FIN,1972,5.00819
FIN,1973,5.09338
FIN,1974,4.48231
FIN,1975,5.03324
FIN,1976,5.22833
FIN,1979,4.79691
FIN,1980,4.82575
FIN,1981,4.83336
FIN,1982,4.77929
FIN,1983,4.85561
FIN,1984,4.69892
FIN,1985,5.04542
FIN,1986,5.1004
FIN,1987,5.20082
FIN,1988,5.06696
FIN,1989,5.07261
FIN,1990,5.3389
FIN,1991,6.33748
FIN,1992,6.5205
FIN,1993,7.48716
FIN,1994,6.85707
FIN,1995,6.80991
FIN,1996,6.85898
FIN,1999,5.86993
FIN,2000,5.7093
FIN,2001,5.84025
FIN,2002,6.01678
FIN,2003,6.16744
FIN,2004,6.15758
FIN,2005,6.02507
FIN,2006,5.92838
FIN,2007,5.67126
FIN,2008,5.8301
FIN,2009,6.45956
FIN,2010,6.50445
FIN,2011,6.44505
FIN,2012,7.14804
FIN,2013,7.12404
FIN,2014,7.10237
FIN,2015,7.03208
FIN,2016,6.85153
FIN,2017,6.36311
FIN,2018,6.27542
FIN,2019,6.41711
FIN,2020,5.88
FRA,1870,0.3
FRA,1913,1.5
FRA,1937,1.3
FRA,1960,2.4
FRA,1970,3.42974
FRA,1971,3.17421
FRA,1972,3.35918
FRA,1973,3.23003
FRA,1974,4.24204
FRA,1975,4.42854
FRA,1976,4.42471
FRA,1977,4.43521
FRA,1978,4.34512
FRA,1979,4.28116
FRA,1980,4.30769
FRA,1981,4.73072
FRA,1982,4.85203
FRA,1983,4.85234
FRA,1984,4.86754
FRA,1985,4.85157
FRA,1986,4.70795
FRA,1987,4.62344
FRA,1988,4.54472
FRA,1989,4.4564
FRA,1990,4.51394
FRA,1991,4.8413
FRA,1992,4.73539
FRA,1993,5.42959
FRA,1994,5.62643
FRA,1995,5.79073
FRA,1996,5.75672
FRA,1998,5.68792
FRA,2010,5.658596
FRA,2011,5.482983
FRA,2012,5.456467
FRA,2013,5.500378
FRA,2014,5.512063
FRA,2015,5.464235
FRA,2016,5.419067
FRA,2017,5.4516
FRA,2018,5.40717
FRA,2019,5.35443
FRA,2020,5.5
GAB,1992,2.80552
GAB,1998,3.41966
GAB,1999,3.08123
GAB,2000,3.82709
GAB,2010,3.07809
GAB,2011,2.98746
GAB,2012,3.0134
GAB,2013,3.02971
GAB,2014,2.66667
GAB,2015,2.99166
GAB,2016,2.66206
GAB,2017,3.32681
GAB,2018,2.93346
GAB,2019,2.73232
GAB,2020,3.18161
GMB,1985,4.29515
GMB,1986,3.48473
GMB,1989,2.97409
GMB,1990,2.82584
GMB,1991,3.78061
GMB,1992,1.16984
GMB,1995,2.55356
GMB,1996,2.56628
GMB,1999,1.56513
GMB,2000,1.46587
GMB,2001,1.1581
GMB,2002,1.44292
GMB,2003,1.36338
GMB,2004,0.62247
GMB,2005,0.69188
GMB,2006,0.75163
GMB,2007,0.81686
GMB,2008,2.1813
GMB,2009,1.90814
GMB,2010,2.56322
GMB,2011,2.50117
GMB,2012,2.63757
GMB,2013,1.81839
GMB,2014,2.23094
GMB,2015,2.16003
GMB,2016,2.02443
GMB,2017,2.45919
GMB,2018,2.36544
GMB,2019,2.78893
GMB,2020,2.76372
GEO,1994,6.91566
GEO,1998,2.10888
GEO,1999,2.15513
GEO,2000,2.18105
GEO,2001,2.1375
GEO,2002,2.23502
GEO,2003,2.0656
GEO,2004,2.9142
GEO,2005,2.48432
GEO,2006,3.00365
GEO,2007,2.69687
GEO,2008,2.91955
GEO,2009,3.22238
GEO,2010,2.80365
GEO,2011,2.57614
GEO,2012,1.9061
GEO,2013,2.88672
GEO,2014,2.99768
GEO,2015,3.16487
GEO,2016,3.59387
GEO,2017,3.57443
GEO,2018,3.52106
GEO,2019,3.80864
GEO,2020,3.85008
GEO,2021,3.6238
DEU,1870,1.3
DEU,1913,2.7
DEU,1960,2.9
DEU,1980,4.7
DEU,1993,4.40792
DEU,1994,4.33664
DEU,1995,4.43076
DEU,1996,4.49471
DEU,1998,4.46187
DEU,2006,4.29396
DEU,2007,4.3668
DEU,2008,4.43595
DEU,2009,4.90951
DEU,2010,4.94368
DEU,2011,4.82487
DEU,2012,4.95658
DEU,2013,4.93539
DEU,2014,4.92102
DEU,2015,4.85515
DEU,2016,4.83923
DEU,2017,4.87183
DEU,2018,4.97577
DEU,2019,5.11664
DEU,2020,4.66
GHA,1971,4.22444
GHA,1972,4.6214
GHA,1974,3.80271
GHA,1975,4.87654
GHA,1976,5.82883
GHA,1977,6.09528
GHA,1979,2.31135
GHA,1980,2.70777
GHA,1981,1.80812
GHA,1982,1.90454
GHA,1986,3.35448
GHA,1987,3.3067
GHA,1988,3.18742
GHA,1999,4.11037
GHA,2001,5.35444
GHA,2004,7.53558
GHA,2005,7.42208
GHA,2006,5.25983
GHA,2007,5.51987
GHA,2008,5.75796
GHA,2009,5.31744
GHA,2010,5.5406
GHA,2011,8.14097
GHA,2012,7.91914
GHA,2013,4.57647
GHA,2014,4.39979
GHA,2015,4.43405
GHA,2016,4.39453
GHA,2017,3.53363
GHA,2018,3.88613
GRC,1970,1.5465
GRC,1971,1.30246
GRC,1973,1.11262
GRC,1974,1.33609
GRC,1975,1.46085
GRC,1976,1.44825
GRC,1977,1.49373
GRC,1978,1.6857
GRC,1981,1.6928
GRC,1982,1.68684
GRC,1983,1.68868
GRC,1984,1.81003
GRC,1986,1.83337
GRC,1987,1.83421
GRC,1988,1.86894
GRC,1989,2.01546
GRC,1990,2.04608
GRC,1991,1.93433
GRC,1998,2.89256
GRC,1999,3.02773
GRC,2000,3.23019
GRC,2001,3.36458
GRC,2002,3.42431
GRC,2003,3.42934
GRC,2004,3.66719
GRC,2005,3.96396
GRC,2010,4.1056314
GRC,2011,4.4351273
GRC,2012,4.5145497
GRC,2013,4.47596
GRC,2014,4.2870097
GRC,2015,3.66139
GRC,2016,3.9702415
GRC,2017,3.47709
GRC,2018,3.59734
GRC,2019,3.58803
GRC,2020,4.44
GRL,2012,12.872232
GRL,2013,13.336788
GRL,2014,12.802539
GRL,2015,12.0046
GRL,2016,11.08614
GRL,2017,11.02856
GRL,2018,10.56019
GRL,2019,10.154355
GRD,2003,3.92674
GRD,2015,4.23861
GRD,2017,3.1738
GRD,2018,3.55255
GTM,1970,1.85872
GTM,1971,2.02554
GTM,1976,1.62729
GTM,1993,1.66575
GTM,1994,1.43998
GTM,1995,1.6048
GTM,1996,1.5637
GTM,2006,3.03285
GTM,2007,3.08809
GTM,2008,3.23686
GTM,2010,2.84865
GTM,2011,2.96865
GTM,2012,3.00525
GTM,2013,2.88809
GTM,2014,2.98562
GTM,2015,3.03033
GTM,2016,2.94474
GTM,2017,2.9501
GTM,2018,3.13705
GTM,2019,3.19928
GTM,2020,3.29972
GTM,2021,3.10877
GIN,1991,2.01639
GIN,1992,2.00632
GIN,1993,2.08844
GIN,1999,2.36142
GIN,2000,2.5934
GIN,2001,2.08191
GIN,2002,2.59387
GIN,2003,2.37102
GIN,2004,2.21
GIN,2005,1.84906
GIN,2008,1.58112
GIN,2009,2.20725
GIN,2010,2.55119
GIN,2011,2.28742
GIN,2012,1.83371
GIN,2013,2.63421
GIN,2014,2.42281
GIN,2015,2.51714
GIN,2016,2.5445
GIN,2017,2.32034
GIN,2018,2.38432
GIN,2019,1.84837
GIN,2020,2.19947
GNB,1999,5.24617
GNB,2010,1.86082
GNB,2011,1.85786
GNB,2012,2.00106
GNB,2013,2.13249
GNB,2014,2.2
GNB,2015,2.3
GNB,2016,2.3
GNB,2017,2.2
GNB,2018,2.13787
GNB,2019,2.94782
GNB,2020,2.70843
GUY,1970,4.32898
GUY,1977,7.08873
GUY,1979,9.37787
GUY,1983,8.25347
GUY,1984,7.22748
GUY,1994,3.72445
GUY,1995,3.60934
GUY,1999,8.56106
GUY,2000,8.48415
GUY,2001,8.3973
GUY,2002,8.36554
GUY,2003,6.9559
GUY,2004,5.51294
GUY,2005,8.13973
GUY,2006,3.11891
GUY,2007,2.39117
GUY,2009,2.15058
GUY,2010,2.40939
GUY,2011,2.50669
GUY,2012,2.24132
GUY,2014,4.36033
GUY,2015,3.8957
GUY,2016,4.73775
GUY,2017,4.66478
GUY,2018,4.45058
HTI,1981,1.39374
HTI,1982,1.07954
HTI,1983,1.02221
HTI,1984,0.98619
HTI,1985,0.96929
HTI,1991,1.07399
HTI,2014,1.75315
HTI,2015,1.85704
HTI,2016,1.39586
HTI,2017,1.50423
HTI,2018,1.63207
HTI,2019,1.7868114
HTI,2020,1.3710144
HND,1978,2.01905
HND,1979,2.01299
HND,1980,1.93636
HND,1994,2.51264
HND,1995,2.61745
HND,2010,6.8
HND,2011,6.1
HND,2012,6.299728
HND,2013,5.87493
HND,2014,7.09012
HND,2015,6.41297
HND,2016,5.15962
HND,2017,4.93702
HND,2018,6.05647
HND,2019,4.91285
HND,2020,6.43844
HKG,1971,2.36815
HKG,1972,2.29561
HKG,1973,2.18337
HKG,1974,2.36029
HKG,1975,2.4492
HKG,1976,2.43336
HKG,1977,2.21924
HKG,1978,2.32255
HKG,1980,2.19214
HKG,1981,2.27173
HKG,1982,1.66983
HKG,1983,2.5786
HKG,1984,2.58169
HKG,1985,2.55897
HKG,1990,2.46609
HKG,1992,2.8282
HKG,1996,2.72831
HKG,2001,3.9037
HKG,2002,4.01554
HKG,2003,4.2853
HKG,2004,4.55896
HKG,2005,4.13463
HKG,2006,3.84279
HKG,2007,3.45455
HKG,2008,3.26063
HKG,2009,4.39213
HKG,2010,3.51003
HKG,2011,3.41822
HKG,2012,3.50961
HKG,2013,3.76032
HKG,2014,3.57255
HKG,2015,3.26212
HKG,2016,3.29265
HKG,2017,3.3101
HKG,2018,3.32652
HKG,2019,3.8106
HKG,2020,4.40634
HKG,2021,4.00103
HUN,1991,5.8794
HUN,1992,6.07957
HUN,1993,5.91959
HUN,1994,5.83489
HUN,1995,4.84749
HUN,1996,4.33475
HUN,1998,4.40865
HUN,1999,4.56705
HUN,2000,4.8684
HUN,2001,4.93101
HUN,2002,5.17923
HUN,2003,5.79115
HUN,2004,5.32658
HUN,2005,5.31888
HUN,2006,5.28812
HUN,2007,5.13345
HUN,2008,4.96611
HUN,2009,4.94466
HUN,2010,4.72176
HUN,2011,4.56133
HUN,2012,4.14112
HUN,2013,4.18773
HUN,2014,4.6004
HUN,2015,4.4941
HUN,2016,4.61454
HUN,2017,4.6141
HUN,2018,4.62283
HUN,2019,4.23764
HUN,2020,4.76
ISL,1990,4.25863
ISL,1993,5.14158
ISL,1994,4.75558
ISL,1995,4.78062
ISL,1996,5.21835
ISL,1998,6.78387
ISL,1999,6.43401
ISL,2000,6.43144
ISL,2001,6.70592
ISL,2002,7.29892
ISL,2003,7.24508
ISL,2004,7.16118
ISL,2005,7.33844
ISL,2006,7.19522
ISL,2007,6.94433
ISL,2008,7.03602
ISL,2009,7.18985
ISL,2010,6.94424
ISL,2011,6.78998
ISL,2012,7.58223
ISL,2013,7.44869
ISL,2014,7.64141
ISL,2015,7.45797
ISL,2016,7.4322
ISL,2017,7.58386
ISL,2018,7.56171
ISL,2019,7.54736
ISL,2020,7.72
IND,1997,3.36136
IND,1998,3.57256
IND,1999,4.41539
IND,2000,4.32479
IND,2003,3.61341
IND,2004,3.35254
IND,2005,3.18875
IND,2006,3.14285
IND,2009,3.27825
IND,2010,3.37769
IND,2011,3.79618
IND,2012,3.8675
IND,2013,3.84467
IND,2015,4.11457
IND,2016,4.25408
IND,2017,4.30545
IND,2018,4.36374
IND,2019,4.40723
IND,2020,4.47423
IDN,1972,2.78821
IDN,1989,0.87141
IDN,1994,0.99855
IDN,1995,1.00435
IDN,1996,1.07855
IDN,1997,1.07208
IDN,2001,2.46003
IDN,2002,2.64569
IDN,2003,3.218
IDN,2004,2.74847
IDN,2005,2.87282
IDN,2007,3.04425
IDN,2008,2.9019
IDN,2009,3.52513
IDN,2010,2.81228
IDN,2011,3.18944
IDN,2012,3.40748
IDN,2013,3.35904
IDN,2014,3.28801
IDN,2015,3.5836
IDN,2016,3.5
IDN,2017,2.66998
IDN,2018,3.0
IDN,2019,2.84185
IDN,2020,3.49
IRN,1971,2.77034
IRN,1972,2.76672
IRN,1973,2.87668
IRN,1974,2.69034
IRN,1975,2.96557
IRN,1977,5.41626
IRN,1981,7.1314
IRN,1982,5.80205
IRN,1983,4.18053
IRN,1984,3.80161
IRN,1985,3.46019
IRN,1986,3.56991
IRN,1987,4.14092
IRN,1988,3.6813
IRN,1989,3.99721
IRN,1990,3.77391
IRN,1991,3.74353
IRN,1992,3.64046
IRN,1993,4.31462
IRN,1995,4.08181
IRN,1996,3.53776
IRN,1999,4.22041
IRN,2000,4.03064
IRN,2001,4.07168
IRN,2002,4.48488
IRN,2003,4.36322
IRN,2004,4.29663
IRN,2005,4.05651
IRN,2006,4.28999
IRN,2007,4.59681
IRN,2008,3.91376
IRN,2009,3.84245
IRN,2010,3.70918
IRN,2011,3.48497
IRN,2012,3.16859
IRN,2013,3.06795
IRN,2014,2.80135
IRN,2015,2.79739
IRN,2016,3.36576
IRN,2017,3.7904
IRN,2018,3.95536
IRN,2019,3.6632
IRN,2020,3.59243
IRQ,1977,3.85705
IRQ,1980,2.42379
IRQ,1989,3.5515
IRQ,2015,4.49
IRQ,2016,4.71
IRL,1937,3.3
IRL,1960,3.2
IRL,1971,4.48641
IRL,1972,4.6169
IRL,1973,4.60856
IRL,1974,4.68603
IRL,1976,4.29649
IRL,1977,5.08532
IRL,1978,5.06761
IRL,1979,5.28813
IRL,1980,5.32221
IRL,1981,5.73202
IRL,1982,5.38953
IRL,1983,5.44654
IRL,1984,5.2817
IRL,1985,5.24837
IRL,1986,5.30121
IRL,1987,5.52882
IRL,1988,5.01616
IRL,1989,4.71302
IRL,1990,4.60056
IRL,1991,4.78267
IRL,1992,5.00563
IRL,1993,5.11556
IRL,1994,5.18871
IRL,1995,4.87162
IRL,1996,4.75392
IRL,1998,4.28754
IRL,1999,4.13379
IRL,2000,4.13226
IRL,2001,4.08749
IRL,2002,4.10488
IRL,2003,4.20494
IRL,2004,4.48296
IRL,2005,4.51898
IRL,2006,4.54742
IRL,2007,4.71541
IRL,2008,5.45828
IRL,2009,6.15611
IRL,2010,6.05136
IRL,2011,5.82904
IRL,2012,5.75269
IRL,2013,5.34205
IRL,2014,4.8785
IRL,2015,3.75877
IRL,2016,3.74212
IRL,2017,3.50929
IRL,2018,3.39287
IRL,2019,3.29461
IRL,2020,3.1
ISR,1998,6.65119
ISR,1999,6.42038
ISR,2000,6.11282
ISR,2001,6.37398
ISR,2002,6.46506
ISR,2003,6.3455
ISR,2004,5.94028
ISR,2005,5.75459
ISR,2006,5.75635
ISR,2007,5.49595
ISR,2008,5.51995
ISR,2009,5.48172
ISR,2010,5.51981
ISR,2011,5.54937
ISR,2012,5.67253
ISR,2013,5.85426
ISR,2014,5.76682
ISR,2015,5.86211
ISR,2016,5.85578
ISR,2017,6.05791
ISR,2018,6.11234
ISR,2019,6.12578
ISR,2020,7.07
ITA,1913,0.6
ITA,1937,1.6
ITA,1960,3.6
ITA,1970,3.36681
ITA,1971,2.89877
ITA,1974,3.83514
ITA,1975,3.71161
ITA,1976,3.91952
ITA,1978,3.78036
ITA,1979,4.16373
ITA,1980,4.4
ITA,1983,4.48806
ITA,1984,4.77457
ITA,1985,4.68981
ITA,1986,4.6549
ITA,1988,4.59277
ITA,1993,4.73389
ITA,1994,4.43331
ITA,1995,4.31865
ITA,1996,4.44764
ITA,1998,4.45031
ITA,1999,4.51085
ITA,2000,4.29108
ITA,2001,4.65009
ITA,2002,4.43241
ITA,2003,4.54179
ITA,2004,4.3852
ITA,2005,4.2383
ITA,2006,4.52545
ITA,2007,4.10503
ITA,2008,4.38795
ITA,2009,4.52372
ITA,2010,4.33412
ITA,2011,4.11568
ITA,2012,4.05602
ITA,2013,4.14367
ITA,2014,4.06128
ITA,2015,4.07363
ITA,2016,3.81579
ITA,2017,4.04494
ITA,2018,4.25614
ITA,2019,4.09531
ITA,2020,4.27
JAM,1973,3.63144
JAM,1974,4.24897
JAM,1975,5.22879
JAM,1976,5.85833
JAM,1977,6.02652
JAM,1985,5.3919
JAM,1986,4.60398
JAM,1988,3.94086
JAM,1989,5.18398
JAM,1990,4.77916
JAM,1991,4.38307
JAM,1992,3.33666
JAM,1993,3.21403
JAM,1994,4.06419
JAM,1995,3.38908
JAM,1996,3.67773
JAM,1997,4.37954
JAM,2000,4.98347
JAM,2001,5.38103
JAM,2002,5.37523
JAM,2003,4.25685
JAM,2004,3.91255
JAM,2005,4.61642
JAM,2007,5.49022
JAM,2008,6.19132
JAM,2009,6.19848
JAM,2010,6.3706
JAM,2011,6.26664
JAM,2012,6.11246
JAM,2013,6.25108
JAM,2014,6.01586
JAM,2015,5.45521
JAM,2016,5.31461
JAM,2017,5.26017
JAM,2018,5.41381
JAM,2019,5.16364
JAM,2020,5.6175
JAM,2021,6.02747
JPN,1870,1.0
JPN,1913,1.6
JPN,1937,2.1
JPN,1960,4.1
JPN,1971,3.6563
JPN,1972,4.01131
JPN,1973,4.04297
JPN,1974,4.04003
JPN,1975,4.66899
JPN,1976,4.85082
JPN,1977,4.84027
JPN,1978,4.89441
JPN,1979,5.05745
JPN,1980,5.06872
JPN,1981,5.0644
JPN,1982,5.04606
JPN,1983,4.82427
JPN,1987,5.59652
JPN,1988,5.55605
JPN,1989,5.36715
JPN,1993,3.42904
JPN,1994,3.63567
JPN,1995,3.40211
JPN,1998,3.29797
JPN,1999,3.37813
JPN,2000,3.46012
JPN,2001,3.40082
JPN,2002,3.40899
JPN,2003,3.46663
JPN,2004,3.42611
JPN,2005,3.31494
JPN,2006,3.27668
JPN,2007,3.27934
JPN,2008,3.27242
JPN,2010,3.59952
JPN,2011,3.60528
JPN,2012,3.64742
JPN,2013,3.62497
JPN,2014,3.55159
JPN,2015,3.2698197
JPN,2016,3.14643
JPN,2017,3.13058
JPN,2018,3.07782
JPN,2019,3.15725
JPN,2020,3.42
JOR,1970,3.63004
JOR,1971,3.29769
JOR,1972,2.38743
JOR,1973,2.48694
JOR,1974,3.55769
JOR,1975,3.76348
JOR,1976,3.53393
JOR,1977,3.6799
JOR,1978,3.68117
JOR,1979,5.08173
JOR,1981,5.16732
JOR,1982,5.08916
JOR,1983,4.92796
JOR,1984,5.93695
JOR,1986,3.28438
JOR,1987,3.29657
JOR,1988,4.04757
JOR,1989,5.64387
JOR,1996,7.47599
JOR,1997,6.36451
JOR,1999,4.94417
JOR,2005,4.92
JOR,2006,4.66
JOR,2007,5.04
JOR,2008,3.67
JOR,2009,3.59
JOR,2010,3.1
JOR,2011,3.4
JOR,2012,3.5
JOR,2013,3.5
JOR,2014,3.8
JOR,2015,3.45
JOR,2016,3.45282
JOR,2017,3.22854
JOR,2018,2.98481
JOR,2019,2.98847
JOR,2020,3.67
JOR,2021,3.21138
KAZ,1995,4.03445
KAZ,1996,3.92371
KAZ,1997,4.37343
KAZ,1999,3.89257
KAZ,2000,3.25662
KAZ,2002,3.0297
KAZ,2004,2.25591
KAZ,2005,2.26353
KAZ,2006,2.62678
KAZ,2007,2.83139
KAZ,2008,2.58946
KAZ,2009,3.06072
KAZ,2010,3.46226
KAZ,2011,3.49352
KAZ,2012,3.90169
KAZ,2013,3.43737
KAZ,2014,3.42165
KAZ,2015,2.78858
KAZ,2016,2.9781
KAZ,2017,2.75082
KAZ,2018,2.61595
KAZ,2019,2.85697
KAZ,2020,4.4462037
KEN,1971,3.92982
KEN,1972,4.47634
KEN,1973,4.65052
KEN,1974,5.06551
KEN,1975,5.60612
KEN,1976,5.7441
KEN,1977,5.13632
KEN,1980,5.38788
KEN,1981,5.92373
KEN,1982,5.67812
KEN,1983,5.4383
KEN,1984,4.58096
KEN,1985,5.19977
KEN,1986,6.01379
KEN,1988,6.60055
KEN,1989,6.03572
KEN,1991,6.57067
KEN,1992,6.0759
KEN,1993,6.02915
KEN,1994,5.92402
KEN,1999,5.32324
KEN,2000,5.18673
KEN,2001,5.20621
KEN,2002,6.172
KEN,2003,6.49427
KEN,2004,6.79693
KEN,2005,7.33565
KEN,2006,7.04984
KEN,2010,4.81549
KEN,2011,4.70013
KEN,2012,4.93121
KEN,2013,4.83721
KEN,2014,4.7173
KEN,2015,4.7435
KEN,2016,4.89518
KEN,2017,4.96309
KEN,2018,5.10762
KEN,2019,4.97439
KEN,2020,5.07997
KEN,2021,4.79904
KIR,1970,4.79313
KIR,1971,4.26643
KIR,1974,3.13511
KIR,1999,10.87101
KIR,2000,11.18587
KIR,2001,11.98812
KIR,2011,12.97
KIR,2012,13.38438
KIR,2013,12.02653
KIR,2014,11.23237
KIR,2015,9.86296
KIR,2016,10.09359
KIR,2017,10.86316
KIR,2018,11.96829
KIR,2019,12.39466
KWT,1971,3.28734
KWT,1972,2.81575
KWT,1973,3.30369
KWT,1974,3.5216
KWT,1975,2.13554
KWT,1976,3.11508
KWT,1977,3.36867
KWT,1978,4.08185
KWT,1979,3.42856
KWT,1980,2.79102
KWT,1981,2.71914
KWT,1982,3.03351
KWT,1983,5.09027
KWT,1984,5.14888
KWT,1985,5.00762
KWT,1986,5.40084
KWT,1992,14.19883
KWT,1996,5.85961
KWT,1997,5.58263
KWT,2001,6.58583
KWT,2002,6.55111
KWT,2004,5.53507
KWT,2005,4.73834
KWT,2006,3.75998
KWT,2007,2.58
KWT,2008,2.77
KWT,2009,3.58
KWT,2010,3.57
KWT,2011,3.42
KWT,2012,3.75
KWT,2013,3.88
KWT,2014,4.4
KWT,2015,4.77148
KWT,2016,5.84771
KWT,2017,6.36549
KWT,2018,6.38917
KWT,2019,6.49243
KWT,2020,6.55126
KGZ,1994,5.58819
KGZ,1995,6.15643
KGZ,1996,4.90261
KGZ,1998,4.91963
KGZ,1999,4.08522
KGZ,2000,3.50839
KGZ,2001,3.85418
KGZ,2002,4.44546
KGZ,2003,4.47542
KGZ,2004,4.62244
KGZ,2005,4.87384
KGZ,2006,5.54986
KGZ,2007,6.467
KGZ,2008,5.91319
KGZ,2009,6.23268
KGZ,2010,5.81883
KGZ,2011,6.79062
KGZ,2012,7.38423
KGZ,2013,6.7802
KGZ,2014,5.5316
KGZ,2015,5.98551
KGZ,2016,6.58615
KGZ,2017,6.02619
KGZ,2018,5.55267
KGZ,2019,5.36675
KGZ,2020,6.2148647
LAO,1992,2.33457
LAO,1996,2.42975
LAO,1997,2.1302
LAO,2000,1.50369
LAO,2001,1.99028
LAO,2002,2.82522
LAO,2004,2.413
LAO,2005,2.41409
LAO,2006,2.95879
LAO,2007,3.07842
LAO,2008,2.27855
LAO,2009,1.65485
LAO,2010,1.70979
LAO,2011,1.70802
LAO,2012,1.82147
LAO,2013,3.23381
LAO,2014,2.93781
LAO,2015,2.736898
LAO,2016,2.7744298
LAO,2017,2.4979727
LAO,2018,2.3350122
LAO,2019,2.4753296
LAO,2020,2.29976
,1995,2.985085
,1998,3.34015
,1999,3.76492
,2000,3.77583
,2001,3.84468
,2002,3.883855
,2003,3.53505
,2004,3.745605
,2006,3.79289
,2007,3.8551652
,2008,4.63909
,2009,5.325745
,2010,4.83383
,2011,4.410675
,2012,4.5457673
,2013,4.84394
,2014,4.7600303
,2015,4.47039
,2016,4.2573414
,2017,4.3577
,2018,4.3516603
,2019,4.22566
,2020,4.24668
LVA,1996,5.25758
LVA,1997,5.51279
LVA,1998,5.80772
LVA,1999,5.53938
LVA,2000,5.27427
LVA,2001,5.44696
LVA,2002,5.60254
LVA,2003,5.05715
LVA,2004,4.83406
LVA,2006,4.68467
LVA,2007,4.63329
LVA,2008,5.36645
LVA,2009,5.52266
LVA,2010,5.03882
LVA,2011,5.07162
LVA,2012,6.58271
LVA,2013,6.99697
LVA,2014,5.28123
LVA,2015,5.28252
LVA,2016,4.6575
LVA,2017,4.36671
LVA,2018,4.24357
LVA,2019,4.42508
LVA,2020,5.97
LBN,1993,1.66652
LBN,1994,1.93126
LBN,1995,2.22463
LBN,1996,2.08467
LBN,2001,2.84148
LBN,2002,2.55271
LBN,2004,2.64095
LBN,2005,2.64619
LBN,2006,2.77976
LBN,2007,2.58357
LBN,2008,2.01479
LBN,2009,1.76571
LBN,2010,1.61331
LBN,2011,1.65252
LBN,2012,2.14809
LBN,2013,2.43245
LBN,2014,2.0
LBN,2015,2.1
LBN,2016,2.12393
LBN,2017,2.13294
LBN,2018,2.52447
LBN,2019,2.59202
LBN,2020,1.69
LSO,1971,4.64155
LSO,1972,4.52651
LSO,1973,4.86656
LSO,1974,4.23424
LSO,1983,10.09694
LSO,1984,6.42841
LSO,1985,7.08858
LSO,1988,7.21664
LSO,1989,6.20228
LSO,1993,8.57703
LSO,1994,7.02543
LSO,1995,8.64097
LSO,1997,11.36401
LSO,1999,12.49935
LSO,2000,10.09155
LSO,2001,9.36505
LSO,2002,10.10045
LSO,2003,13.21957
LSO,2004,11.10901
LSO,2005,12.07966
LSO,2006,11.27128
LSO,2008,12.32952
LSO,2011,8.1651
LSO,2012,7.66606
LSO,2013,7.29226
LSO,2014,7.1986
LSO,2015,9.0
LSO,2016,7.76075
LSO,2017,8.15689
LSO,2018,7.28536
LSO,2019,7.99171
LSO,2020,7.66936
LSO,2021,8.70264
LBR,2008,1.70166
LBR,2011,2.2398577
LBR,2012,1.77712
LBR,2013,1.69078
LBR,2014,2.20005
LBR,2015,2.17083
LBR,2016,2.14813
LBR,2017,2.6633
LBR,2018,2.50391
LBR,2019,2.27039
LBR,2020,2.30929
LBR,2021,2.69218
LBY,1999,2.26417
LIE,2003,2.46014
LIE,2004,2.43333
LIE,2006,2.05381
LIE,2007,1.92119
LIE,2008,2.04837
LIE,2011,2.55604
LTU,1995,4.76712
LTU,1996,4.84522
LTU,1997,5.45044
LTU,1998,6.11645
LTU,2001,5.84759
LTU,2002,5.80008
LTU,2003,5.11418
LTU,2004,5.17428
LTU,2005,4.8784
LTU,2006,4.82573
LTU,2007,4.59521
LTU,2008,4.8399
LTU,2009,5.58524
LTU,2010,5.29786
LTU,2011,5.11343
LTU,2012,4.75803
LTU,2013,4.60233
LTU,2014,4.48658
LTU,2015,4.22719
LTU,2016,4.00431
LTU,2017,3.8122
LTU,2018,3.89293
LTU,2019,3.97215
LUX,1970,2.30026
LUX,1971,2.85506
LUX,1972,2.7408
LUX,1973,2.81235
LUX,1975,3.42303
LUX,1976,3.61463
LUX,1977,3.6938
LUX,1978,4.33933
LUX,1979,4.40278
LUX,1980,4.55202
LUX,1981,4.68798
LUX,1982,5.27562
LUX,1983,3.31967
LUX,1986,3.78982
LUX,1987,4.08302
LUX,1988,4.01432
LUX,1989,3.87238
LUX,1995,3.65909
LUX,1996,3.47682
LUX,2001,3.53973
LUX,2010,5.2891545
LUX,2011,5.1235294
LUX,2012,3.87816
LUX,2013,3.905838
LUX,2014,3.85569
LUX,2015,3.76792
LUX,2016,3.485595
LUX,2017,3.48646
LUX,2018,3.64749
LUX,2019,3.71982
LUX,2020,4.97
MAC,1998,3.35005
MAC,1999,3.33665
MAC,2000,3.31439
MAC,2001,2.71447
MAC,2002,2.84296
MAC,2003,2.78017
MAC,2004,2.23349
MAC,2005,2.27788
MAC,2006,2.19386
MAC,2007,2.04345
MAC,2008,2.19641
MAC,2009,2.53323
MAC,2010,2.61849
MAC,2011,2.67528
MAC,2012,3.32516
MAC,2013,2.05049
MAC,2014,2.04853
MAC,2015,3.00247
MAC,2016,3.09953
MAC,2017,2.70643
MAC,2018,2.72878
MAC,2019,3.05863
MAC,2020,6.3
MDG,1972,3.21737
MDG,1973,2.71115
MDG,1974,2.67376
MDG,1975,2.51668
MDG,1976,3.25501
MDG,1977,5.05395
MDG,1979,3.97033
MDG,1980,3.35711
MDG,1981,2.87991
MDG,1982,2.32179
MDG,1983,1.98901
MDG,1984,2.20452
MDG,1985,2.07146
MDG,1993,1.77545
MDG,1997,1.53846
MDG,1998,1.58879
MDG,1999,2.40501
MDG,2000,2.43869
MDG,2001,2.7072
MDG,2002,2.23179
MDG,2003,2.61095
MDG,2004,2.81262
MDG,2005,3.30964
MDG,2006,2.83097
MDG,2007,2.90274
MDG,2008,2.55434
MDG,2009,2.82513
MDG,2010,2.75
MDG,2011,2.38168
MDG,2012,2.34067
MDG,2013,1.77694
MDG,2014,2.38123
MDG,2015,2.21012
MDG,2016,2.68719
MDG,2017,2.70137
MDG,2018,2.8441
MDG,2019,2.99486
MDG,2020,3.09571
MWI,1971,4.40479
MWI,1972,3.3834
MWI,1973,3.33149
MWI,1974,3.08709
MWI,1975,2.70379
MWI,1976,2.42231
MWI,1986,3.19867
MWI,1987,3.52508
MWI,1988,3.17144
MWI,1989,3.17635
MWI,1990,3.27054
MWI,1995,4.00885
MWI,1996,5.38126
MWI,1999,4.99491
MWI,2000,5.24797
MWI,2001,4.50898
MWI,2003,3.21566
MWI,2010,3.5398
MWI,2011,4.15262
MWI,2012,3.6798637
MWI,2013,5.41617
MWI,2014,4.83984
MWI,2015,5.60866
MWI,2016,4.74857
MWI,2017,4.03133
MWI,2018,3.32296
MWI,2019,3.71132
MWI,2020,2.90762
MYS,1971,4.55094
MYS,1979,5.08761
MYS,1980,5.72619
MYS,1981,6.69697
MYS,1982,7.03278
MYS,1984,5.6663
MYS,1985,6.11111
MYS,1986,7.24336
MYS,1987,6.326
MYS,1992,5.11143
MYS,1993,4.65463
MYS,1994,4.70529
MYS,1995,4.34255
MYS,1996,4.91385
MYS,1997,4.62038
MYS,1999,5.68679
MYS,2000,5.97161
MYS,2001,7.48447
MYS,2002,7.65793
MYS,2003,7.50288
MYS,2004,5.92389
MYS,2006,4.48576
MYS,2007,4.37254
MYS,2008,3.95852
MYS,2009,5.97418
MYS,2010,4.96645
MYS,2011,5.76294
MYS,2012,5.73903
MYS,2013,5.4812
MYS,2014,5.21264
MYS,2015,4.89487
MYS,2016,4.75192
MYS,2017,4.67531
MYS,2018,4.47865
MYS,2019,4.15661
MYS,2020,3.91697
MDV,2002,5.79186
MDV,2003,5.32407
MDV,2004,4.6616
MDV,2005,5.01684
MDV,2006,4.64524
MDV,2007,4.41788
MDV,2008,4.47029
MDV,2009,5.08169
MDV,2010,3.63328
MDV,2011,3.08073
MDV,2012,3.34086
MDV,2013,3.3883
MDV,2014,3.08859
MDV,2015,3.88751
MDV,2016,3.68699
MDV,2017,3.88747
MDV,2018,3.91249
MDV,2019,4.12159
MDV,2020,5.800467
MLI,1978,3.55959
MLI,1980,3.47066
MLI,1981,3.44794
MLI,1982,3.27885
MLI,1986,2.43537
MLI,1998,2.64959
MLI,1999,2.23184
MLI,2000,2.97156
MLI,2001,2.65845
MLI,2002,2.89623
MLI,2003,3.8056
MLI,2004,3.85922
MLI,2005,3.52218
MLI,2008,3.40356
MLI,2009,3.86904
MLI,2010,3.34389
MLI,2011,3.75423
MLI,2012,3.47949
MLI,2013,3.28465
MLI,2014,3.64819
MLI,2015,3.80152
MLI,2016,3.09478
MLI,2017,3.78977
MLI,2018,3.90557
MLI,2019,3.4841
MLI,2020,3.76343
MLI,2021,4.40148
MLT,1971,6.15197
MLT,1972,5.54999
MLT,1973,5.2697
MLT,1974,4.4931
MLT,1975,4.42221
MLT,1976,3.83189
MLT,1977,3.89761
MLT,1978,3.34883
MLT,1979,3.15364
MLT,1981,2.86533
MLT,1982,2.85408
MLT,1983,3.31469
MLT,1984,3.07872
MLT,1985,3.24834
MLT,1986,3.10572
MLT,1987,3.16532
MLT,1988,3.33824
MLT,1989,3.58874
MLT,1990,3.83142
MLT,1991,3.9203
MLT,1992,4.3141
MLT,1998,4.18472
MLT,2002,4.14305
MLT,2004,4.43493
MLT,2007,5.9475
MLT,2008,5.50121
MLT,2009,5.07039
MLT,2010,6.25004
MLT,2011,7.69613
MLT,2012,6.34546
MLT,2013,7.57924
MLT,2014,7.00421
MLT,2015,5.02398
MLT,2016,5.08446
MLT,2017,4.65163
MLT,2018,5.136471
MLT,2019,4.98806
MLT,2020,5.87
MHL,1999,13.73183
MHL,2002,8.20898
MHL,2003,11.8198
MHL,2008,17.56
MHL,2009,23.27
MHL,2010,20.59
MHL,2011,19.71
MHL,2012,15.59
MHL,2013,15.99
MHL,2014,15.67
MHL,2015,17.63
MHL,2016,15.28
MHL,2017,15.22
MHL,2018,15.2
MHL,2019,15.75
MHL,2020,13.625004
MRT,1997,1.5858
MRT,1999,1.72203
MRT,2001,2.10684
MRT,2002,2.27715
MRT,2003,2.36501
MRT,2004,1.9508
MRT,2006,1.95851
MRT,2011,2.33102
MRT,2012,2.15821
MRT,2013,2.29354
MRT,2014,2.5579643
MRT,2015,2.829566
MRT,2016,1.94406
MRT,2019,1.82437
MRT,2020,1.88116
MUS,1977,4.4409
MUS,1978,5.56597
MUS,1981,5.05398
MUS,1982,4.60378
MUS,1983,4.45373
MUS,1984,4.08681
MUS,1985,3.96309
MUS,1986,3.48357
MUS,1987,3.05736
MUS,1988,3.13145
MUS,1989,3.51567
MUS,1990,3.17034
MUS,1991,3.50989
MUS,1999,3.93976
MUS,2000,3.76911
MUS,2001,3.11486
MUS,2002,3.0609
MUS,2003,4.41583
MUS,2004,4.31307
MUS,2005,4.0782
MUS,2006,3.69751
MUS,2007,3.1854
MUS,2008,3.06307
MUS,2009,3.04731
MUS,2010,3.55147
MUS,2011,3.33207
MUS,2012,3.4182
MUS,2013,3.61579
MUS,2014,4.91695
MUS,2015,4.88667
MUS,2016,5.0136
MUS,2017,5.02313
MUS,2018,4.83459
MUS,2019,4.7193
MUS,2020,4.60817
MUS,2021,4.87728
MEX,1989,2.28201
MEX,1990,2.32498
MEX,1991,2.548
MEX,1992,3.00502
MEX,1994,3.64709
MEX,1995,3.69256
MEX,1998,3.36529
MEX,1999,3.53536
MEX,2000,3.99244
MEX,2001,4.24104
MEX,2002,4.45496
MEX,2003,5.07258
MEX,2004,4.72671
MEX,2005,4.84569
MEX,2006,4.69992
MEX,2007,4.69051
MEX,2008,4.82007
MEX,2009,5.18794
MEX,2010,5.15922
MEX,2011,5.10565
MEX,2012,5.1031
MEX,2013,4.69605
MEX,2014,5.25747
MEX,2015,5.22942
MEX,2016,4.90682
MEX,2017,4.51822
MEX,2018,4.25422
FSM,1999,6.42491
FSM,2000,6.70687
FSM,2015,12.40792
FSM,2016,13.51266
FSM,2017,12.41642
FSM,2018,9.69705
,1977,4.54958
,1982,5.447175
,1986,5.33006
,1996,4.67157
,2001,6.20185
,2004,5.37148
,2005,4.79443
,2006,4.62
,2007,4.7307596
,2008,4.2822847
,2009,4.0150948
,2010,4.0507016
,2011,3.48497
,2012,3.75
,2013,4.07384
,2014,4.025695
,2015,4.210425
,2016,4.71
,2017,4.25597
,2018,5.20723
,2019,3.86737
,2020,3.774935
MDA,1996,9.89664
MDA,1999,4.66256
MDA,2000,4.48639
MDA,2001,4.84685
MDA,2002,5.49791
MDA,2003,5.42489
MDA,2004,6.77104
MDA,2005,7.1627
MDA,2006,7.49899
MDA,2007,8.29337
MDA,2008,8.23727
MDA,2009,9.50976
MDA,2010,7.5923
MDA,2011,7.13638
MDA,2012,6.98339
MDA,2013,5.90976
MDA,2014,6.26602
MDA,2015,5.80569
MDA,2016,5.60845
MDA,2017,5.61844
MDA,2018,5.43973
MDA,2019,6.10379
MDA,2020,6.38872
MCO,1988,0.88103
MCO,1989,0.95752
MCO,1992,0.9136
MCO,1995,1.06457
MCO,1996,1.08224
MCO,1997,1.21242
MCO,1998,1.20883
MCO,1999,1.19528
MCO,2000,1.25536
MCO,2004,1.24386
MCO,2009,1.35459
MCO,2010,1.31735
MCO,2011,1.58989
MCO,2012,1.78004
MCO,2013,1.3344
MCO,2014,1.02195
MCO,2016,1.37093
MCO,2017,1.45793
MCO,2019,1.15266
MNG,1997,3.94897
MNG,1998,5.49302
MNG,1999,5.14566
MNG,2000,5.55037
MNG,2002,7.21078
MNG,2004,4.32573
MNG,2007,4.69013
MNG,2009,5.14485
MNG,2010,4.6451
MNG,2011,4.60903
MNG,2012,5.961985
MNG,2013,5.24104
MNG,2014,5.428256
MNG,2015,4.3871565
MNG,2016,5.200433
MNG,2017,4.318224
MNG,2018,9.8598385
MNG,2019,11.780941
MNG,2020,4.659912
MAR,1973,4.67169
MAR,1974,4.27549
MAR,1975,5.21271
MAR,1976,6.02712
MAR,1977,6.08425
MAR,1978,6.20183
MAR,1979,6.31548
MAR,1980,5.10486
MAR,1981,5.68926
MAR,1982,6.12268
MAR,1983,6.17467
MAR,1984,5.19013
MAR,1985,5.10217
MAR,1986,5.25928
MAR,1987,5.16214
MAR,1988,4.57782
MAR,1989,4.75733
MAR,1990,4.51049
MAR,1991,4.30316
MAR,1993,4.82497
MAR,1995,4.73481
MAR,1998,5.11554
MAR,1999,5.14016
MAR,2008,5.34215
MAR,2009,5.26064
MAR,2012,6.042976
MAR,2014,5.933515
MAR,2015,4.64598
MAR,2016,5.491934
MAR,2017,5.11832
MAR,2018,5.34885
MAR,2019,5.93136
MAR,2020,6.7543
MOZ,1998,1.89967
MOZ,1999,2.77802
MOZ,2004,3.3267
MOZ,2005,4.00578
MOZ,2006,3.87147
MOZ,2010,5.95293
MOZ,2011,6.26041
MOZ,2012,5.67216
MOZ,2013,6.11533
MOZ,2014,6.87633
MOZ,2015,6.01083
MOZ,2016,5.86504
MOZ,2017,5.50556
MOZ,2018,5.45219
MOZ,2019,6.08442
MOZ,2020,6.26059
MMR,1972,2.8896
MMR,1973,3.32552
MMR,1975,2.4742
MMR,1976,1.89257
MMR,1977,1.76491
MMR,1978,1.70679
MMR,1995,1.36479
MMR,2010,0.9
MMR,2011,0.85032
MMR,2012,1.6
MMR,2013,2.1
MMR,2014,1.9
MMR,2015,2.1
MMR,2016,1.9
MMR,2017,2.32634
MMR,2018,2.15748
MMR,2019,2.13987
NAM,1999,7.13076
NAM,2000,6.90178
NAM,2001,6.88887
NAM,2002,6.74233
NAM,2003,6.13714
NAM,2006,6.03171
NAM,2008,6.40343
NAM,2010,8.2433
NAM,2011,7.39781
NAM,2012,7.7934
NAM,2013,8.60933
NAM,2014,9.57785
NAM,2015,9.85077
NAM,2016,10.6388
NAM,2017,9.70867
NAM,2018,8.88112
NAM,2019,8.92703
NAM,2020,9.4469
NAM,2021,9.64049
NRU,2007,4.24615
NRU,2014,5.4980936
NRU,2015,5.59443
NRU,2016,6.19528
NRU,2017,6.61619
NRU,2018,5.87716
NRU,2019,5.59654
NRU,2020,5.16705
NRU,2021,7.0916953
NPL,1998,2.89288
NPL,1999,2.89331
NPL,2000,2.97515
NPL,2001,3.70838
NPL,2002,3.15284
NPL,2003,3.11435
NPL,2004,3.17194
NPL,2005,3.36464
NPL,2006,3.60536
NPL,2007,3.51721
NPL,2008,3.80517
NPL,2009,4.66376
NPL,2010,3.63172
NPL,2011,3.84262
NPL,2012,3.5289886
NPL,2013,3.2026863
NPL,2014,3.485994
NPL,2015,3.2942536
NPL,2016,3.4771123
NPL,2017,3.5289237
NPL,2018,3.6644056
NPL,2019,3.4856808
NPL,2020,4.183101
NLD,1937,1.5
NLD,1960,4.9
NLD,1970,6.22115
NLD,1971,6.3282
NLD,1972,6.31849
NLD,1973,5.84295
NLD,1974,6.33589
NLD,1975,6.37166
NLD,1976,6.31229
NLD,1977,6.18251
NLD,1978,6.18442
NLD,1979,6.09033
NLD,1980,5.8928
NLD,1981,5.74937
NLD,1982,5.69501
NLD,1983,5.50079
NLD,1984,5.09011
NLD,1985,5.47288
NLD,1986,5.56155
NLD,1987,5.89792
NLD,1988,5.47146
NLD,1990,5.22879
NLD,1991,5.16165
NLD,1993,4.75661
NLD,1994,4.66325
NLD,1995,4.57888
NLD,1996,4.49419
NLD,1998,4.54057
NLD,1999,4.507
NLD,2000,4.58512
NLD,2001,4.69965
NLD,2002,4.8059
NLD,2003,5.04042
NLD,2004,5.06297
NLD,2005,5.1094
NLD,2006,5.04402
NLD,2007,4.88683
NLD,2008,5.02905
NLD,2009,5.43156
NLD,2010,5.48909
NLD,2011,5.46304
NLD,2012,5.41022
NLD,2013,5.52656
NLD,2014,5.4589
NLD,2015,5.34816
NLD,2016,5.4796
NLD,2017,5.1751
NLD,2018,5.35765
NLD,2019,5.15986
NLD,2020,5.3
NZL,1937,2.3
NZL,1960,3.2
NZL,1973,4.75323
NZL,1974,4.7468
NZL,1975,5.16753
NZL,1976,5.45474
NZL,1977,4.45267
NZL,1978,4.53253
NZL,1979,4.46766
NZL,1980,4.23265
NZL,1981,4.44055
NZL,1982,4.5327
NZL,1984,4.04568
NZL,1985,3.5463
NZL,1986,3.43031
NZL,1987,3.91739
NZL,1988,4.42586
NZL,1989,4.81824
NZL,1993,7.3
NZL,1994,5.92605
NZL,1995,5.74213
NZL,1996,6.38372
NZL,1997,6.15722
NZL,1999,6.63621
NZL,2001,6.56049
NZL,2002,6.40699
NZL,2003,6.43753
NZL,2004,6.51203
NZL,2005,6.27896
NZL,2006,5.95276
NZL,2007,5.91965
NZL,2008,5.51145
NZL,2009,6.28817
NZL,2010,7.00039
NZL,2011,6.93969
NZL,2012,7.15993
NZL,2013,6.70155
NZL,2014,6.34243
NZL,2015,6.32506
NZL,2016,6.41179
NZL,2017,6.25974
NZL,2018,6.0485
NZL,2019,5.16372
NZL,2020,5.98
NIC,1970,2.03859
NIC,1971,2.49203
NIC,1979,2.82278
NIC,1980,3.26241
NIC,1982,3.79268
NIC,1984,5.9789
NIC,1987,5.35175
NIC,1992,2.98497
NIC,1998,2.22585
NIC,1999,2.92365
NIC,2000,3.0016
NIC,2002,2.39101
NIC,2003,2.42201
NIC,2010,4.48424
NIC,2014,4.08329
NIC,2015,4.07843
NIC,2016,4.08114
NIC,2017,4.3577
NIC,2018,4.47
NIC,2019,4.6
NIC,2020,4.63
NER,1971,1.05227
NER,1990,2.07437
NER,1991,2.30833
NER,1992,2.24298
NER,1993,2.06512
NER,1994,2.26539
NER,1995,2.32975
NER,1996,2.14418
NER,1999,2.56853
NER,2000,2.56502
NER,2001,2.27982
NER,2002,2.40134
NER,2003,1.93706
NER,2006,2.55852
NER,2007,3.01462
NER,2008,2.72312
NER,2009,3.33588
NER,2010,2.72195
NER,2011,3.07762
NER,2012,3.18682
NER,2013,3.68953
NER,2014,5.10368
NER,2015,4.48669
NER,2016,2.95843
NER,2017,2.57818
NER,2018,3.45728
NER,2019,3.52753
NER,2020,3.83761
NGA,1974,3.21017
NGA,1975,3.06369
NGA,2010,0.4663837
NGA,2011,0.58260936
NGA,2012,0.5454573
NGA,2013,0.5256143
,1971,7.71019
,1972,7.61541
,1973,7.0375
,1974,6.68963
,1975,6.44295
,1976,6.72099
,1977,6.73353
,1978,7.09767
,1979,6.71475
,1980,6.48467
,1981,6.43061
,1982,6.51914
,1983,6.88043
,1984,6.64404
,1985,6.21287
,1986,6.04419
,1987,6.32446
,1988,6.17615
,1989,6.09832
,1990,5.99199
,1991,6.8843
,1992,6.77094
,1993,7.70426
,1994,6.68002
,1995,6.32445
,1998,5.49377
,1999,5.5308
,2000,5.42332
,2001,4.95303
,2002,4.99308
,2005,4.76588
,2007,4.76641
,2008,4.62612
,2009,4.84058
,2010,6.038172
,2011,5.8918076
,2012,5.484222
,2013,5.4199705
,2014,5.490489
,2015,4.846395
,2016,4.8072853
,2017,5.034595
,2018,4.9006553
,2019,4.88082
,2020,5.61
MKD,1992,4.73345
MKD,1993,4.63057
MKD,1994,4.52629
MKD,1995,4.27123
MKD,1996,4.30311
MKD,2002,3.30015
NOR,1870,0.5
NOR,1913,1.4
NOR,1937,1.9
NOR,1960,4.2
NOR,1972,5.90406
NOR,1973,5.89172
NOR,1974,5.67366
NOR,1975,5.55022
NOR,1976,6.1636
NOR,1977,5.97281
NOR,1978,6.44435
NOR,1980,5.78015
NOR,1981,5.54364
NOR,1982,5.67885
NOR,1983,5.6463
NOR,1984,5.42937
NOR,1985,5.25567
NOR,1986,5.53983
NOR,1987,5.78807
NOR,1988,5.86597
NOR,1989,6.29986
NOR,1990,6.31038
NOR,1991,6.37322
NOR,1992,6.63614
NOR,1993,7.67664
NOR,1994,7.83043
NOR,1995,7.69568
NOR,1996,7.13805
NOR,1997,7.30343
NOR,1998,7.36078
NOR,1999,6.96648
NOR,2000,6.46727
NOR,2001,6.83063
NOR,2002,7.43729
NOR,2003,7.41636
NOR,2004,7.29827
NOR,2005,6.86507
NOR,2006,6.38276
NOR,2007,6.5344
NOR,2008,6.28522
NOR,2009,7.10337
NOR,2010,6.74634
NOR,2011,6.45452
NOR,2012,7.3747
NOR,2013,7.48535
NOR,2014,7.69504
NOR,2015,7.56933
NOR,2016,8.03055
NOR,2017,7.91198
NOR,2018,7.64411
NOR,2019,7.93839
NOR,2020,5.9
OMN,1986,3.79283
OMN,1987,3.65626
OMN,1988,3.38989
OMN,1989,2.97824
OMN,1990,2.83892
OMN,1991,2.98794
OMN,1992,3.12258
OMN,1993,3.50822
OMN,1994,3.44449
OMN,1995,3.41326
OMN,1996,3.18452
OMN,1997,3.3568
OMN,1998,4.13833
OMN,1999,4.03593
OMN,2000,3.20024
OMN,2001,4.02032
OMN,2002,4.32507
OMN,2003,3.89699
OMN,2004,4.02836
OMN,2005,3.51721
OMN,2006,3.85934
OMN,2009,4.18774
OMN,2010,4.796303
OMN,2011,4.4597263
OMN,2012,4.79799
OMN,2013,4.98458
OMN,2017,5.84019
OMN,2018,5.20723
OMN,2019,5.41321
PAK,1971,1.65422
PAK,1972,1.56882
PAK,1973,1.83042
PAK,1974,1.88065
PAK,1975,1.98008
PAK,1976,2.23794
PAK,1977,2.14983
PAK,1978,2.20418
PAK,1979,2.19807
PAK,1980,2.13095
PAK,1981,1.97245
PAK,1982,2.01367
PAK,1983,1.99577
PAK,1984,2.06985
PAK,1985,2.43543
PAK,1986,2.67813
PAK,1987,2.97746
PAK,1989,2.36382
PAK,1990,2.51681
PAK,1991,2.56676
PAK,1992,2.54968
PAK,1993,2.38644
PAK,1994,2.58931
PAK,1995,2.79531
PAK,1996,2.81057
PAK,1997,3.0223
PAK,1999,2.61149
PAK,2000,1.83782
PAK,2004,1.76759
PAK,2005,2.04972
PAK,2006,2.39551
PAK,2007,2.63527
PAK,2008,2.74623
PAK,2009,2.59078
PAK,2010,2.28687
PAK,2011,2.22175
PAK,2012,2.13628
PAK,2013,2.49344
PAK,2014,2.46593
PAK,2015,2.65002
PAK,2016,3.00292
PAK,2017,2.89952
PAK,2018,2.5974066
PAK,2019,2.50755
PAK,2020,2.3657184
PAK,2021,2.377573
PLW,2000,8.01798
PLW,2001,7.7072
PLW,2002,7.52199
PLW,2008,6.24
PLW,2009,7.57
PLW,2010,7.76
PLW,2011,7.53
PLW,2012,7.65
PLW,2013,6.89
PLW,2014,6.55
PLW,2015,5.71
PLW,2016,5.86
PLW,2017,6.59
PLW,2018,6.53
PLW,2019,6.81
PSE,2010,6.19168
PSE,2011,5.33528
PSE,2012,4.74211
PSE,2013,4.89467
PSE,2015,4.66322
PSE,2016,4.98296
PSE,2017,4.72154
PSE,2018,5.31887
PAN,1970,4.04328
PAN,1971,3.35392
PAN,1972,3.98282
PAN,1973,3.48575
PAN,1974,3.8198
PAN,1975,4.15451
PAN,1976,4.31273
PAN,1977,4.28096
PAN,1978,3.60598
PAN,1979,3.64255
PAN,1980,3.53567
PAN,1981,3.4318
PAN,1982,3.41851
PAN,1983,3.55091
PAN,1984,3.46871
PAN,1985,3.52146
PAN,1986,3.34574
PAN,1987,3.87012
PAN,1994,3.47054
PAN,1995,3.94781
PAN,1996,4.09432
PAN,1997,3.84711
PAN,1999,4.56723
PAN,2000,4.75969
PAN,2001,4.10588
PAN,2002,4.19164
PAN,2003,4.1687
PAN,2004,3.57866
PAN,2008,3.50229
PAN,2011,3.15901
PAN,2013,3.4
PAN,2014,2.8168244
PAN,2015,2.83629
PAN,2016,2.84608
PAN,2017,2.88224
PAN,2018,2.88293
PAN,2019,3.12736
PAN,2020,3.90607
PNG,1972,5.24716
PNG,1977,7.38971
PNG,2017,1.96493
PNG,2018,1.87483
PNG,2019,1.67775
PNG,2020,1.35
PRY,1970,2.10519
PRY,1971,2.26544
PRY,1985,1.39585
PRY,1990,1.04071
PRY,1998,4.19834
PRY,1999,4.23088
PRY,2000,4.23021
PRY,2001,3.83357
PRY,2002,3.40773
PRY,2003,3.38276
PRY,2004,2.8699
PRY,2007,2.73951
PRY,2010,2.77072
PRY,2011,3.69282
PRY,2012,3.66879
PRY,2013,4.80933
PRY,2014,4.78911
PRY,2015,3.33815
PRY,2016,3.43498
PRY,2017,3.08969
PRY,2018,3.2832
PRY,2019,3.46971
PRY,2020,3.30362
PER,1973,3.39172
PER,1996,3.1188
PER,1998,3.27818
PER,1999,3.44134
PER,2000,3.22803
PER,2001,3.03712
PER,2002,2.82057
PER,2003,2.9378
PER,2004,2.95787
PER,2005,2.83903
PER,2006,2.65281
PER,2007,2.6294
PER,2008,2.86775
PER,2009,3.13994
PER,2010,2.8673
PER,2011,2.6635
PER,2012,2.92276
PER,2013,3.29729
PER,2014,3.69599
PER,2015,3.96933
PER,2016,3.81317
PER,2017,3.93131
PER,2018,3.7143
PER,2019,3.81996
PER,2020,4.24668
PER,2021,3.98178
PHL,1980,1.51272
PHL,1982,1.82588
PHL,1983,1.48303
PHL,1986,1.51702
PHL,1995,2.66399
PHL,1996,2.94357
PHL,1997,3.07757
PHL,1998,3.69746
PHL,2000,3.1644
PHL,2001,2.92464
PHL,2002,2.89222
PHL,2003,2.93518
PHL,2004,2.46983
PHL,2005,2.32807
PHL,2006,2.42579
PHL,2007,2.48518
PHL,2008,2.58283
PHL,2009,2.53777
PHL,2010,2.31
PHL,2011,2.4999058
PHL,2012,2.5172892
PHL,2013,3.02
PHL,2014,2.9337173
PHL,2015,3.518517
PHL,2016,3.0342243
PHL,2017,3.9711545
PHL,2018,3.8640532
PHL,2019,3.3557916
PHL,2020,3.7348106
POL,1991,3.89145
POL,1992,4.18793
POL,1993,4.18276
POL,1995,4.33026
POL,1996,6.25738
POL,1998,4.94201
POL,1999,4.59182
POL,2000,4.98393
POL,2001,5.31903
POL,2002,5.38735
POL,2003,5.32449
POL,2004,5.35558
POL,2005,5.42575
POL,2006,5.20765
POL,2007,4.86874
POL,2008,5.0424
POL,2009,4.98977
POL,2010,5.06302
POL,2011,4.82497
POL,2012,4.82955
POL,2013,4.97062
POL,2014,4.93554
POL,2015,4.80994
POL,2016,4.6334
POL,2017,4.55846
POL,2018,4.6158
POL,2019,4.66921
POL,2020,5.19
PRT,1973,1.63392
PRT,1974,1.93536
PRT,1975,3.06246
PRT,1976,3.07873
PRT,1978,2.90048
PRT,1979,2.6993
PRT,1980,3.06743
PRT,1981,3.18575
PRT,1982,3.3291
PRT,1983,3.23281
PRT,1984,3.14254
PRT,1985,3.26249
PRT,1986,3.04925
PRT,1987,3.15798
PRT,1988,3.38753
PRT,1989,3.47524
PRT,1990,3.56972
PRT,1991,4.07133
PRT,1992,4.33747
PRT,1993,4.84095
PRT,1994,4.6713
PRT,1995,4.61331
PRT,1996,5.06511
PRT,1999,5.04686
PRT,2000,5.16385
PRT,2001,5.33713
PRT,2002,5.25872
PRT,2003,5.28153
PRT,2004,5.04638
PRT,2005,5.07395
PRT,2006,4.90767
PRT,2007,4.92147
PRT,2008,4.69609
PRT,2009,5.56315
PRT,2010,5.41249
PRT,2011,5.12333
PRT,2012,4.94941
PRT,2013,5.27097
PRT,2014,5.124
PRT,2015,4.88554
PRT,2016,4.770906
PRT,2017,5.01561
PRT,2018,4.67516
PRT,2019,4.63002
PRT,2020,5.01
PRI,1971,7.25052
PRI,1972,7.21458
PRI,1973,6.47993
PRI,1974,7.2869
PRI,1975,6.22974
PRI,1976,7.14049
PRI,1977,6.38757
PRI,1978,6.68103
PRI,2013,6.48108
PRI,2014,6.07266
PRI,2015,4.6781206
PRI,2016,4.2573414
PRI,2017,3.96094
PRI,2018,3.6499076
PRI,2019,3.5561695
PRI,2020,3.3893614
PRI,2021,3.6035807
QAT,1971,3.00028
QAT,1972,2.69144
QAT,1973,2.86783
QAT,1976,1.74697
QAT,1977,1.97006
QAT,1978,2.77697
QAT,1998,3.57767
QAT,1999,4.3453
QAT,2000,3.72598
QAT,2001,3.20019
QAT,2002,3.84656
QAT,2003,3.37394
QAT,2004,3.46259
QAT,2005,3.97188
QAT,2008,4.22755
QAT,2009,3.41315
QAT,2010,4.53966
QAT,2011,4.01224
QAT,2012,3.50744
QAT,2013,4.07384
QAT,2014,3.60535
QAT,2017,2.96746
QAT,2019,2.80378
QAT,2020,3.23367
ROU,1996,3.24122
ROU,2000,2.86863
ROU,2001,3.26629
ROU,2002,3.50413
ROU,2003,3.54397
ROU,2004,3.31273
ROU,2005,3.50039
ROU,2006,4.30651
ROU,2007,4.14954
ROU,2008,4.0972
ROU,2009,4.00213
ROU,2010,3.49361
ROU,2011,3.06137
ROU,2012,2.9638
ROU,2013,3.05174
ROU,2014,3.12122
ROU,2015,3.10963
ROU,2016,2.97989
ROU,2017,3.09539
ROU,2018,3.34475
ROU,2019,3.58319
ROU,2020,3.69
RUS,2000,2.93979
RUS,2001,3.10602
RUS,2002,3.83502
RUS,2003,3.67854
RUS,2004,3.54787
RUS,2005,3.77193
RUS,2006,3.86626
RUS,2008,4.10175
RUS,2010,3.880484
RUS,2011,4.708928
RUS,2012,3.7931
RUS,2013,3.76383
RUS,2014,4.01388
RUS,2015,3.83403
RUS,2016,3.76044
RUS,2017,4.68991
RUS,2018,4.6782
RUS,2019,3.517245
RUS,2020,3.73
RWA,1977,2.15021
RWA,1978,2.23247
RWA,1979,2.44128
RWA,1980,2.66633
RWA,1981,4.39297
RWA,1987,3.50578
RWA,1988,3.33534
RWA,1989,3.74663
RWA,1999,3.86058
RWA,2000,3.43636
RWA,2001,4.82786
RWA,2007,3.98742
RWA,2008,3.50408
RWA,2010,4.63384
RWA,2011,4.38598
RWA,2012,4.42352
RWA,2013,4.74492
RWA,2014,4.19878
RWA,2015,3.64916
RWA,2016,3.43673
RWA,2017,3.12646
RWA,2018,3.07375
RWA,2019,3.23707
RWA,2020,3.33055
RWA,2021,3.82156
KNA,1985,3.96503
KNA,1987,2.64113
KNA,1989,2.19796
KNA,1991,1.99845
KNA,1992,2.30387
KNA,1995,2.57641
KNA,1998,4.02057
KNA,1999,3.32267
KNA,2000,4.74039
KNA,2001,4.42155
KNA,2002,3.92051
KNA,2003,3.79099
KNA,2004,3.97135
KNA,2005,3.83145
KNA,2006,4.05928
KNA,2007,4.19381
KNA,2012,3.6304967
KNA,2013,3.8173134
KNA,2014,3.8567786
KNA,2015,2.64346
KNA,2016,4.15
KNA,2017,4.25
KNA,2018,4.42
KNA,2019,4.3
KNA,2020,3.3987916
KNA,2021,2.44862
LCA,1982,5.53879
LCA,1986,4.15468
LCA,1994,6.53238
LCA,1998,5.52894
LCA,1999,5.44994
LCA,2001,5.70733
LCA,2003,3.53449
LCA,2004,3.43646
LCA,2005,4.23896
LCA,2006,4.69669
LCA,2008,4.48353
LCA,2009,3.06766
LCA,2010,3.4829
LCA,2011,3.58824
LCA,2012,3.27299
LCA,2013,3.85985
LCA,2014,3.88069
LCA,2015,3.86773
LCA,2016,5.20828
LCA,2017,3.63348
LCA,2018,3.33567
LCA,2019,3.26606
LCA,2020,3.57521
VCT,1986,4.42911
VCT,1989,4.46869
VCT,1991,4.87377
VCT,1998,4.03337
VCT,1999,5.75269
VCT,2000,7.91378
VCT,2002,7.80196
VCT,2003,8.63781
VCT,2005,6.3508
VCT,2007,5.67104
VCT,2009,5.68978
VCT,2010,5.08523
VCT,2015,5.160557
VCT,2016,5.7334
VCT,2017,5.73196
VCT,2018,5.69378
WSM,1999,4.01625
WSM,2000,3.58293
WSM,2001,3.82629
WSM,2002,3.84139
WSM,2008,5.14421
WSM,2010,5.85
WSM,2011,6.61
WSM,2012,5.16
WSM,2013,4.67
WSM,2014,5.41
WSM,2015,4.85773
WSM,2016,4.16406
WSM,2017,4.18316
WSM,2018,4.53215
WSM,2019,4.70625
WSM,2020,4.80916
SMR,2010,2.62884
SMR,2011,2.70296
SMR,2015,3.4428658
SMR,2016,3.3372016
SMR,2017,3.36997
SMR,2018,3.55516
SMR,2019,3.3797
SMR,2020,3.42462
STP,2002,2.72058
STP,2003,3.24693
STP,2004,3.23471
STP,2005,4.85645
STP,2006,4.27118
STP,2007,6.28683
STP,2008,5.55449
STP,2009,10.6779
STP,2010,9.65147
STP,2011,8.8911
STP,2012,6.33951
STP,2013,5.93969
STP,2014,3.74906
STP,2015,3.8646
STP,2016,5.17304
STP,2017,5.03637
STP,2018,5.23511
STP,2019,5.92155
STP,2020,5.01138
SAU,1981,3.89025
SAU,1982,4.14255
SAU,1983,5.97797
SAU,1984,6.10957
SAU,1986,6.25535
SAU,1991,5.77946
SAU,1992,5.14463
SAU,1993,5.99929
SAU,1994,6.34382
SAU,1995,5.69247
SAU,1996,4.94375
SAU,1997,4.37708
SAU,1998,8.28131
SAU,1999,7.07227
SAU,2000,5.90982
SAU,2001,7.71887
SAU,2002,7.63689
SAU,2003,7.10509
SAU,2004,6.27746
SAU,2005,5.43092
SAU,2006,5.89117
SAU,2008,5.13781
SAU,2016,8.51046
SAU,2017,8.01643
SAU,2018,7.08581
SAU,2019,6.79474
SAU,2020,7.80931
SEN,1998,2.47457
SEN,1999,2.45981
SEN,2000,2.46335
SEN,2001,2.47151
SEN,2002,2.59442
SEN,2003,2.75125
SEN,2004,3.07778
SEN,2005,4.06443
SEN,2006,3.82138
SEN,2008,4.02568
SEN,2009,4.92073
SEN,2010,5.21774
SEN,2011,4.90303
SEN,2012,4.77699
SEN,2013,5.68656
SEN,2014,5.72021
SEN,2015,5.45638
SEN,2016,5.11309
SEN,2017,4.62497
SEN,2018,4.85822
SEN,2019,5.34888
SEN,2020,5.49786
SRB,2007,4.20984
SRB,2008,4.442
SRB,2009,4.48398
SRB,2010,4.32781
SRB,2011,4.23836
SRB,2012,4.16421
SRB,2014,3.92698
SRB,2015,3.7864
SRB,2016,3.6347
SRB,2017,3.71016
SRB,2018,3.58232
SRB,2019,3.61647
SYC,1970,4.18848
SYC,1971,4.06639
SYC,1972,4.24694
SYC,1974,4.28333
SYC,1975,4.34502
SYC,1976,4.74596
SYC,1984,12.02893
SYC,1985,10.23305
SYC,1986,9.7136
SYC,1988,8.29189
SYC,1989,8.22952
SYC,1994,9.02171
SYC,1995,7.70369
SYC,1996,7.77922
SYC,1998,5.99207
SYC,1999,5.261
SYC,2002,5.19333
SYC,2003,5.37493
SYC,2006,4.77012
SYC,2010,3.54826
SYC,2011,3.60644
SYC,2012,2.61393
SYC,2013,3.60813
SYC,2014,4.08368
SYC,2015,4.2229
SYC,2016,4.42102
SYC,2017,3.67729
SYC,2018,4.49884
SYC,2019,3.91459
SYC,2020,5.15073
SLE,2000,4.94937
SLE,2001,3.43272
SLE,2002,3.54528
SLE,2003,3.26061
SLE,2004,3.10713
SLE,2005,2.79698
SLE,2007,2.55851
SLE,2008,2.41317
SLE,2009,2.77814
SLE,2010,2.58864
SLE,2011,2.6689
SLE,2012,2.87204
SLE,2013,2.37981
SLE,2014,2.66292
SLE,2015,3.05729
SLE,2016,3.06023
SLE,2017,4.66096
SLE,2018,6.98963
SLE,2019,7.44701
SLE,2020,8.80955
SLE,2021,9.08674
SGP,1971,3.10976
SGP,1972,2.86827
SGP,1973,2.48882
SGP,1974,2.38852
SGP,1975,2.43949
SGP,1976,2.69239
SGP,1977,2.4508
SGP,1978,2.291
SGP,1979,2.24925
SGP,1980,2.55967
SGP,1981,2.58366
SGP,1982,3.26776
SGP,1983,3.94772
SGP,1988,3.65207
SGP,2000,3.3213
SGP,2001,3.54249
SGP,2002,3.87853
SGP,2003,3.98194
SGP,2004,3.65276
SGP,2005,3.19596
SGP,2006,2.85912
SGP,2007,2.94675
SGP,2008,2.7646
SGP,2009,3.01013
SGP,2010,3.08044
SGP,2011,3.03077
SGP,2012,3.07086
SGP,2013,2.85435
SGP,2014,2.92437
SGP,2015,2.86309
SGP,2016,2.87483
SGP,2017,2.76826
SGP,2018,2.85598
SGP,2019,2.73621
SGP,2020,2.50666
SGP,2021,2.8064623
SVK,1992,5.35695
SVK,1993,4.4496
SVK,1994,3.7125
SVK,1995,4.29758
SVK,1996,4.1244
SVK,1997,4.12232
SVK,1999,4.1073
SVK,2000,3.86468
SVK,2001,3.9357
SVK,2002,4.2454
SVK,2003,4.20957
SVK,2004,4.10157
SVK,2005,3.75996
SVK,2006,3.7077
SVK,2007,3.52321
SVK,2008,3.52165
SVK,2009,4.00641
SVK,2010,4.06091
SVK,2011,3.9152
SVK,2012,3.87419
SVK,2013,4.08405
SVK,2014,4.23041
SVK,2015,4.59206
SVK,2016,3.91287
SVK,2017,3.94278
SVK,2018,3.97257
SVK,2019,4.29046
SVK,2020,4.61
SVN,1995,4.90559
SVN,2001,5.75683
SVN,2002,5.67286
SVN,2003,5.70333
SVN,2004,5.64426
SVN,2005,5.60408
SVN,2006,5.59066
SVN,2007,5.11661
SVN,2008,5.10952
SVN,2009,5.55497
SVN,2010,5.54546
SVN,2011,5.54126
SVN,2012,5.62023
SVN,2013,5.40573
SVN,2014,5.2917
SVN,2015,4.90953
SVN,2016,4.79267
SVN,2017,4.78054
SVN,2018,4.93587
SVN,2019,4.91029
SVN,2020,5.76
SLB,1971,3.4
SLB,1991,3.8754
SLB,1998,2.31502
SLB,2007,8.2208
SLB,2008,7.65633
SLB,2009,7.2885
SLB,2010,7.93174
SLB,2011,8.12519
SLB,2012,8.08703
SLB,2013,10.1747
SLB,2014,9.812
SLB,2015,10.1349
SLB,2016,12.0
SLB,2017,12.11
SLB,2018,10.81
SLB,2019,11.13
SLB,2020,12.75
SOM,1972,1.18469
SOM,1973,1.27728
SOM,2017,0.12717403
SOM,2018,0.23099121
SOM,2019,0.27
ZAF,1987,5.16433
ZAF,1988,5.29059
ZAF,1989,4.85255
ZAF,1990,5.12579
ZAF,1991,5.73735
ZAF,1993,5.88602
ZAF,1994,5.29777
ZAF,1996,5.04735
ZAF,1999,5.29117
ZAF,2000,4.90881
ZAF,2001,4.63618
ZAF,2002,4.54569
ZAF,2003,4.3521
ZAF,2004,4.50898
ZAF,2005,4.5245
ZAF,2006,4.52652
ZAF,2007,4.44667
ZAF,2008,4.37425
ZAF,2009,4.76119
ZAF,2010,5.13497
ZAF,2011,5.28898
ZAF,2012,5.52323
ZAF,2013,5.35072
ZAF,2014,5.48978
ZAF,2015,5.48285
ZAF,2016,5.44424
ZAF,2017,5.59867
ZAF,2018,5.64401
ZAF,2019,5.91771
ZAF,2020,6.19288
ZAF,2021,6.60466
,1973,1.83042
,1975,1.98008
,1979,1.96894
,1980,1.98594
,1981,1.94081
,1982,1.871825
,1983,1.99577
,1984,2.06985
,1985,2.43543
,1986,2.67813
,1987,2.64433
,1990,2.41093
,1991,2.56676
,1997,3.0223
,1998,3.05142
,1999,2.7524
,2000,2.550115
,2003,3.11435
,2004,2.55604
,2005,2.57
,2006,2.647755
,2007,2.63527
,2008,2.74623
,2009,2.934515
,2010,3.37769
,2011,2.84188
,2012,2.72814
,2013,2.8480632
,2014,2.46593
,2015,2.95291
,2016,3.4631562
,2017,3.136415
,2018,2.8985982
,2019,2.860665
,2020,2.8608594
KOR,1970,3.41404
KOR,1971,3.73918
KOR,1972,3.22075
KOR,1973,2.68022
KOR,1975,2.08925
KOR,1976,2.75457
KOR,1977,2.42642
KOR,1979,3.01883
KOR,1980,3.45874
KOR,1981,2.89863
KOR,1982,6.32967
KOR,1983,4.31538
KOR,1984,4.00532
KOR,1985,3.98645
KOR,1986,3.63594
KOR,1987,3.37424
KOR,1988,2.74737
KOR,1989,3.06263
KOR,1990,3.03874
KOR,1991,3.48925
KOR,1992,3.57789
KOR,1993,3.69698
KOR,1994,3.01831
KOR,1995,2.93543
KOR,1998,3.36814
KOR,1999,3.36929
KOR,2009,2.87
KOR,2010,2.84
KOR,2015,4.454238
KOR,2016,4.3331
KOR,2017,4.32824
KOR,2018,4.45808
KOR,2019,4.68466
SSD,2011,0.96289
SSD,2012,1.2455281
SSD,2013,1.0245
SSD,2014,1.23246
SSD,2015,1.46556
SSD,2016,1.5439
,1985,4.09022
,1999,4.99491
,2000,3.76911
,2001,4.57258
,2004,3.74496
,2005,3.8189702
,2006,3.7844899
,2008,3.8449953
,2009,3.58538
,2010,4.49659
,2011,4.38598
,2012,4.677365
,2013,4.74492
,2014,4.83984
,2015,4.815085
,2016,4.821875
,2017,4.862555
,2018,4.83459
,2019,4.6000843
,2020,4.60817
ESP,1913,0.4
ESP,1937,1.6
ESP,1960,1.3
ESP,1970,1.83301
ESP,1971,1.88928
ESP,1972,2.06465
ESP,1974,1.45956
ESP,1976,1.89939
ESP,1977,2.07717
ESP,1978,2.23073
ESP,1979,2.33805
ESP,1980,2.6
ESP,1987,3.12818
ESP,1988,3.3283
ESP,1989,3.55178
ESP,1990,3.63359
ESP,1991,3.74235
ESP,1992,3.83716
ESP,1993,4.24489
ESP,1994,4.48468
ESP,1995,4.43463
ESP,1996,4.45746
ESP,1998,4.28786
ESP,1999,4.26044
ESP,2000,4.16605
ESP,2001,4.11127
ESP,2002,4.13457
ESP,2003,4.17343
ESP,2004,4.15786
ESP,2005,4.14432
ESP,2006,4.18482
ESP,2007,4.25405
ESP,2008,4.52806
ESP,2009,4.912
ESP,2010,4.85608
ESP,2011,4.89692
ESP,2012,4.46934
ESP,2013,4.35102
ESP,2014,4.30338
ESP,2015,4.28657
ESP,2016,4.22764
ESP,2017,4.20778
ESP,2018,4.18157
ESP,2019,4.23409
ESP,2020,4.59
LKA,1973,3.3164
LKA,1975,2.74455
LKA,1979,2.56743
LKA,1980,2.70417
LKA,1981,2.44221
LKA,1982,2.5585
LKA,1983,2.39061
LKA,1984,2.16526
LKA,1985,2.57614
LKA,1986,2.80542
LKA,1987,2.64433
LKA,1988,2.82636
LKA,1989,2.75516
LKA,1990,2.41093
LKA,1991,2.91558
LKA,1994,3.10853
LKA,1995,2.9576
LKA,1996,3.3436
LKA,1998,3.05142
LKA,2005,2.26
LKA,2006,2.33
LKA,2007,2.26
LKA,2008,1.98
LKA,2009,2.0559
LKA,2010,1.71774
LKA,2011,1.80861
LKA,2012,1.49617
LKA,2013,1.62107
LKA,2014,1.93288
LKA,2015,2.22875
LKA,2016,3.4492
LKA,2017,2.79925
LKA,2018,2.13539
LKA,2019,1.93
,1999,3.22786
,2000,2.646095
,2001,3.11486
,2002,3.00493
,2004,3.10713
,2005,3.23471
,2006,3.00992
,2008,3.06307
,2009,3.17394
,2010,3.50223
,2011,3.4451802
,2012,3.4527
,2013,3.61579
,2014,3.516535
,2015,3.67009
,2016,3.56161
,2017,3.77515
,2018,3.69644
,2019,3.586115
,2020,3.44302
SDN,2000,1.01218
SDN,2002,1.16425
SDN,2004,1.31255
SDN,2005,1.17843
SDN,2006,1.55354
SDN,2008,1.8515
SDN,2009,2.02213
SUR,2015,5.53468
SUR,2016,5.64052
SUR,2017,5.45867
SUR,2018,4.92254
SUR,2019,6.83226
SUR,2020,5.00707
SWE,1960,5.1
SWE,1979,6.37238
SWE,1980,6.53705
SWE,1981,6.7812
SWE,1990,5.21219
SWE,1991,5.44381
SWE,1992,5.2585
SWE,1993,5.50703
SWE,1995,6.14814
SWE,1996,6.83862
SWE,1998,7.06125
SWE,1999,6.84873
SWE,2000,6.74015
SWE,2001,6.61764
SWE,2002,6.92435
SWE,2003,6.79143
SWE,2004,6.66311
SWE,2005,6.5064
SWE,2006,6.36429
SWE,2007,6.17159
SWE,2008,6.34455
SWE,2009,6.74971
SWE,2010,6.52269
SWE,2011,6.36692
SWE,2012,7.53697
SWE,2013,7.61121
SWE,2014,7.57373
SWE,2015,7.4439
SWE,2016,7.61862
SWE,2017,7.56883
SWE,2018,7.64084
SWE,2019,7.63851
SWE,2020,7.17
CHE,1960,3.1
CHE,1980,4.23046
CHE,1981,4.19339
CHE,1982,4.25959
CHE,1983,4.36351
CHE,1984,4.22356
CHE,1985,4.17113
CHE,1986,4.20654
CHE,1987,4.16286
CHE,1988,4.22726
CHE,1989,4.13968
CHE,1990,4.38825
CHE,1991,4.54125
CHE,1993,4.94043
CHE,1994,4.90477
CHE,1995,4.90877
CHE,1996,4.91729
CHE,1998,4.7449
CHE,1999,4.74922
CHE,2000,4.64837
CHE,2001,4.81138
CHE,2002,5.16422
CHE,2003,5.36936
CHE,2004,5.29308
CHE,2005,5.0574
CHE,2006,4.81757
CHE,2007,4.55798
CHE,2008,4.73193
CHE,2009,4.89042
CHE,2010,4.76563
CHE,2011,4.81527
CHE,2012,4.85835
CHE,2013,4.86903
CHE,2014,4.8778
CHE,2015,4.93845
CHE,2016,4.92646
CHE,2017,4.95157
CHE,2018,4.86326
CHE,2019,5.093264
CHE,2020,5.22
SYR,1972,3.58356
SYR,1973,3.68991
SYR,1975,3.93451
SYR,1976,5.83146
SYR,1977,5.71442
SYR,1978,5.51426
SYR,1979,4.96617
SYR,1980,4.57553
SYR,1981,5.38392
SYR,1982,5.89761
SYR,1984,6.13389
SYR,1985,6.07005
SYR,1986,5.62294
SYR,1987,4.56184
SYR,1988,3.61586
SYR,1989,4.03414
SYR,1996,3.69905
SYR,2001,4.5464
SYR,2002,5.26985
SYR,2003,6.48084
SYR,2004,5.37148
SYR,2006,5.27965
SYR,2007,4.86471
SYR,2008,4.59525
SYR,2009,5.13014
TJK,1993,8.18559
TJK,1995,2.0659
TJK,1996,2.04345
TJK,1998,2.52849
TJK,1999,2.07652
TJK,2000,2.32871
TJK,2001,2.37659
TJK,2002,2.77579
TJK,2003,2.42079
TJK,2004,2.77203
TJK,2005,3.51213
TJK,2006,3.4035
TJK,2007,3.41327
TJK,2008,3.45983
TJK,2009,4.09831
TJK,2010,4.00675
TJK,2011,3.93511
TJK,2012,4.01803
TJK,2015,4.96774
TJK,2016,5.76368
TJK,2017,5.83797
TJK,2018,5.55836
TJK,2019,5.7129
TJK,2020,5.917163
TZA,1989,2.24927
TZA,1990,2.13807
TZA,1996,2.53283
TZA,1997,2.45859
TZA,1998,2.17591
TZA,2004,3.56123
TZA,2005,3.54625
TZA,2006,3.00992
TZA,2007,4.03342
TZA,2008,4.18591
TZA,2009,3.96076
TZA,2010,4.5417
TZA,2011,3.55829
TZA,2012,3.47093
TZA,2013,3.35796
TZA,2014,3.38488
TZA,2015,4.19487
TZA,2016,4.10197
TZA,2017,4.43051
TZA,2018,3.69644
TZA,2019,3.59684
TZA,2020,3.22515
TZA,2021,3.29779
THA,1971,3.06622
THA,1972,3.02915
THA,1973,2.55425
THA,1974,2.14687
THA,1975,2.38088
THA,1976,3.01672
THA,1977,3.21512
THA,1979,2.84529
THA,1980,2.57454
THA,1981,2.88314
THA,1982,3.27388
THA,1983,3.46387
THA,1984,3.43722
THA,1986,3.40798
THA,1987,3.11582
THA,1988,2.75342
THA,1989,2.50243
THA,1991,3.0886
THA,1992,3.04541
THA,1994,3.40523
THA,1995,3.14498
THA,1996,3.49961
THA,1997,4.57719
THA,1998,4.6257
THA,1999,4.83267
THA,2000,5.25346
THA,2001,4.81787
THA,2002,3.86492
THA,2003,3.72561
THA,2004,4.03089
THA,2005,3.93859
THA,2006,4.05038
THA,2007,3.60315
THA,2008,3.5085
THA,2009,3.86194
THA,2010,3.50844
THA,2011,4.80555
THA,2012,3.5969183
THA,2013,3.8243985
THA,2014,3.9191775
THA,2015,3.8639762
THA,2016,3.7676175
THA,2017,3.4653215
THA,2018,3.1986
THA,2019,3.02062
THA,2020,3.145711
TGO,1970,2.1138
TGO,1979,6.67914
TGO,1981,5.88208
TGO,1984,5.39358
TGO,1987,4.71763
TGO,1992,5.67514
TGO,1996,4.41244
TGO,1998,3.98424
TGO,1999,4.18572
TGO,2000,3.9209
TGO,2001,3.76704
TGO,2002,3.48745
TGO,2003,3.32609
TGO,2004,3.10963
TGO,2005,3.15978
TGO,2006,3.43501
TGO,2007,3.51063
TGO,2008,3.2853
TGO,2009,3.86788
TGO,2010,4.09635
TGO,2011,4.3093
TGO,2012,4.7192
TGO,2013,4.42365
TGO,2014,4.78455
TGO,2015,5.1086
TGO,2016,3.68649
TGO,2017,3.76053
TGO,2018,4.04394
TGO,2019,4.06914
TGO,2020,3.99125
TON,1984,10.34651
TON,1998,5.51713
TON,1999,5.38056
TON,2000,4.87808
TON,2001,4.47756
TON,2002,3.795
TON,2003,4.15951
TON,2004,3.91377
TON,2018,6.37291
TON,2019,7.95963
TON,2020,6.520573
TON,2021,6.6061773
TTO,1980,3.76808
TTO,1982,5.4574
TTO,1983,5.7666
TTO,1984,5.87391
TTO,1985,5.76775
TTO,1989,4.19987
TTO,1990,3.65413
TTO,1994,3.43181
TTO,1995,3.55855
TTO,1996,3.24877
TTO,1997,3.32521
TTO,1998,2.43892
TTO,1999,2.75612
TTO,2000,2.75565
TTO,2001,3.06529
TTO,2002,3.54301
TTO,2003,3.1366
TTO,2011,4.29602
TTO,2012,4.54983
TTO,2013,5.1188
TTO,2014,5.33194
TTO,2015,3.38721
TTO,2016,3.95391
TTO,2017,3.5755
TTO,2018,3.30404
TTO,2019,3.69809
TTO,2020,4.10374
TUN,1980,5.23516
TUN,1981,4.88936
TUN,1982,5.28605
TUN,1983,5.45763
TUN,1984,5.51745
TUN,1985,5.53972
TUN,1986,5.87949
TUN,1990,5.79086
TUN,1991,6.02747
TUN,1992,5.75489
TUN,1993,5.98377
TUN,1994,6.17647
TUN,1995,6.42976
TUN,1996,6.28781
TUN,1997,6.67903
TUN,1999,6.27099
TUN,2000,6.20196
TUN,2001,6.20185
TUN,2002,5.79006
TUN,2003,6.81675
TUN,2004,6.72079
TUN,2005,6.45157
TUN,2006,6.4388
TUN,2007,6.46452
TUN,2008,6.27157
TUN,2009,6.52848
TUN,2010,5.96304
TUN,2011,7.55437
TUN,2012,5.95086
TUN,2013,6.96745
TUN,2014,6.88187
TUN,2015,6.22045
TUN,2016,7.32435
TUR,1978,4.34774
TUR,1979,2.9152
TUR,1981,2.2083
TUR,1982,1.75491
TUR,1983,2.6476
TUR,1984,2.02923
TUR,1985,1.73811
TUR,1986,1.50957
TUR,1993,3.36547
TUR,1994,3.42483
TUR,1995,2.25111
TUR,1998,0.0
TUR,1999,2.88099
TUR,2000,2.51688
TUR,2001,2.63462
TUR,2002,2.72806
TUR,2003,2.85131
TUR,2004,2.98999
TUR,2006,2.72806
TUR,2010,3.7870135
TUR,2011,4.22152
TUR,2012,4.38722
TUR,2013,4.34481
TUR,2014,4.41258
TUR,2015,4.3222
TUR,2016,4.62774
TUR,2017,4.32369
TUR,2018,4.29407
TUR,2019,4.44778
TUR,2020,3.36
TKM,2012,3.04925
TKM,2019,3.12065
TCA,2000,4.71883
TCA,2001,4.84301
TCA,2002,5.06914
TCA,2003,4.72878
TCA,2005,2.541
TCA,2012,2.9757922
TCA,2013,2.6741493
TCA,2014,2.5919104
TCA,2015,3.09325
TCA,2016,2.90745
TCA,2017,2.74055
TCA,2018,2.74377
TCA,2019,2.50509
TCA,2020,3.2705
TCA,2021,4.4943
TUV,1990,7.55418
TUV,1997,3.73083
UGA,1971,3.16105
UGA,1973,3.35023
UGA,1974,3.39092
UGA,1975,3.22103
UGA,1976,2.67659
UGA,1982,2.51552
UGA,1983,1.68909
UGA,1984,2.42836
UGA,1985,3.43196
UGA,1988,5.10365
UGA,2000,2.46167
UGA,2004,4.95237
UGA,2005,2.9
UGA,2006,2.51
UGA,2007,2.34
UGA,2008,1.96
UGA,2009,1.65
UGA,2010,1.7274
UGA,2011,2.29891
UGA,2012,1.79747
UGA,2013,1.87114
UGA,2014,1.91472
UGA,2015,2.32152
UGA,2016,2.13789
UGA,2017,2.25364
UGA,2018,2.13052
UGA,2019,1.53
UGA,2020,2.58628
UGA,2021,2.66505
UKR,1970,4.57293
UKR,1997,5.45601
UKR,1998,4.44884
UKR,1999,3.61808
UKR,2000,4.02293
UKR,2001,4.52568
UKR,2002,5.24007
UKR,2003,5.40019
UKR,2004,5.12376
UKR,2005,5.8482
UKR,2006,5.97946
UKR,2007,5.90244
UKR,2008,6.15242
UKR,2009,7.05075
UKR,2010,7.39708
UKR,2011,5.93771
UKR,2012,6.4427
UKR,2013,6.4199
UKR,2014,5.87494
UKR,2015,5.74256
UKR,2016,5.00978
UKR,2017,5.41708
UKR,2018,5.31992
UKR,2019,5.4413
UKR,2020,5.38232
ARE,2011,1.6260726
ARE,2012,1.3051802
ARE,2013,1.4460303
ARE,2014,1.5373187
ARE,2015,1.7092017
ARE,2016,1.7371094
ARE,2017,1.6375691
ARE,2018,1.5107453
ARE,2019,3.86737
ARE,2020,3.87987
GBR,1870,0.1
GBR,1913,1.1
GBR,1937,4.0
GBR,1960,4.3
GBR,1971,5.03205
GBR,1972,5.15938
GBR,1973,5.44861
GBR,1974,5.391
GBR,1975,6.26878
GBR,1976,6.42422
GBR,1977,6.06335
GBR,1980,5.07012
GBR,1981,5.28842
GBR,1982,5.1887
GBR,1983,5.0615
GBR,1984,4.89906
GBR,1985,4.59409
GBR,1986,4.38084
GBR,1987,4.37181
GBR,1988,4.26831
GBR,1989,4.12511
GBR,1990,4.05552
GBR,1991,4.12248
GBR,1992,4.33449
GBR,1993,5.4
GBR,1994,4.85083
GBR,1995,4.83926
GBR,1996,4.37116
GBR,1998,4.2107
GBR,1999,3.98918
GBR,2000,4.02315
GBR,2001,4.10855
GBR,2002,4.62854
GBR,2003,4.80574
GBR,2004,4.7294
GBR,2005,4.92918
GBR,2006,4.97326
GBR,2007,4.90883
GBR,2008,4.88497
GBR,2009,5.04632
GBR,2010,5.66824
GBR,2011,5.5596
GBR,2012,5.659604
GBR,2013,5.50078
GBR,2014,5.56451
GBR,2015,5.51411
GBR,2016,5.37533
GBR,2017,5.38499
GBR,2018,5.16799
GBR,2019,5.20775
GBR,2020,5.53
USA,1960,4.0
USA,1993,5.5
USA,2010,6.719973
USA,2011,6.5215654
USA,2012,6.2758565
USA,2013,6.2509317
USA,2014,6.137388
USA,2015,4.95341
USA,2016,4.79815
USA,2017,5.10922
USA,2018,4.91233
USA,2019,4.98871
USA,2020,6.05
URY,1979,1.98713
URY,1980,2.15951
URY,1984,2.37339
URY,1985,2.56679
URY,1986,3.10283
URY,1991,2.47908
URY,1992,2.41153
URY,1994,2.27172
URY,1995,2.5214
URY,1996,2.86987
URY,1998,2.24337
URY,2000,2.42255
URY,2001,2.80096
URY,2002,2.3222
URY,2003,2.06821
URY,2004,2.49954
URY,2005,2.71475
URY,2006,2.88026
URY,2011,4.35527
URY,2012,4.3305173
URY,2013,4.51938
URY,2014,4.58498
URY,2015,4.55425
URY,2016,4.38281
URY,2017,4.47097
URY,2018,4.6628
URY,2019,4.70326
URY,2020,4.55207
UZB,2011,6.19586
UZB,2012,6.39523
UZB,2013,5.74191
UZB,2014,5.71323
UZB,2015,5.49444
UZB,2016,5.3809
UZB,2017,5.03282
UZB,2018,5.9
UZB,2019,7.00186
UZB,2020,4.92279
VUT,1994,4.11688
VUT,1998,7.64105
VUT,1999,6.16265
VUT,2000,7.00363
VUT,2001,8.95115
VUT,2002,8.13198
VUT,2003,8.44151
VUT,2008,5.95151
VUT,2009,5.16051
VUT,2014,5.18195
VUT,2015,5.60338
VUT,2017,4.53353
VUT,2019,1.77788
VUT,2020,2.24232
VEN,1970,4.16287
VEN,1971,4.17992
VEN,1972,4.83729
VEN,1974,3.94796
VEN,1975,5.19851
VEN,1977,5.25666
VEN,1980,4.40072
VEN,1981,5.18744
VEN,1982,5.00895
VEN,1983,6.05982
VEN,1984,4.06373
VEN,1987,3.92751
VEN,1988,3.62941
VEN,1990,2.44671
VEN,1992,4.31068
VEN,1993,3.81783
VEN,1994,5.00603
VEN,2006,3.66906
VEN,2007,3.62732
VEN,2009,6.87468
VEN,2015,1.93018
VEN,2016,1.19023
VEN,2017,1.34408
VNM,2008,4.88674
VNM,2009,4.8165
VNM,2010,5.13722
VNM,2011,4.81372
VNM,2012,5.53329
VNM,2013,5.652
VNM,2014,4.43838
VNM,2015,4.46576
VNM,2016,4.34481
VNM,2017,4.08554
VNM,2018,4.16745
VNM,2019,4.06197
VNM,2020,4.1116166
,1999,2.51417
,2000,2.56502
,2001,2.42614
,2002,2.5941448
,2003,2.75125
,2004,2.6811001
,2005,2.72683
,2006,2.5634
,2007,2.9463902
,2008,2.72312
,2009,3.08927
,2010,2.96306
,2011,2.6689
,2012,2.805635
,2013,2.94021
,2014,2.66667
,2015,3.05729
,2016,2.78058
,2017,3.43022
,2018,3.01322
,2019,3.02304
,2020,3.173885
OWID_WRL,1999,4.11037
OWID_WRL,2000,3.85399
OWID_WRL,2001,4.02032
OWID_WRL,2002,3.87853
OWID_WRL,2003,4.11728
OWID_WRL,2004,3.943515
OWID_WRL,2005,3.9848702
OWID_WRL,2006,3.98219
OWID_WRL,2007,4.03342
OWID_WRL,2008,4.2041454
OWID_WRL,2009,4.42207
OWID_WRL,2010,4.19864
OWID_WRL,2011,4.24209
OWID_WRL,2012,4.210355
OWID_WRL,2013,4.4313
OWID_WRL,2014,4.3998947
OWID_WRL,2015,4.3871565
OWID_WRL,2016,4.25408
OWID_WRL,2017,4.08554
OWID_WRL,2018,4.21257
OWID_WRL,2019,4.09531
OWID_WRL,2020,4.33205
YEM,2000,9.64552
YEM,2001,9.23766
YEM,2008,5.15143
YEM,2010,4.3922234
YEM,2011,5.042027
YEM,2012,5.46479
ZMB,1970,4.38781
ZMB,1971,6.09535
ZMB,1972,5.94579
ZMB,1973,5.48807
ZMB,1974,4.87801
ZMB,1975,6.23854
ZMB,1976,6.02694
ZMB,1977,5.69251
ZMB,1978,4.74075
ZMB,1979,4.15494
ZMB,1980,4.12671
ZMB,1981,4.00072
ZMB,1982,5.15487
ZMB,1983,5.38802
ZMB,1984,4.98856
ZMB,1985,4.14584
ZMB,1986,3.33899
ZMB,1987,2.66226
ZMB,1991,2.74057
ZMB,1992,2.0916
ZMB,1993,1.94208
ZMB,1994,1.79352
ZMB,1995,1.83853
ZMB,1998,2.11823
ZMB,1999,1.77495
ZMB,2000,1.78819
ZMB,2004,2.46343
ZMB,2005,1.73553
ZMB,2007,1.24076
ZMB,2008,1.09972
ZMB,2009,2.94
ZMB,2010,3.7
ZMB,2011,3.8
ZMB,2012,4.2
ZMB,2013,4.3
ZMB,2014,5.2
ZMB,2015,4.62433
ZMB,2016,3.74792
ZMB,2017,3.72964
ZMB,2018,4.73975
ZMB,2019,4.46518
ZMB,2020,3.7024
ZWE,1979,2.31784
ZWE,1980,2.54418
ZWE,1981,3.35154
ZWE,1983,4.14548
ZWE,1984,5.7915
ZWE,1985,7.41926
ZWE,1987,11.64476
ZWE,1988,12.33729
ZWE,1989,12.28423
ZWE,1990,12.45426
ZWE,1992,22.32221
ZWE,1994,44.33398
ZWE,2010,1.54406
ZWE,2012,6.07021
ZWE,2013,5.99598
ZWE,2014,6.13835
ZWE,2015,5.81279
ZWE,2016,5.47262
ZWE,2017,5.81878
ZWE,2018,3.86611
