Country,Year,GDP per Capita,Population(Million),Average Spending on Higher Education (USD/student),Government Expenditure On Education (%),Government Spending Teritary (% Gov Spending),Household Income per Capita,Number of Universities,Primary Enrollment rate (% gross),Secondary Enrollment rate (% gross),Tertiary Enrollment rate (% gross),Population with Tertiary Education (%)
AUS,1995,22442.32,18.004882,,5.13413,1.4,,187,101.29127,143.23387,70.68857,24.697142
AUS,1996,23289.4,18.224767,,5.231,1.6,,187,101.58029,148.636,75.64778,
AUS,1997,24477.41,18.423037,,,,,187,101.18403,152.93597,80.90665,25.702168
AUS,1998,25708.26,18.607584,,,,,187,100.92862,,,28.139578
AUS,1999,27139.25,18.812264,,,,,187,100.65884,,,28.981586
AUS,2000,28312.86,19.028802,12500.2,4.88731,1.1,,187,100.72193,,,31.372517
AUS,2001,29546.42,19.274701,,,,,187,100.63978,,,33.511932
AUS,2002,30807.51,19.49521,,,,,187,101.54878,,,35.797337
AUS,2003,32391.49,19.720737,,,,,187,101.67431,,,36.322815
AUS,2004,34000.17,19.932722,,,,,187,102.26413,,,36.168247
AUS,2005,35659.13,20.176844,14171.66,4.89852,1.1,,187,102.73932,,,38.098312
AUS,2006,37938.79,20.450966,,4.74065,1.0,,187,103.30405,,,38.804123
AUS,2007,39687.45,20.827622,,4.65622,1.0,29524.3791077434,187,105.18305,,,40.728859
AUS,2008,40130.34,21.249199,15768.22,4.63278,1.0,31051.3231583895,187,105.14112,,,41.99683
AUS,2009,41672.92,21.691653,16589.22,5.08452,1.1,30789.6994280676,187,105.30213,,,44.778488
AUS,2010,42816.43,22.03175,16300.98,5.54304,1.2,32599.9985775794,187,105.61943,,,44.374836
AUS,2011,44440.58,22.340024,16382.44,5.06995,1.2,33941.0874400542,187,105.68968,,,44.615528
AUS,2012,43884.64,22.733465,16002.71,4.86788,1.2,33934.6140312227,187,105.98445,,,47.231079
AUS,2013,47763.22,23.128129,18252.76,5.22924,1.4,36048.4276330054,187,105.99385,,,45.745182
AUS,2014,47606.75,23.475686,19493.58,5.16469,1.4,36816.1292775518,187,105.45709,,,48.13139
AUS,2015,47226.76,23.815995,20304.37,5.31584,1.5,37553.1967013718,187,101.59991,157.16766,118.61086,48.466274
AUS,2016,50136.8,24.190907,16181.19,5.28623,1.4,38951.6063326653,187,100.74441,153.0132,120.96571,49.30521
AUS,2017,50706.49,24.594202,20273.53,5.13681,1.3,38813.7397010069,187,100.33898,150.31148,113.14216,51.989063
AUS,2018,53025.39,24.966643,20675.54,5.12345,,39522.0089713121,187,100.16059,132.77289,107.80805,51.393173
AUS,2019,52785.25,25.340217,20664.38,5.13531,,40000.9749568813,187,99.72715,140.64604,115.95204,52.478458
AUT,1995,23698.1,7.948278,,5.42835,1.2,,84,102.36504,106.58471,44.97695,
AUT,1996,24560.62,7.959016,,5.2599,1.1,,84,102.39691,105.65033,47.49055,
AUT,1997,25426.66,7.968041,,,,,84,102.8261,105.12297,49.56702,
AUT,1998,26675.65,7.976789,,6.10374,1.6,,84,103.63034,97.74473,52.39628,
AUT,1999,27606.48,7.992323,,6.11234,1.6,,84,103.78485,98.4441,,
AUT,2000,29381.67,8.011566,,5.58881,1.4,,84,103.67232,98.69606,,
AUT,2001,29708.49,8.042293,,5.57548,1.3,,84,102.94747,98.9575,,
AUT,2002,31178.05,8.082121,,5.52213,1.2,,84,101.25148,99.02117,,
AUT,2003,32158.46,8.118245,,5.36183,1.3,,84,100.46382,99.4792,,
AUT,2004,33784.45,8.169441,,5.30243,1.4,,84,100.72132,99.52356,,30.473413
AUT,2005,35024.56,8.225278,,5.24937,1.4,,84,100.83262,100.35335,,30.570971
AUT,2006,37662.89,8.267948,,5.22652,1.4,,84,101.55929,100.32996,,31.518833
AUT,2007,39437.04,8.295189,,5.1469,1.4,29403.5290818421,84,101.67125,99.70887,63.04729,31.065872
AUT,2008,41316.02,8.321541,,5.26396,1.4,30475.132374413,84,100.72594,99.42073,65.8869,32.680725
AUT,2009,40927.56,8.341483,,5.73025,1.5,30400.9903274413,84,100.20248,99.64985,68.11265,33.408676
AUT,2010,42019.01,8.361069,,5.70048,1.6,31177.5325711971,84,99.78978,98.80721,75.62378,33.863789
AUT,2011,44469.21,8.388534,,5.59227,1.5,31746.4848535024,84,99.7387,98.06147,78.49945,34.808361
AUT,2012,46477.66,8.426311,16475.7,5.4804,1.8,33296.5271462556,84,100.59906,97.84332,78.93891,36.127834
AUT,2013,47936.68,8.47723,16853.0,5.54711,1.8,33971.8234744652,84,101.21012,99.19738,79.6554,38.666092
AUT,2014,48813.53,8.543932,16867.62,5.44762,1.8,34326.2291407177,84,101.62819,99.66308,79.1587,38.403149
AUT,2015,49942.06,8.629519,17560.62,5.45658,1.8,34413.5343174674,84,101.99748,100.321,80.71942,38.626846
AUT,2016,52665.09,8.739806,18625.0,5.47962,1.8,36227.9556316761,84,102.26436,100.96302,83.45495,39.671021
AUT,2017,54188.36,8.795073,18974.75,5.37159,1.7,36984.3120142911,84,103.11315,100.45521,85.05714,40.324657
AUT,2018,56956.11,8.837707,20416.62,5.22452,,38190.8705617069,84,103.31685,99.95784,86.68835,40.458271
AUT,2019,59716.25,8.877637,21946.23,5.21291,,40065.8552764624,84,103.10493,100.1937,86.47553,41.610401
BEL,1995,22447.05,10.136814,,2.98866,0.6,,142,101.79541,146.5033,53.43437,32.941891
BEL,1996,22743.89,10.156641,,3.04948,0.7,,142,102.01518,146.36201,55.44696,
BEL,1997,23732.79,10.181246,,,,,142,,,,
BEL,1998,24369.5,10.203012,,,,,142,,,,
BEL,1999,25441.89,10.226419,,,,,142,103.82362,141.85725,57.12717,
BEL,2000,27790.61,10.251251,,,,,142,104.83442,144.87628,58.16906,36.020634
BEL,2001,28792.4,10.286571,,,,,142,104.07656,153.80124,58.85634,37.506115
BEL,2002,30281.67,10.332786,,,,,142,103.16723,155.90697,59.38278,37.643967
BEL,2003,30934.82,10.376131,,,,,142,102.36091,158.63028,59.83446,38.910217
BEL,2004,32063.69,10.421136,,,,,142,100.80021,153.40533,61.02287,40.730312
BEL,2005,33176.68,10.47862,12286.28,5.79586,1.3,,142,100.46234,159.89014,61.08548,40.605904
BEL,2006,35256.78,10.547956,,,,,142,100.73419,161.01921,61.65359,41.863441
BEL,2007,36794.81,10.624835,,,,26344.8763605096,142,101.53422,159.51427,61.20013,41.339031
BEL,2008,37883.23,10.709108,14650.29,6.33294,1.3,27855.5616655671,142,102.15756,158.74341,62.08624,42.271435
BEL,2009,37751.63,10.796498,15367.01,6.4581,1.4,27868.5374158565,142,102.12756,156.63837,65.26769,42.484257
BEL,2010,39836.53,10.895591,15448.98,6.44259,1.4,28779.4539984626,142,101.92424,156.86153,67.82901,43.801159
BEL,2011,40943.34,10.993609,15666.21,6.43199,1.4,29401.733558232,142,101.9468,156.63316,69.84253,42.455688
BEL,2012,42290.48,11.067748,16694.87,6.255765,,30451.084634254,142,102.25605,157.79477,71.19202,42.989902
BEL,2013,43672.71,11.125033,17466.72,6.63053,1.4,31616.3791892908,142,103.82197,160.91924,72.11549,42.663147
BEL,2014,44929.93,11.179778,17808.27,6.59047,1.5,32229.0357017547,142,103.64806,162.29935,72.9974,44.239079
BEL,2015,46201.69,11.238474,17469.7,6.45157,1.4,32596.7529692703,142,103.15581,163.93472,74.55976,43.144318
BEL,2016,48599.2,11.295003,18608.13,6.46173,1.4,33824.037119115,142,103.31777,161.03316,75.89064,44.311111
BEL,2017,50442.95,11.349081,19531.09,6.42534,1.5,34777.2243507391,142,103.90557,158.54185,79.66173,45.725086
BEL,2018,52530.84,11.40374,20433.63,6.38137,,35932.8893005777,142,103.3507,155.96107,78.90117,47.397144
BEL,2019,55804.71,11.462023,21688.94,6.33976,,38140.756108611,142,102.61951,156.08061,80.13817,47.282982
CAN,1995,23485.64,29.302311,,6.32445,2.2,,383,101.81008,105.15247,90.5424,40.448719
CAN,1996,24050.18,29.610218,,,,,383,102.81308,105.47692,89.21377,42.239132
CAN,1997,25259.73,29.905948,,,,,383,,,,44.168514
CAN,1998,26319.93,30.155173,,5.49377,1.7,,383,99.82164,105.60397,59.50188,45.555809
CAN,1999,27841.63,30.401286,,5.5308,,,383,100.25747,102.37614,60.25187,46.988796
CAN,2000,29362.29,30.68573,,5.42332,,,383,100.78877,101.92313,59.11446,48.400093
CAN,2001,30231.01,31.020902,,4.95303,,,383,,,,50.856735
CAN,2002,30963.22,31.360079,,4.99308,,,383,,,59.54659,51.629013
CAN,2003,32350.07,31.644028,,,,,383,,,,53.179329
CAN,2004,33925.89,31.940655,,,,,383,98.4768,,,53.197052
CAN,2005,36327.66,32.243753,,4.76588,,,383,97.36457,101.39119,,53.694931
CAN,2006,38120.18,32.571174,,,,,383,98.88063,101.72825,,54.622643
CAN,2007,39575.32,32.889025,,4.76641,1.8,26587.7143310442,383,98.96648,101.90349,63.60006,55.674667
CAN,2008,40376.33,33.247118,,4.62612,1.6,27380.749872019,383,98.01331,102.34444,63.7674,55.619267
CAN,2009,38865.41,33.628895,,4.84058,1.8,27327.3240987425,383,99.0088,102.73444,63.06577,55.780476
CAN,2010,40099.5,34.004889,,5.35637,1.9,28472.1042123442,383,98.6416,102.39848,61.65585,56.169838
CAN,2011,41666.72,34.339328,,5.26205,1.9,29113.9573353463,383,98.18937,103.34896,63.46732,56.40131
CAN,2012,42290.88,34.714222,20902.28,4.6925874,,29745.7205182537,383,99.51828,109.98749,63.98077,57.056797
CAN,2013,44298.51,35.082954,22150.64,4.58901,1.3,30676.6738575626,383,100.34071,109.48599,65.3323,57.603394
CAN,2014,45753.78,35.437435,21330.88,4.84359,1.7,31379.9103324558,383,101.53666,109.3331,65.61291,57.725277
CAN,2015,44670.05,35.702908,21810.46,4.73938,1.6,31939.5398254005,383,102.48508,110.35653,64.78696,59.182831
CAN,2016,46472.37,36.109487,24448.94,4.81642,1.6,33594.3016547497,383,101.02387,112.51428,66.43918,60.582603
CAN,2017,48317.19,36.545236,24517.08,4.95997,1.7,34554.2781197279,383,100.94368,113.76286,68.92251,60.916767
CAN,2018,49992.81,37.065084,24326.04,4.88898,,35338.5167004454,383,101.50109,114.12351,70.11302,61.754246
CAN,2019,49832.41,37.60123,22554.14,4.77293,,34928.1382585596,383,100.98975,114.33327,75.69882,62.965115
CHE,1995,30586.36,7.040687,,4.90877,1.0,,103,96.06028,101.55832,31.3387,21.508133
CHE,1996,31242.61,7.071851,,4.91729,1.0,,103,98.10584,101.11494,32.39654,
CHE,1997,32440.8,7.088906,,,,,103,,,,24.680222
CHE,1998,33543.64,7.110002,,4.7449,1.0,,103,105.41258,95.87938,35.2897,24.964743
CHE,1999,34401.81,7.143991,,4.74922,1.1,,103,105.88007,95.8524,36.99367,25.919964
CHE,2000,36351.77,7.18425,,4.64837,1.1,,103,106.68965,95.62875,37.77896,25.571112
CHE,2001,37514.75,7.226647,,4.81138,1.1,,103,105.61872,95.33287,39.77228,25.608202
CHE,2002,38410.6,7.284754,,5.16422,1.3,,103,104.62748,93.70814,40.94655,26.701601
CHE,2003,38448.71,7.339002,,5.36936,1.5,,103,104.01816,93.78176,44.03967,29.236425
CHE,2004,39884.9,7.389626,,5.29308,1.5,,103,103.3387,94.41706,45.60078,30.414423
CHE,2005,41244.64,7.437116,,5.0574,1.4,,103,102.30718,95.45322,45.80415,31.038237
CHE,2006,45963.06,7.483935,,4.81757,1.3,,103,101.98685,96.02689,46.5378,32.229095
CHE,2007,50584.58,7.551117,,4.55798,1.2,33190.9992904187,103,102.10811,95.91104,47.24253,35.022648
CHE,2008,53498.01,7.647676,,4.73193,1.2,34749.2799148584,103,102.54068,95.88605,48.83328,38.482616
CHE,2009,52732.72,7.743832,,4.89042,1.3,34952.9013400237,103,102.83444,95.60131,50.14809,39.979767
CHE,2010,54349.19,7.82491,,4.76563,1.2,35143.9620772218,103,102.84946,96.11023,52.93773,37.405544
CHE,2011,57493.57,7.912396,,4.81527,1.3,35755.518481145,103,103.11392,96.41895,54.48452,38.016293
CHE,2012,59440.93,7.996861,24848.25,4.85835,1.3,37098.346737892,103,103.15372,96.48052,55.52047,39.260506
CHE,2013,61656.49,8.089346,,4.86903,1.3,38885.3214919277,103,103.60148,98.89136,56.27015,41.891548
CHE,2014,63417.04,8.188646,,4.8778,1.3,39673.3552406656,103,103.48743,,57.22972,44.214348
CHE,2015,65265.05,8.282398,,4.93845,1.3,40101.2229251717,103,104.1842,101.47371,57.70735,46.502586
CHE,2016,67350.74,8.373334,,4.92646,1.3,41097.6293085795,103,104.62911,102.56538,58.04695,48.844658
CHE,2017,68193.5,8.451834,,4.95157,1.4,40421.3445123861,103,105.19068,102.48743,59.56299,50.136665
CHE,2018,70688.84,8.514327,,4.86326,,41191.335145542,103,105.47647,102.57068,61.37745,51.206909
CHE,2019,72668.73,8.57528,,5.093264,,42806.0153351091,103,105.78728,102.34078,63.30806,52.695705
CHL,1995,7388.39,14.381249,4452.805,2.5647,0.5,,130,,,27.43599,
CHL,1996,7970.38,14.584947,,2.79625,0.5,,130,100.30411,,29.20949,
CHL,1997,8589.1,14.782706,,3.01246,0.5,,130,78.36396,,30.10981,
CHL,1998,8927.89,14.974898,,3.34015,0.6,,130,103.00903,78.90661,32.00794,
CHL,1999,8909.77,15.162353,,3.72922,,,130,103.76987,81.49079,35.36762,
CHL,2000,9440.04,15.343326,5875.667,3.77583,0.5,,130,103.01351,85.52158,35.3763,
CHL,2001,9845.97,15.520049,,,,,130,,,,
CHL,2002,10205.7,15.691701,,4.08121,0.6,,130,100.84305,88.94139,40.37825,
CHL,2003,10779.64,15.856977,,3.96346,0.5,,130,99.72118,91.27257,43.46954,
CHL,2004,11682.6,16.022133,,3.53839,0.5,,130,104.155,92.37826,43.93025,
CHL,2005,12600.91,16.183489,5968.981,3.26283,0.5,,130,104.56108,93.49675,49.36884,
CHL,2006,15589.16,16.34789,,3.02153,0.4,,130,105.41235,93.25523,48.23467,
CHL,2007,16771.18,16.517933,,3.21379,0.5,10216.6989793122,130,106.78148,92.0882,53.95667,
CHL,2008,16449.61,16.697754,6384.56,3.79243,0.6,11154.0929223531,130,107.54435,91.385,56.73127,
CHL,2009,16028.55,16.881078,6233.566,4.23065,0.7,11106.2665453651,130,106.50496,88.97956,60.9115,21.646658
CHL,2010,18041.31,17.063927,7159.524,4.16209,0.9,11991.9529210667,130,103.75048,90.00819,67.86343,
CHL,2011,20235.57,17.254159,7851.805,4.04519,0.9,13349.6207468583,130,103.40725,90.46908,72.27679,22.483852
CHL,2012,21458.81,17.443491,8354.463,4.541704,1.0,14873.1477708486,130,103.24807,89.50108,75.93107,
CHL,2013,22295.74,17.611902,7973.535,4.52943,1.2,15937.1450363971,130,101.45874,99.59392,79.95629,27.27248
CHL,2014,22650.71,17.787617,7813.067,4.73095,1.2,16106.5385098906,130,100.94146,100.68209,82.84638,
CHL,2015,22563.58,17.971423,6731.183,4.87531,1.3,15766.6425539399,130,100.68484,101.78093,85.26672,29.874573
CHL,2016,23384.61,18.167147,9361.033,5.34201,1.4,16718.8996284211,130,100.97826,101.77753,87.18814,
CHL,2017,24479.46,18.419192,9433.091,5.41966,1.4,16874.5754201648,130,101.43016,101.83142,88.46442,33.726387
CHL,2018,25496.43,18.751405,9159.648,5.43317,,17977.7554006773,130,102.17922,102.36755,90.89631,
CHL,2019,25509.45,19.107216,10416.96,5.61812,,18768.1799040115,130,102.37054,103.66516,93.10113,
CRI,1995,6906.6,3.428278,,3.35272,1.1,,68,103.87186,50.0523,,15.571484
CRI,1996,6951.48,3.520866,,3.89072,1.1,,68,104.19657,49.48251,,14.322502
CRI,1997,7268.56,3.611224,,,,,68,104.13839,50.49148,,15.969932
CRI,1998,7689.86,3.699939,,,,,68,104.27978,57.91545,,18.158443
CRI,1999,7934.31,3.786841,,5.39436,0.9,,68,112.08812,63.20633,,18.984701
CRI,2000,8247.75,3.872349,,4.66695,0.9,,68,109.10442,62.0568,,17.537357
CRI,2001,8544.27,3.953393,,4.83203,0.9,,68,109.81272,66.85674,,19.135366
CRI,2002,8816.95,4.022431,,5.15044,1.0,,68,109.20161,68.09944,,21.247219
CRI,2003,9244.8,4.086405,,5.13374,,,68,,,,21.351034
CRI,2004,9755.75,4.151823,,4.89063,0.9,,68,113.81433,79.50946,26.6577,23.304853
CRI,2005,10296.53,4.215248,,,,,68,111.86185,81.59254,,24.05043
CRI,2006,11214.35,4.278656,,4.61614,1.0,,68,114.12326,88.41922,,24.181473
CRI,2007,12292.27,4.34039,,4.63451,1.0,,68,113.68903,89.83688,,25.451525
CRI,2008,12936.43,4.40409,,4.88697,1.0,,68,115.35181,91.26713,,25.61059
CRI,2009,12711.17,4.469337,,6.0103,1.1,,68,116.95175,98.09202,,29.029856
CRI,2010,13325.31,4.533894,,6.56574,1.2,,68,116.89937,101.07974,,26.131706
CRI,2011,14068.15,4.592149,,6.37989,1.3,,68,115.88819,103.8047,45.81894,25.650885
CRI,2012,14852.93,4.65245893050581,,6.5824,1.3,11946.2853408554,68,114.66955,107.4917,48.10857,28.863514
CRI,2013,15542.37,4.71316814141015,8235.508,6.6874,1.4,12262.593207226,68,112.32019,114.39269,49.00672,28.275383
CRI,2014,16615.97,4.77312993384446,,6.67952,1.5,12876.2954137459,68,111.77286,120.12722,52.23117,28.704456
CRI,2015,17649.31,4.8322338134651,,6.8735,1.6,13519.5879422945,68,111.29795,122.78658,53.05263,28.331566
CRI,2016,19119.34,4.89037945221625,,6.89396,1.6,14675.8886312115,68,111.76114,125.81616,53.6387,28.922903
CRI,2017,20368.23,4.94748959332252,,7.06981,1.7,16130.4937390182,68,110.83347,128.92963,56.52795,28.004108
CRI,2018,21312.71,5.00340195767213,,6.76992,1.6,16619.155337857,68,113.29429,132.81693,55.3101,27.815552
CRI,2019,22739.24,5.05800714721902,,6.79585,1.6,17161.1236227347,68,116.18229,141.36398,57.67482,31.346508
CZE,1995,13855.33,10.330759,7846.06,4.51755,0.7,,64,104.58572,93.96192,20.57965,11.801331
CZE,1996,14689.58,10.315353,,4.24491,0.7,,64,104.23766,97.95691,21.50966,
CZE,1997,14825.33,10.303642,,,,,64,101.78807,87.74717,23.24161,10.855382
CZE,1998,14977.24,10.294943,,3.58012,0.7,,64,103.09031,82.15886,23.74192,10.455766
CZE,1999,15397.92,10.282784,,3.66753,0.7,,64,103.03382,82.96239,25.47488,10.941025
CZE,2000,16211.04,10.272503,5320.935,3.64034,0.7,,64,103.33581,88.31745,28.34876,11.199056
CZE,2001,17611.36,10.224192,,3.73283,0.7,,64,103.41559,94.80554,29.97563,11.27721
CZE,2002,18245.67,10.200774,,3.95878,0.8,,64,101.5521,95.50163,34.43736,12.26703
CZE,2003,19524.4,10.201651,,4.11728,0.9,,64,99.02735,96.48942,37.00822,12.051159
CZE,2004,20912.05,10.206923,,3.99239,0.9,,64,98.59606,95.4421,43.73418,12.978498
CZE,2005,22046.0,10.234092,6572.162,3.86591,0.8,,64,99.2147,95.67085,48.34936,14.231308
CZE,2006,23857.52,10.266646,,4.19551,1.1,,64,99.9962,96.03756,50.13669,15.246418
CZE,2007,26224.94,10.322689,,3.84718,1.0,16992.2036766479,64,103.18527,94.95881,54.18236,15.472363
CZE,2008,27853.55,10.429692,8179.323,3.72719,0.9,17934.5260469879,64,105.73485,94.14958,58.06951,17.674837
CZE,2009,27635.96,10.491492,8403.461,4.14606,1.0,18629.1187017599,64,105.97286,93.85027,61.07541,20.240141
CZE,2010,27766.98,10.517247,7953.911,4.0335,0.9,19246.2639273033,64,103.80442,94.65642,63.94588,22.630354
CZE,2011,28999.75,10.496672,9478.244,4.24209,1.1,19394.281379418,64,100.76086,95.79879,65.57001,25.124683
CZE,2012,29258.9,10.509286,10421.61,4.22071,1.0,19842.0680912546,64,99.36768,96.79181,65.67117,27.832432
CZE,2013,30828.53,10.510719,10307.66,4.04676,0.9,20841.7471910034,64,98.74181,103.99895,65.08577,29.195036
CZE,2014,32504.22,10.524783,10490.26,3.96523,0.8,21889.7964426235,64,98.66823,104.69722,65.6241,29.88735
CZE,2015,33909.31,10.542942,10960.24,5.75182,0.8,22313.3932226,64,99.51668,105.0893,64.48163,31.010311
CZE,2016,36101.29,10.565284,10193.64,5.55373,0.7,23663.6652875739,64,100.20888,104.63481,63.74813,32.564495
CZE,2017,38842.9,10.589526,11440.47,3.80616,0.7,25424.300200146,64,100.67099,103.49158,64.07869,33.821026
CZE,2018,41157.37,10.62643,16148.12,4.26692,,26770.8843323278,64,100.50899,102.29793,63.76877,33.328793
CZE,2019,44223.3,10.669324,17962.6,4.54338,,28746.8509021746,64,100.29667,101.30155,65.58698,32.580391
DEU,1995,23672.89,81.678046,,4.43076,1.0,,461,101.37612,104.96017,45.32742,21.274153
DEU,1996,24211.2,81.914834,,4.49471,1.0,,461,102.57969,104.50681,46.94253,
DEU,1997,24730.83,82.034775,,,,,461,104.05521,104.2955,47.79208,21.040304
DEU,1998,25532.75,82.047197,,4.46187,1.0,,461,105.47468,99.13724,,21.545525
DEU,1999,26510.23,82.100243,,,,,461,105.26504,99.27565,,21.528263
DEU,2000,27456.26,82.211501,,,,,461,105.31711,99.93066,,22.250971
DEU,2001,28663.9,82.349926,,,,,461,104.36076,100.50151,,21.779524
DEU,2002,29504.29,82.488493,,,,,461,102.5475,101.47367,,21.739561
DEU,2003,30270.99,82.534175,,,,,461,102.09838,101.82067,,21.799734
DEU,2004,31741.88,82.516268,,,,,461,102.883,102.1402,,22.942751
DEU,2005,32236.74,82.469421,13056.92,,,,461,103.10638,102.27959,,22.494616
DEU,2006,34664.54,82.376447,,4.29396,1.1,,461,104.21326,103.05829,,21.983997
DEU,2007,36863.11,82.266373,,4.3668,1.1,27926.1048511952,461,104.78634,102.24229,,22.62182
DEU,2008,38432.45,82.110097,16503.59,4.43595,1.2,29093.3431272611,461,104.02398,103.30832,,23.916872
DEU,2009,37465.46,81.902308,,4.90951,1.3,29162.2064520818,461,103.39642,103.15825,,25.655298
DEU,2010,39675.0,81.776936,17293.09,4.94368,1.3,30704.5582517415,461,102.99588,103.97484,,26.133959
DEU,2011,42541.51,80.274981,17656.29,4.82487,1.4,32107.4926965654,461,102.46656,103.76242,,27.67141
DEU,2012,43359.54,80.425826,17144.21,4.95658,1.3,33295.3906269424,461,101.6142,102.16761,,28.956329
DEU,2013,44993.67,80.645605,16950.21,4.93539,1.3,34223.5237813673,461,100.83825,100.81089,61.38684,29.995255
DEU,2014,47011.28,80.982495,17145.03,4.92102,1.3,35129.6869781155,461,100.53864,99.71072,65.50391,28.422802
DEU,2015,47609.56,81.686608,17062.67,4.85515,1.3,35492.3964342778,461,101.66745,98.82264,67.74687,29.588667
DEU,2016,50579.48,82.348669,17800.29,4.83923,1.3,37893.9618546332,461,102.67756,98.812,69.58059,30.527618
DEU,2017,53071.48,82.657,18381.67,4.87183,1.3,39272.160169021,461,104.02236,98.40928,70.24665,31.308737
DEU,2018,55195.72,82.905788,19356.25,4.97577,,41169.929876663,461,103.89456,97.5935,70.34264,32.281734
DEU,2019,57411.52,83.092956,20223.18,5.11664,,42752.8355990874,461,102.51618,97.5406,73.52106,33.260235
DNK,1995,22711.79,5.227861,9849.415,7.47104,1.8,,81,100.40299,117.87118,45.44683,21.697596
DNK,1996,23746.22,5.261503,,7.88494,1.9,,81,100.64478,120.49135,47.79915,
DNK,1997,24928.3,5.28422,,,,,81,,,,
DNK,1998,25820.59,5.301304,,8.10675,2.1,,81,101.58511,123.47572,52.45497,26.84832
DNK,1999,26657.83,5.319111,,7.93116,2.3,,81,101.33479,125.09521,55.81919,28.630783
DNK,2000,28672.33,5.337344,11521.0,8.08434,2.4,,81,101.42744,126.98766,57.21831,29.295521
DNK,2001,29452.76,5.355082,,8.21545,2.6,,81,101.36166,130.96404,59.99788,31.066076
DNK,2002,30639.95,5.374255,,8.21303,2.6,,81,103.32261,126.25839,63.50836,32.359928
DNK,2003,30825.23,5.387174,,8.12193,2.4,,81,,126.40031,67.50428,35.009655
DNK,2004,32948.17,5.401177,,8.20763,2.4,,81,100.73233,123.58519,74.395,37.593121
DNK,2005,34152.88,5.415978,14867.33,8.08557,2.3,,81,98.73159,124.09972,80.37451,39.83181
DNK,2006,37333.85,5.434567,,7.72991,2.2,,81,99.30144,119.99984,79.01963,40.808071
DNK,2007,39021.41,5.457415,,7.6156,2.2,23709.7214556707,81,100.01467,118.75887,78.55219,36.185223
DNK,2008,41283.0,5.489022,17815.58,7.47605,2.1,24628.5000223929,81,99.61479,117.84123,75.68209,36.165295
DNK,2009,40332.52,5.519441,18928.49,8.44888,2.3,25269.4115683377,81,99.56537,117.97562,74.28376,37.435608
DNK,2010,43006.15,5.543819,19552.1,8.55955,2.3,27066.7323754663,81,99.58201,119.49685,73.59667,37.608952
DNK,2011,44407.94,5.566856,21888.02,8.48486,2.4,27671.8631486807,81,100.78067,122.69902,76.75835,38.600784
DNK,2012,44808.55,5.587085,,7.23782,2.2,28226.796578206,81,101.35656,123.40579,79.10832,40.192459
DNK,2013,46742.94,5.608784,15697.53,8.49443,2.3,29302.6636572859,81,101.54556,129.33804,80.93104,40.929459
DNK,2014,47905.48,5.639719,15626.23,7.63485,2.3,29543.8327968615,81,101.29423,129.32817,81.02908,42.130608
DNK,2015,49058.14,5.678348,,7.0104146,,30507.1829275656,81,101.45644,130.25186,82.12949,43.043034
DNK,2016,51967.02,5.724456,20434.92,7.47694,,31950.5301364607,81,101.80483,129.11949,81.05675,44.594067
DNK,2017,55356.49,5.760694,20178.83,7.75244,2.5,33441.2777459902,81,101.26809,129.07748,80.61602,45.537395
DNK,2018,57479.35,5.789957,21643.29,6.79278,,34714.1638787589,81,100.52391,129.74554,81.18335,45.83231
DNK,2019,59884.12,5.814461,23347.42,6.88858,,36126.0856648821,81,100.26767,129.88503,81.83976,47.097672
ESP,1995,16290.47,39.718895,4441.288,4.43463,0.8,,276,105.08152,114.1104,45.729,26.606691
ESP,1996,16982.18,39.884246,,4.45746,0.9,,276,104.77669,117.57322,47.67777,
ESP,1997,17916.03,40.049974,,,,,276,104.28286,115.18431,50.54775,29.557011
ESP,1998,19101.54,40.214066,,4.28786,0.8,,276,104.42103,106.09796,52.83373,31.182714
ESP,1999,19962.79,40.369667,,4.26044,0.9,,276,104.54669,107.8069,55.02773,32.381985
ESP,2000,21595.59,40.554387,6854.854,4.16605,0.9,,276,104.50306,110.266,57.72711,33.978283
ESP,2001,23001.08,40.766049,,4.11127,0.9,,276,104.02462,111.7833,59.78373,35.42757
ESP,2002,24376.33,41.42352,,4.13457,0.9,,276,103.5991,111.85524,61.58797,37.484509
ESP,2003,25042.29,42.196231,,4.17343,1.0,,276,103.42386,112.15225,63.96756,37.90205
ESP,2004,26182.04,42.859172,,4.15786,1.0,,276,103.64733,113.83044,66.09032,38.99802
ESP,2005,27600.94,43.662613,9924.17,4.14432,0.9,,276,103.05699,117.34223,67.15335,40.703537
ESP,2006,30743.71,44.360521,,4.18482,0.9,,276,103.72332,117.33755,68.53449,40.32674
ESP,2007,32467.04,45.236004,,4.25405,1.0,22364.8250364156,276,104.15159,116.35605,68.75185,40.025246
ESP,2008,33242.25,45.983169,13075.95,4.52806,1.0,23317.348625525,276,104.6608,115.52629,69.74542,40.047447
ESP,2009,32089.53,46.36755,13254.87,4.912,1.1,22991.2041823045,276,104.58888,115.02879,71.58433,39.458729
ESP,2010,31690.89,46.562483,13191.53,4.85608,1.1,22897.5511488067,276,103.97558,119.11595,75.91095,40.312317
ESP,2011,31872.36,46.736257,13024.6,4.89692,1.1,22982.971416413,276,104.55565,120.93325,80.03797,40.311493
ESP,2012,31724.79,46.766403,12083.02,4.46934,1.0,22402.2051335687,276,105.24018,122.83753,82.27033,40.386406
ESP,2013,32463.12,46.593236,12699.14,4.35102,1.0,23021.399352256,276,108.19378,123.1873,83.72564,41.089592
ESP,2014,33558.98,46.455123,12524.1,4.30338,1.0,23479.1030734388,276,107.15204,123.37487,85.44627,41.477402
ESP,2015,34945.48,46.410149,12663.99,4.28657,1.0,24640.7765484176,276,106.36399,124.96066,85.61178,40.959778
ESP,2016,37333.06,46.449874,12866.65,4.22764,0.9,26018.3906627201,276,104.21417,126.19046,86.51608,40.980919
ESP,2017,39601.48,46.532869,13430.39,4.20778,0.9,27136.4617871495,276,102.71029,126.0045,88.85301,42.644691
ESP,2018,40776.77,46.728814,13803.63,4.18157,,27746.2357558076,276,101.98935,126.17915,91.11257,44.259609
ESP,2019,43135.74,47.105358,14706.57,4.23409,,29804.618270424,276,102.40252,125.94529,92.88235,46.508266
EST,1995,6428.71,1.436634,,5.89866,1.0,,31,91.73921,102.44538,25.44992,
EST,1996,6845.25,1.415594,,6.05492,1.2,,31,95.49847,92.8376,40.18613,
EST,1997,7942.68,1.399535,,6.33788,1.2,,31,97.21466,,44.0633,30.224184
EST,1998,8408.65,1.386156,,6.23536,1.0,,31,99.56613,94.37927,47.32125,29.34997
EST,1999,8479.42,1.375654,,6.65249,1.1,,31,101.38303,93.7179,49.61477,28.589798
EST,2000,9394.1,1.396985,,5.33946,,,31,102.96704,93.82781,54.54407,28.721388
EST,2001,10282.28,1.388115,,5.22846,1.0,,31,103.77445,94.95307,58.66144,27.28639
EST,2002,11628.3,1.37935,,5.43461,1.1,,31,102.38053,97.68678,61.53721,26.233803
EST,2003,13090.45,1.37072,,5.2731,1.0,,31,101.18794,97.67468,64.39908,27.367912
EST,2004,14496.53,1.36255,,4.87675,0.8,,31,99.68179,100.0869,66.18384,27.564163
EST,2005,16584.41,1.354775,3837.837,4.81027,0.9,,31,98.90731,102.78908,67.9128,32.912037
EST,2006,19288.35,1.34681,,,,,31,97.70077,103.1119,67.86591,34.418907
EST,2007,22161.32,1.34068,,4.61991,1.0,13398.3938135673,31,98.90848,103.24273,67.67473,34.382347
EST,2008,22780.01,1.33709,5842.527,5.48404,1.1,15100.4988501364,31,101.61071,102.26793,66.44184,35.746883
EST,2009,20459.91,1.334515,4656.186,5.96005,1.3,14353.0411603165,31,103.06117,102.73762,66.63192,36.644875
EST,2010,21588.77,1.331475,6749.938,5.51779,1.2,14690.8505453895,31,103.03214,105.28926,68.18451,38.010132
EST,2011,24515.49,1.327439,8059.716,5.01449,1.2,15645.2209917286,31,101.71394,107.36883,70.36909,38.927837
EST,2012,25946.94,1.322696,8489.831,4.71772,1.0,16236.751515705,31,100.95449,107.81157,72.37507,40.079975
EST,2013,27418.69,1.317997,11797.95,4.84388,1.4,17465.7408318809,31,99.56826,108.16742,73.92123,40.439819
EST,2014,28917.83,1.314545,11964.51,4.39433,1.4,18319.1519276539,31,98.00723,108.4099,73.30776,40.421608
EST,2015,29222.75,1.314608,12905.99,5.14419,1.4,19321.3291478592,31,97.14641,111.04143,72.16762,40.508533
EST,2016,31310.15,1.31579,13042.96,5.15764,1.4,20727.3170053457,31,97.1178,115.01412,71.39045,41.048111
EST,2017,33867.8,1.317384,14523.48,4.96132,1.1,21826.4676290509,31,97.23017,116.87475,69.04592,43.041157
EST,2018,36488.64,1.321977,17484.67,5.26321,,23485.9900508542,31,97.66769,116.65174,70.36543,43.633705
EST,2019,39068.37,1.326855,17243.69,5.30191,,24916.1181632281,31,97.92819,115.60512,74.23199,42.760071
FIN,1995,19587.66,5.107787,9831.336,6.80991,1.9,,42,98.96893,115.37917,67.40026,
FIN,1996,20087.76,5.124573,,6.85898,1.9,,42,99.04809,115.73713,70.33548,
FIN,1997,21794.59,5.139839,,,,,42,99.20027,117.57525,73.39403,
FIN,1998,23577.49,5.153499,,,,,42,99.89593,117.4786,79.17264,
FIN,1999,24767.16,5.16547,,5.86993,2.0,,42,100.39503,120.41423,81.38203,
FIN,2000,26789.93,5.176203,10655.71,5.7093,1.9,,42,101.2672,124.57893,82.32955,38.671585
FIN,2001,27801.07,5.188005,,5.84025,1.9,,42,101.26402,127.12463,84.31597,
FIN,2002,28605.12,5.200598,,6.01678,2.0,,42,100.39057,128.79507,84.83998,
FIN,2003,29053.04,5.21301,,6.16744,2.0,,42,99.67439,131.5445,86.94398,37.934616
FIN,2004,31201.76,5.228173,,6.15758,2.0,,42,98.78333,110.73313,89.51747,38.172512
FIN,2005,32051.76,5.2461,12332.33,6.02507,1.9,,42,98.41798,111.78969,91.67952,37.541725
FIN,2006,34452.68,5.266266,,5.92838,1.9,,42,98.00863,111.45566,93.15745,38.451385
FIN,2007,37843.27,5.288719,,5.67126,1.8,24261.6248388968,42,98.5561,110.11398,93.75906,39.297249
FIN,2008,40083.7,5.313398,15525.89,5.8301,1.8,25978.2415448409,42,98.97755,108.60678,94.69184,38.289055
FIN,2009,37972.46,5.338867,16731.92,6.45956,2.1,26334.7298434393,42,99.21357,107.47555,91.29066,39.388084
FIN,2010,38954.13,5.363341,17172.83,6.50445,2.1,27630.5537928286,42,99.48232,107.58606,93.44781,39.207012
FIN,2011,40916.65,5.388272,18181.89,6.44505,2.1,28489.4495067786,42,99.75524,108.09777,94.91993,39.377258
FIN,2012,40872.85,5.413967,18045.93,7.14804,2.0,29373.983871873,42,100.34098,108.24276,92.87735,39.749657
FIN,2013,41492.92,5.438975,18017.69,7.12404,2.0,30093.2105440337,42,100.34415,144.28612,90.99419,39.992779
FIN,2014,41749.86,5.461507,17874.63,7.10237,2.0,30263.2133645628,42,100.62072,146.42757,88.88166,40.308151
FIN,2015,42490.21,5.479528,17619.86,7.03208,1.9,30849.1223441098,42,100.56079,150.01987,87.67987,40.524899
FIN,2016,44934.49,5.495297,17903.9,6.85153,1.8,32273.2230052653,42,100.41884,152.16286,86.97852,41.13372
FIN,2017,47570.27,5.508209,17726.42,6.36311,1.7,33377.1258240619,42,100.15464,153.96358,88.19783,41.253643
FIN,2018,49573.26,5.515525,18124.21,6.27542,,34675.1907182505,42,100.20511,154.82024,90.26176,41.313869
FIN,2019,51811.6,5.521605,18664.81,6.41711,,36302.8561410262,42,99.91573,145.31898,92.95501,41.820766
FRA,1995,20782.67,59.383991,,5.79073,1.0,,625,105.26588,113.96344,50.37703,25.39583
FRA,1996,21362.73,59.589289,,5.75672,1.0,,625,106.13069,112.58374,52.36428,
FRA,1997,22247.34,59.795263,,,,,625,105.12505,111.53984,53.33495,27.807184
FRA,1998,23363.98,60.011008,,5.68792,,,625,105.20645,110.55317,53.88354,29.644657
FRA,1999,24311.4,60.315406,,,,,625,100.80926,105.76618,51.4899,30.937677
FRA,2000,26099.74,60.72478,,,,,625,100.42826,105.59022,50.60308,31.375711
FRA,2001,27499.54,61.163237,,,,,625,100.38221,104.57111,50.44729,34.232525
FRA,2002,28528.16,61.60455,,,,,625,100.2493,103.18634,50.25169,36.053307
FRA,2003,28178.58,62.037544,,,,,625,99.97545,102.7721,52.31698,37.855179
FRA,2004,29065.22,62.4908,,,,,625,99.81118,102.22002,53.45763,38.220337
FRA,2005,30504.06,62.958328,11188.65,,,,625,104.63649,106.78168,53.88233,39.776222
FRA,2006,32472.26,63.393406,,,,,625,104.27885,106.92752,53.87542,41.416058
FRA,2007,34132.7,63.781275,,,,26992.0668668151,625,103.85978,106.69353,52.94754,41.444328
FRA,2008,35102.87,64.133174,14324.25,,,27756.5303694484,625,103.62215,106.43284,52.47552,40.825264
FRA,2009,34686.48,64.458715,14931.13,,,27878.783870168,625,103.04114,106.23923,52.7731,43.149895
FRA,2010,35910.2,64.773169,15144.2,5.658596,,29168.8848984543,625,102.76151,106.42494,54.88172,42.87175
FRA,2011,37447.95,65.087317,15585.49,5.482983,,29757.8903248459,625,102.6911,106.61064,55.62573,42.988277
FRA,2012,37684.2,65.402998,15392.09,5.456467,,30369.3747884718,625,102.52316,105.81358,57.90901,42.909988
FRA,2013,39528.47,65.735961,16233.88,5.500378,,31388.0207749005,625,102.27644,104.3766,59.84876,44.055721
FRA,2014,40144.06,66.276671,16353.8,5.512063,,31699.9141206895,625,101.28035,103.42583,61.51048,44.726288
FRA,2015,40829.89,66.512558,16257.15,5.464235,,31890.7023268608,625,101.98964,103.39604,62.78593,44.687599
FRA,2016,42855.94,66.688563,16477.16,5.419067,,33550.6700073678,625,102.26043,103.3081,64.72768,44.036968
FRA,2017,44444.93,66.883314,16870.73,5.4516,1.2,34316.3133231532,625,102.41722,103.75608,65.80223,44.34428
FRA,2018,46336.93,67.125071,17403.74,5.40717,,35280.4130143154,625,102.46441,103.77333,67.54352,46.937691
FRA,2019,50226.68,67.349922,18702.51,5.35443,,37576.941750325,625,102.53948,104.29299,68.3579,48.052528
GBR,1995,20593.59,58.024799,,4.83926,1.1,,337,,103.10129,48.25759,
GBR,1996,21947.22,58.164374,,4.37116,1.0,,337,,102.00179,50.08433,
GBR,1997,23070.56,58.314249,,,,,337,,99.82121,53.28807,24.681225
GBR,1998,23693.32,58.474943,,4.2107,0.9,,337,100.79734,98.94206,55.54418,25.98814
GBR,1999,24492.87,58.684427,,3.98918,0.8,,337,100.66856,101.16221,60.11243,27.681889
GBR,2000,26534.52,58.886065,,4.02315,0.7,,337,100.35872,101.89601,58.47404,28.901674
GBR,2001,27915.79,59.113016,,4.10855,0.7,,337,100.22992,101.78683,59.26847,30.066694
GBR,2002,29091.27,59.365677,,4.62854,1.0,,337,99.82263,102.74328,62.56843,31.410488
GBR,2003,30322.78,59.636662,,4.80574,0.9,,337,99.99332,102.0994,62.06856,33.321693
GBR,2004,32075.02,59.950364,,4.7294,0.9,,337,105.93517,104.68904,59.35145,34.897144
GBR,2005,32719.74,60.413276,,4.92918,1.1,,337,106.38617,105.42197,58.9661,35.345379
GBR,2006,34744.13,60.827067,,4.97326,1.0,,337,105.06858,98.24422,59.03244,41.8297
GBR,2007,35521.72,61.319075,,4.90883,0.9,26564.4881554604,337,103.2406,97.1942,58.49451,43.08427
GBR,2008,36734.68,61.823772,,4.88497,0.8,27163.0831779131,337,105.06189,98.33966,56.64391,43.337868
GBR,2009,35033.29,62.260486,,5.04632,0.7,26910.6475885457,337,104.25979,100.16977,57.90053,45.283749
GBR,2010,36495.79,62.759456,,5.66824,0.9,27632.9377767968,337,104.55491,102.90468,58.92335,46.046906
GBR,2011,37208.97,63.285145,,5.5596,1.2,27563.1040958994,337,104.42571,93.76583,59.14593,46.910782
GBR,2012,38340.22,63.70503,24111.71,5.659604,,28630.6462837624,337,106.24608,91.55276,59.40212,47.860847
GBR,2013,39968.1,64.105654,25613.55,5.50078,1.3,29252.6844068104,337,107.112,123.77629,57.03876,48.31358
GBR,2014,41281.54,64.596752,24345.55,5.56451,1.4,29726.9653840956,337,102.25555,126.3899,56.5645,49.185982
GBR,2015,42500.91,65.110034,26506.35,5.51411,1.3,30915.3038284633,337,101.92527,124.524,56.45849,49.943413
GBR,2016,44057.69,65.648054,26188.88,5.37533,1.4,31697.7679008483,337,101.33521,,58.42562,51.775383
GBR,2017,46061.35,66.040229,28042.59,5.38499,1.4,32417.6286543526,337,101.15456,125.85187,59.99557,51.624851
GBR,2018,47107.71,66.43555,29730.25,5.16799,,33296.7681524208,337,100.99555,120.78358,61.38289,50.752552
GBR,2019,49220.2,66.796807,30063.26,5.20775,,34823.1124761365,337,100.49146,118.73629,65.77336,51.809521
GRC,1995,15433.24,10.56216,3164.108,,,,66,92.44614,89.73269,35.95558,21.01083
GRC,1996,16149.88,10.608801,,,,,66,92.20223,89.69777,39.62036,22.062969
GRC,1997,17155.8,10.661264,,,,,66,92.64603,89.10859,43.48873,22.369493
GRC,1998,18034.13,10.720507,,2.89256,0.9,,66,95.13059,88.96726,44.67811,24.000118
GRC,1999,18464.73,10.761698,,3.02773,0.9,,66,96.72457,88.35295,46.38552,23.948622
GRC,2000,19519.98,10.805806,3575.023,3.23019,0.8,,66,97.60522,87.81149,50.78434,23.921938
GRC,2001,20958.78,10.862129,,3.36458,1.0,,66,96.32825,92.35897,58.03318,23.480356
GRC,2002,22615.96,10.902022,,3.42431,1.1,,66,97.38613,97.81795,64.92796,23.705975
GRC,2003,23897.76,10.928072,,3.42934,1.1,,66,97.95395,95.5515,70.00507,23.732121
GRC,2004,25460.56,10.955142,,3.66719,1.3,,66,98.68874,95.86619,76.22245,25.493637
GRC,2005,25577.45,10.987316,6319.722,3.96396,1.4,,66,97.83578,100.81749,85.31207,25.663805
GRC,2006,28547.22,11.020366,,,,,66,97.67706,100.76952,90.09834,27.022612
GRC,2007,29323.91,11.048466,,,,22952.8142421047,66,96.7938,98.19933,87.39504,28.066544
GRC,2008,30855.94,11.077839,,,,24398.7280588958,66,,,,28.454678
GRC,2009,30359.45,11.107017,,,,24535.0859587776,66,,,,29.599367
GRC,2010,27911.57,11.121344,,4.1056314,,22097.8895795815,66,98.51425,106.31763,103.79628,31.15996
GRC,2011,25671.41,11.1049,,4.4351273,,20129.6853964051,66,98.29024,103.18358,109.15926,32.736923
GRC,2012,24911.13,11.04501,3811.404,4.5145497,,18709.57591201,66,99.16412,104.5624,113.7406,34.977001
GRC,2013,25986.64,10.965209,3712.93,4.47596,,18672.503699539,66,98.9243,105.76723,116.37682,37.168961
GRC,2014,26625.16,10.892415,3880.677,4.2870097,,19285.9211138136,66,97.87486,102.28946,122.402,38.66687
GRC,2015,26760.28,10.820883,4102.882,3.66139,0.7,19593.3364027354,66,99.5263,102.2004,,40.063866
GRC,2016,27511.8,10.775966,,3.9702415,,20285.6228963863,66,99.27773,102.95685,131.54086,40.979172
GRC,2017,28604.83,10.754679,3300.047,3.47709,0.6,20670.2957565597,66,99.55348,104.49627,136.60257,42.479965
GRC,2018,29617.52,10.732877,3498.982,3.59734,,21202.7329067775,66,99.36643,104.8779,142.85204,42.821678
GRC,2019,31155.95,10.721584,4300.498,3.58803,,22824.5968002525,66,99.9662,108.07686,148.53088,42.406635
HUN,1995,9192.59,10.328967,6369.895,4.84749,0.9,,69,104.85791,89.10828,22.15632,
HUN,1996,9352.28,10.311235,,4.33475,0.7,,69,102.11482,91.41068,24.5864,
HUN,1997,9824.82,10.290475,,,,,69,100.57114,94.73255,26.23302,12.421801
HUN,1998,10398.34,10.266571,,4.40865,0.9,,69,100.64414,91.32131,30.092,13.942406
HUN,1999,10873.25,10.237527,,4.56705,0.9,,69,100.74745,93.90972,32.50023,13.718729
HUN,2000,11855.46,10.210965,6197.434,4.8684,1.0,,69,101.11991,96.13126,35.94101,14.693064
HUN,2001,13210.46,10.187578,,4.93101,1.0,,69,100.20521,98.45055,39.69805,14.780178
HUN,2002,14526.39,10.15861,,5.17923,1.1,,69,99.01557,100.09392,44.55069,14.986973
HUN,2003,15479.03,10.129554,,5.79115,1.2,,69,98.11929,102.21666,52.23563,16.786734
HUN,2004,16268.94,10.10714,,5.32658,1.0,,69,97.50033,95.95344,60.0567,18.881723
HUN,2005,17108.34,10.087064,,5.31888,1.0,,69,98.16444,96.26466,64.99212,19.573023
HUN,2006,18382.56,10.071374,,5.28812,1.0,,69,99.58309,96.09009,67.54416,20.717684
HUN,2007,19096.71,10.055778,,5.13345,1.0,13603.5164642203,69,99.00732,96.16716,68.28498,21.989632
HUN,2008,20721.5,10.038186,,4.96611,1.0,14139.7397830801,69,100.64125,96.04281,66.48384,23.960701
HUN,2009,20722.89,10.022647,,4.94466,1.1,14246.6040046809,69,101.07377,96.24977,64.60789,25.0688
HUN,2010,21741.55,10.00002,,4.72176,1.0,15220.7381879418,69,100.85631,97.08149,63.72239,26.019491
HUN,2011,23029.45,9.958824,,4.56133,1.1,16287.5735002264,69,100.0155,96.79927,62.59323,28.107714
HUN,2012,23267.45,9.920364,9039.39,4.14112,0.8,16531.7521255845,69,99.69793,98.06066,61.46318,30.430923
HUN,2013,24547.98,9.893083,10373.97,4.18773,0.9,17193.9172733869,69,99.98496,104.71535,57.06502,30.876373
HUN,2014,25691.53,9.866466,8647.33,4.6004,0.8,17543.0656817193,69,101.85692,104.18991,52.01587,32.109055
HUN,2015,26798.85,9.843025,8815.057,4.4941,0.6,17974.1857660738,69,102.32512,103.03062,48.96214,32.12635
HUN,2016,27941.93,9.814026,11508.38,4.61454,0.7,18933.3220072533,69,101.87881,102.71395,48.03886,30.400248
HUN,2017,29496.16,9.787969,12719.93,4.6141,0.8,19791.3476692934,69,100.80547,103.48996,48.50038,30.162258
HUN,2018,31908.86,9.775566,13759.22,4.62283,,21482.3179355094,69,96.76048,103.92116,50.30653,30.576908
HUN,2019,34645.57,9.771142,12478.09,4.23764,,23137.5420068115,69,95.49094,103.26101,52.44465,30.589085
IRL,1995,18984.72,3.6013,7010.996,4.87162,1.1,,71,100.88363,111.25064,35.97259,27.178671
IRL,1996,20545.56,3.626087,,4.75392,1.2,,71,101.26021,110.57175,37.64003,
IRL,1997,22697.19,3.664313,,,,,71,79.85748,111.94288,39.438,
IRL,1998,25083.08,3.703082,,4.28754,1.1,,71,102.85718,102.08491,42.30303,
IRL,1999,27041.43,3.741647,,4.13379,1.1,,71,101.97056,104.87687,47.306,
IRL,2000,30218.78,3.789536,11245.84,4.13226,1.3,,71,102.28228,105.12237,49.44981,29.803612
IRL,2001,32594.18,3.847198,,4.08749,1.2,,71,102.02243,105.21723,50.6748,33.406429
IRL,2002,35222.82,3.917203,,4.10488,1.1,,71,102.82123,106.36421,53.5348,35.213902
IRL,2003,36280.54,3.979853,,4.20494,1.0,,71,102.71863,107.853,55.84617,37.062382
IRL,2004,38761.43,4.045188,,4.48296,1.1,,71,102.96355,109.40988,58.92191,39.63393
IRL,2005,40465.32,4.133839,10582.48,4.51898,1.1,,71,103.07785,109.7843,58.86932,40.673939
IRL,2006,44268.55,4.232929,,4.54742,1.1,,71,102.99924,109.60344,58.44118,42.462822
IRL,2007,46766.18,4.375842,,4.71541,1.1,25428.3310202164,71,103.30853,111.2345,58.30199,44.087189
IRL,2008,44105.36,4.48507,,5.45828,1.3,26122.2580456354,71,102.4756,111.29397,54.01747,45.064747
IRL,2009,41436.94,4.533395,,6.15611,1.5,24867.7956788863,71,102.79597,114.39266,56.50398,47.530376
IRL,2010,43211.9,4.554763,,6.05136,1.3,25652.910179167,71,103.23549,118.09691,63.12644,48.32497
IRL,2011,45132.18,4.574888,16259.33,5.82904,1.3,24627.0603862338,71,103.37868,115.83373,67.79859,47.42931
IRL,2012,46304.78,4.593697,15621.69,5.75269,1.2,25361.1710239569,71,102.11834,117.75219,68.19725,49.205013
IRL,2013,47836.19,4.614669,12992.91,5.34205,1.1,25043.7573896654,71,101.95834,,71.69955,51.073551
IRL,2014,51296.93,4.64544,13701.82,4.8785,1.0,24714.5568262461,71,101.54224,116.7391,73.81323,50.768299
IRL,2015,69305.54,4.687787,16538.72,3.75877,0.9,25600.0521262605,71,101.18464,116.98987,77.23215,52.004166
IRL,2016,71505.75,4.739597,16789.72,3.74212,0.7,27110.9970518298,71,101.34149,117.02872,77.55714,53.430691
IRL,2017,78252.21,4.79249,16724.26,3.50929,1.0,28262.878069452,71,100.85278,125.30712,77.78062,53.473541
IRL,2018,85034.73,4.857015,17129.51,3.39287,,29187.3214877702,71,101.03288,154.9083,77.28288,56.174488
IRL,2019,89759.24,4.921496,17442.34,3.29461,,30885.3295253586,71,100.98086,138.09122,75.17994,55.44936
ITA,1995,22395.62,56.844301,5042.071,4.31865,0.7,,289,98.04313,88.63999,41.47889,8.2170544
ITA,1996,23058.97,56.860279,,4.44764,0.7,,289,99.16785,89.54757,42.33779,
ITA,1997,23875.77,56.890371,,,,,289,100.06805,90.32009,46.85246,
ITA,1998,25021.68,56.906744,,4.45031,0.7,,289,101.44369,90.62778,48.31265,8.9524889
ITA,1999,25602.39,56.916316,,4.51085,0.8,,289,104.53933,92.05657,48.55508,9.9974318
ITA,2000,27077.65,56.942108,6985.889,4.29108,0.8,,289,103.90278,93.05417,49.81127,10.429003
ITA,2001,28036.3,56.976976,,4.65009,0.8,,289,103.48534,96.09916,52.87731,11.754972
ITA,2002,28721.08,57.089823,,4.43241,0.8,,289,102.83338,98.14539,55.55179,12.461238
ITA,2003,29154.66,57.399187,,4.54179,0.7,,289,102.4251,99.12857,58.67722,12.695857
ITA,2004,29481.85,57.828178,,4.3852,0.7,,289,102.06314,99.01793,62.24298,14.792785
ITA,2005,30028.49,58.166684,7273.56,4.2383,0.7,,289,102.29095,99.2878,64.43843,16.105026
ITA,2006,32309.29,58.399863,,4.52545,0.8,,289,103.10948,100.05312,66.1078,17.283623
ITA,2007,33960.79,58.756247,,4.10503,0.7,26195.8893268222,289,104.11291,100.46998,66.68297,18.863468
ITA,2008,35292.6,59.211183,9588.23,4.38795,0.8,27278.6877676168,289,104.2742,101.10097,66.3436,19.90484
ITA,2009,34335.93,59.555456,9775.04,4.52372,0.8,26562.2675926709,289,103.4859,101.41655,66.54997,20.160688
ITA,2010,34838.14,59.819402,10054.48,4.33412,0.8,27571.6441374622,289,102.99371,102.90382,65.7743,20.719744
ITA,2011,36203.33,60.026844,10676.13,4.11568,0.8,27784.7962102831,289,102.50435,103.33157,65.56312,20.983423
ITA,2012,36091.37,60.191243,10669.36,4.05602,0.8,27218.0306179349,289,101.29194,102.03334,64.13355,22.250719
ITA,2013,36267.93,60.311616,11303.19,4.14367,0.8,27534.8619152625,289,101.89729,102.40899,62.29616,22.744907
ITA,2014,36475.98,60.320708,11438.88,4.06128,0.8,27373.3502265311,289,101.15142,102.28106,61.70275,24.158854
ITA,2015,37206.33,60.229599,11318.01,4.07363,0.8,27712.0793376367,289,100.38675,102.25627,60.93946,25.149963
ITA,2016,40267.22,60.11522,11808.92,3.81579,0.7,29475.2915213786,289,99.42546,101.66235,60.93733,25.584146
ITA,2017,41951.47,60.002254,12166.71,4.04494,0.8,30434.9588642575,289,101.87936,101.27041,61.933,26.816479
ITA,2018,43427.66,59.877216,12281.4,4.25614,,31469.1369477447,289,101.24795,101.3531,64.29162,27.863623
ITA,2019,45799.74,59.729077,12567.99,4.09531,,33054.3724703305,289,100.96934,101.18826,66.0516,27.931559
JPN,1995,23865.91,125.570246,,3.40211,0.4,,992,99.83135,99.63805,39.11059,
JPN,1996,25009.68,125.864,,,,,992,99.47917,99.77099,,
JPN,1997,25629.42,126.166,,,,,992,98.55302,,,45.744064
JPN,1998,25520.2,126.486,,3.29797,0.4,,992,98.03915,99.29642,44.55702,46.062992
JPN,1999,25744.92,126.686,,3.37813,0.5,,992,97.792,99.15789,46.22626,45.76923
JPN,2000,27289.85,126.925843,,3.46012,0.5,,992,,,,47.844826
JPN,2001,27946.08,127.291,,3.40082,0.5,,992,,,,48.525471
JPN,2002,28633.7,127.435,,3.40899,0.5,,992,,,,50.993023
JPN,2003,29411.59,127.619,,3.46663,0.6,,992,,,,51.645981
JPN,2004,30837.18,127.687,,3.42611,0.6,,992,,,,52.640175
JPN,2005,32174.4,127.767994,14653.24,3.31494,0.6,,992,,,,53.185596
JPN,2006,33638.84,127.900515,,3.27668,0.6,,992,,,,54.074074
JPN,2007,35021.73,128.032743,,3.27934,0.6,24916.3811313874,992,,,,53.696037
JPN,2008,35278.75,128.08396,,3.27242,0.6,25393.9388735172,992,,,,55.060974
JPN,2009,33550.69,128.031514,,,,25581.2188418266,992,,,,55.667507
JPN,2010,35342.82,128.057352,17385.6,3.59952,0.7,26402.0212615495,992,,,,56.70573
JPN,2011,36215.01,127.834233,17913.09,3.60528,0.7,27299.6736016452,992,,,,58.721333
JPN,2012,37628.68,127.592657,18655.46,3.64742,0.7,28447.4277034279,992,,,,58.554874
JPN,2013,39436.68,127.413888,19878.59,3.62497,0.7,30474.3522723057,992,100.26113,101.55501,62.11674,58.368496
JPN,2014,39559.76,127.23715,19486.8,3.55159,0.7,30032.2094939555,992,99.5687,101.41521,62.94143,58.585857
JPN,2015,40908.78,127.094745,19179.87,3.2698197,,30597.0276338189,992,98.82829,102.16774,63.25098,59.646538
JPN,2016,40642.7,127.041812,18667.67,3.14643,0.6,29290.3455991883,992,98.24278,102.37202,63.58444,60.120392
JPN,2017,41531.22,126.918546,18888.4,3.13058,0.6,29915.5926235433,992,97.71049,102.49451,63.80704,60.426178
JPN,2018,42264.59,126.748506,19225.36,3.07782,,30777.4413527314,992,97.58688,101.95415,64.10384,60.730949
JPN,2019,42427.13,126.555078,19518.6,3.15725,,30918.2139569988,992,97.78883,100.8712,64.61712,61.514194
KOR,1995,13502.58,45.092991,,2.93543,0.2,,401,103.30252,98.69452,48.32634,28.806385
KOR,1996,14693.99,45.524681,,,,,401,102.90024,100.81208,53.73017,
KOR,1997,15721.56,45.95358,,,,,401,101.8404,99.21934,69.23929,30.871248
KOR,1998,14974.5,46.286503,,3.36814,0.4,,401,102.76645,97.10824,66.52222,33.83152
KOR,1999,16807.01,46.616677,,3.36929,0.5,,401,102.56433,96.30732,72.34547,34.837105
KOR,2000,18538.88,47.008111,,,,,401,100.62405,95.95925,76.6555,36.81242
KOR,2001,19724.49,47.370164,,,,,401,99.24331,95.61709,79.56944,38.955528
KOR,2002,21396.72,47.644736,,,,,401,98.92699,95.80931,82.14563,41.017273
KOR,2003,22096.02,47.89233,,,,,401,99.91718,96.49393,84.3598,46.514172
KOR,2004,23773.59,48.082519,,,,,401,100.25999,97.1923,87.48885,49.056168
KOR,2005,25186.64,48.184561,,,,,401,101.10885,97.0684,91.69358,50.858059
KOR,2006,26884.43,48.438292,,,,,401,101.73847,95.8076,97.05218,52.953865
KOR,2007,29064.7,48.683638,,,,17814.6029344014,401,102.92038,95.24726,101.92818,55.490356
KOR,2008,29945.9,49.054708,,,,18514.726674674,401,102.88288,95.04555,104.09288,57.842369
KOR,2009,29508.28,49.307835,,2.87,,18642.4285182529,401,102.00398,95.97579,104.2781,60.575958
KOR,2010,31736.7,49.554112,,2.84,,19674.9886129723,401,101.71987,96.36496,102.79102,61.449047
KOR,2011,32546.52,49.936638,,,,20438.864741522,401,101.71196,96.89766,100.74714,63.734528
KOR,2012,33557.03,50.199853,,,,21244.0412479003,401,100.33031,97.80176,97.42759,65.603264
KOR,2013,34244.24,50.428893,,,,21573.3199078738,401,98.06349,99.36505,95.60864,67.088554
KOR,2014,35324.26,50.746659,,,,21915.9557767694,401,98.30577,99.86733,94.85205,67.665947
KOR,2015,37902.36,51.014947,10267.51,4.454238,0.9,23958.2968282339,401,98.78454,100.0078,94.33984,68.861946
KOR,2016,39575.3,51.217803,10531.77,4.3331,0.9,24190.5977330586,401,97.71842,100.48505,94.03362,69.851555
KOR,2017,40957.35,51.361911,10621.66,4.32824,,24484.53503831,401,98.0886,100.33825,94.34969,69.752068
KOR,2018,43044.34,51.585058,11432.87,4.45808,,25736.626905859,401,99.60978,98.50636,95.86415,69.574219
KOR,2019,43410.15,51.764822,11395.59,4.68466,,26307.2791629751,401,100.98945,95.86535,98.44619,69.802818
LTU,1995,5930.85,3.629102,,4.76712,0.9,,40,98.89486,84.23988,26.29737,
LTU,1996,6385.73,3.601613,,4.84522,0.9,,40,100.15539,87.64799,28.48907,
LTU,1997,7069.56,3.575137,,5.45044,1.1,,40,101.02773,90.69736,32.47757,
LTU,1998,7762.98,3.549331,,6.11645,,,40,100.09006,92.61846,38.67401,
LTU,1999,7820.79,3.524237,,,,,40,102.84044,94.21491,44.62775,
LTU,2000,8447.11,3.499534,,,,,40,103.14423,96.91569,50.89682,39.739216
LTU,2001,9437.52,3.470818,,5.84759,1.3,,40,103.1488,99.62364,57.34761,
LTU,2002,10480.71,3.443067,,5.80008,1.4,,40,103.10415,102.29171,63.07008,
LTU,2003,12068.24,3.415213,,5.11418,1.0,,40,102.96309,105.02017,69.63042,
LTU,2004,13030.52,3.377075,,5.17428,1.1,,40,103.97029,103.00954,74.90138,
LTU,2005,14510.72,3.322528,4502.103,4.8784,1.0,,40,102.84456,104.49724,79.72981,36.882675
LTU,2006,16481.43,3.269909,,4.82573,1.0,,40,102.02875,107.00485,82.45318,38.863228
LTU,2007,19096.73,3.231294,,4.59521,1.0,13959.6065670771,40,101.10445,106.92929,82.51583,38.886436
LTU,2008,20721.03,3.198231,5991.126,4.8399,1.0,15823.2323336808,40,99.49927,106.10878,85.74509,41.594246
LTU,2009,18117.66,3.162916,5925.511,5.58524,1.1,15040.6753266551,40,99.94983,104.75588,89.25217,43.724075
LTU,2010,20096.63,3.097282,7166.076,5.29786,1.3,16206.7324319268,40,100.4215,105.06827,86.57257,46.317448
LTU,2011,22884.95,3.028115,9132.111,5.11343,1.5,17293.5748328713,40,101.25184,106.00816,84.05559,48.213768
LTU,2012,24703.7,2.987773,8963.914,4.75803,1.4,18333.5478353043,40,101.85441,106.17351,79.75163,48.577328
LTU,2013,26721.6,2.957689,9146.985,4.60233,1.3,19736.4197762918,40,101.75458,108.99441,73.5332,50.487457
LTU,2014,28184.5,2.932367,10049.41,4.48658,1.3,20332.6277580693,40,101.57557,108.18478,70.40061,52.552208
LTU,2015,28834.46,2.90491,9694.953,4.22719,1.2,21186.4224513898,40,102.08926,107.67293,69.74054,54.769646
LTU,2016,30925.15,2.868231,7852.196,4.00431,0.8,23290.2509387044,40,102.8918,107.42977,71.11852,54.926018
LTU,2017,33761.91,2.828403,8412.116,3.8122,0.8,24464.7840278734,40,103.87475,108.40176,72.41746,55.625957
LTU,2018,36376.54,2.801543,9908.427,3.89293,,25808.3818038189,40,104.26534,108.23794,73.7303,55.581402
LTU,2019,39992.56,2.794137,11431.87,3.97215,,28781.8264276591,40,102.99238,108.44551,72.00897,55.187374
LUX,1995,38264.06,0.408625,,3.65909,0.2,,5,95.50376,82.87055,7.3809,
LUX,1996,39698.63,0.414228,,3.47682,0.1,,5,95.50662,88.04383,8.09228,
LUX,1997,42445.03,0.41944,,,,,5,95.11339,90.09167,8.51562,
LUX,1998,44216.96,0.424699,,,,,5,94.75021,90.65243,8.99352,
LUX,1999,49744.97,0.430475,,,,,5,99.79086,97.3968,10.05715,
LUX,2000,55042.76,0.436303,,,,,5,100.14192,97.06419,9.81474,22.884604
LUX,2001,56093.17,0.441522,,3.53973,,,5,100.12943,97.23677,10.21577,
LUX,2002,58513.39,0.446166,,,,,5,100.31602,96.25859,11.85147,
LUX,2003,60115.44,0.451626,,,,,5,99.41079,96.1103,12.18662,
LUX,2004,64634.1,0.458098,,,,,5,100.1534,95.46379,,
LUX,2005,68707.78,0.465152,,,,,5,100.80898,95.36266,,37.013
LUX,2006,78825.37,0.472641,,,,,5,101.46625,95.90557,10.3312,33.489594
LUX,2007,84995.48,0.479992,,,,36911.9332419393,5,101.52278,96.71695,,35.748882
LUX,2008,90863.78,0.488647,,,,38702.354925876,5,100.57301,97.48297,10.60734,38.727974
LUX,2009,86800.87,0.497783,,,,38479.5943239623,5,,,,44.463192
LUX,2010,90252.98,0.506953,,5.2891545,,37908.7433613473,5,97.56551,101.29066,18.26521,44.22842
LUX,2011,94278.92,0.518351,,5.1235294,,39248.2889605426,5,96.55315,101.02246,,46.64621
LUX,2012,96535.75,0.530952,,3.87816,0.0,40660.6660862493,5,97.17509,100.36072,19.4322,49.882286
LUX,2013,100561.37,0.543358,,3.905838,,43403.071752342,5,96.83534,102.73632,,48.131443
LUX,2014,104917.95,0.556322,45800.56,3.85569,0.5,43282.8569417899,5,97.52305,102.70839,,52.928135
LUX,2015,107898.3,0.569605,49516.46,3.76792,0.5,43476.1403979943,5,98.97225,102.31936,19.77631,49.945854
LUX,2016,112955.47,0.583459,49523.16,3.485595,,44505.6035513456,5,100.78979,103.66516,19.56393,51.431648
LUX,2017,114862.53,0.596337,51851.05,3.48646,0.5,46535.0945475953,5,102.28595,103.65505,19.15177,51.395588
LUX,2018,116334.72,0.60795,48827.81,3.64749,,48794.2367830408,5,103.27634,104.30048,18.59047,54.780186
LUX,2019,119364.15,0.620003,53233.37,3.71982,,50089.4349681677,5,104.65446,104.69539,18.43,54.989532
LVA,1995,5517.94,2.485054,,,,,55,84.62649,88.86935,22.76615,
LVA,1996,5809.06,2.457226,,5.25758,0.7,,55,89.53882,87.0785,26.86086,16.065655
LVA,1997,6487.59,2.432851,,5.51279,0.8,,55,94.51179,85.36919,33.2554,15.154152
LVA,1998,7068.53,2.410027,,5.80772,0.9,,55,96.51265,86.8296,42.75383,16.883196
LVA,1999,7405.78,2.390477,,5.53938,0.9,,55,100.42683,87.32855,50.73215,16.481644
LVA,2000,8040.37,2.367549,2874.55,5.27427,0.9,,55,101.69978,90.06597,56.2438,17.292057
LVA,2001,9043.9,2.337172,,5.44696,0.9,,55,103.41183,92.85581,63.49176,16.561207
LVA,2002,10080.31,2.310176,,5.60254,0.9,,55,104.02027,95.29273,67.8093,17.257517
LVA,2003,11060.84,2.287955,,5.05715,0.7,,55,105.01615,96.53779,71.03424,18.489712
LVA,2004,12279.39,2.263123,,4.83406,0.7,,55,105.49058,99.29524,74.60856,19.741457
LVA,2005,13914.15,2.238799,4270.376,,,,55,104.84398,102.68632,75.4192,21.733368
LVA,2006,15854.81,2.218351,,4.68467,0.8,,55,104.26199,103.9654,74.59651,23.018604
LVA,2007,18232.82,2.200325,,4.63329,0.9,13236.4590278681,55,104.21336,103.92124,73.0433,25.688435
LVA,2008,19569.53,2.177324,6341.639,5.36645,0.9,14681.8275756788,55,103.5486,104.89757,72.36354,28.819571
LVA,2009,17022.09,2.141668,4945.85,5.52266,0.8,12783.556847413,55,102.9181,99.4204,73.05489,31.628628
LVA,2010,17709.03,2.097553,5853.362,5.03882,0.8,13304.413241548,55,102.9586,102.82216,69.05104,34.697613
LVA,2011,19256.8,2.05971,7454.226,5.07162,1.0,13227.5267602783,55,102.28565,105.56579,67.95347,35.106369
LVA,2012,21297.47,2.034324,7411.222,6.58271,1.4,14457.2565638527,55,101.04871,106.3448,66.64355,38.724171
LVA,2013,22637.2,2.012647,8051.465,6.99697,1.4,15351.1414007683,55,100.38627,114.77681,69.0766,40.700375
LVA,2014,23810.22,1.993785,8973.597,5.28123,1.1,16226.3362357635,55,99.85282,113.70693,70.89794,39.436726
LVA,2015,24975.48,1.977523,10222.25,5.28252,1.2,17350.2032922342,55,99.39332,112.35665,74.29988,39.870365
LVA,2016,26724.46,1.959535,7601.488,4.6575,0.8,18769.0733832418,55,99.19855,111.29681,80.60481,42.097309
LVA,2017,28689.62,1.942247,8342.391,4.36671,0.7,19936.9326307317,55,99.36784,110.72325,88.05743,41.608852
LVA,2018,30891.88,1.92717,10331.44,4.24357,,21259.527297963,55,99.61439,109.1557,93.02448,41.648941
LVA,2019,32825.17,1.913826,12572.49,4.42508,,22763.7226977441,55,99.98344,107.60246,94.86453,43.811146
MEX,1995,8231.66,91.843905,4272.411,3.69256,0.7,,1139,109.43838,58.89296,15.44539,
MEX,1996,8820.66,93.294783,,,,,1139,108.69319,61.08743,16.57881,
MEX,1997,9456.14,94.720541,,,,,1139,108.58006,63.43072,17.18595,16.726521
MEX,1998,9925.68,96.11696,,3.36529,0.7,,1139,108.35163,67.05234,18.23563,16.657288
MEX,1999,10216.05,97.482584,,3.53536,0.7,,1139,108.59282,69.20177,19.28018,16.283022
MEX,2000,10870.09,98.785275,4610.459,3.99244,,,1139,108.99793,71.76503,20.49101,17.454798
MEX,2001,10937.14,100.105299,,4.24104,0.6,,1139,109.07219,73.43567,21.26292,18.090631
MEX,2002,10999.98,101.493987,,4.45496,0.9,,1139,109.425,76.00561,22.10585,18.558001
MEX,2003,11308.49,102.890474,,5.07258,0.9,,1139,109.50614,79.86403,22.88397,18.899502
MEX,2004,11927.0,104.272444,,4.72671,0.8,,1139,108.99918,81.42749,23.66081,19.467903
MEX,2005,12521.73,105.669369,6224.856,4.84569,0.8,,1139,108.60084,82.30408,24.2164,14.924469
MEX,2006,13703.79,107.155391,,4.69992,0.8,,1139,108.17477,84.0856,24.79043,15.65289
MEX,2007,14215.82,108.744845,,4.69051,0.9,11899.969067255,1139,108.79971,84.90705,25.42106,16.287527
MEX,2008,14859.23,110.405454,7503.77,4.82007,0.9,12568.1671610104,1139,109.42442,86.42753,26.11203,16.384148
MEX,2009,14497.97,112.095388,12622.58,5.18794,1.0,12607.3875540451,1139,110.54528,85.93801,26.58673,17.244875
MEX,2010,15228.5,113.748671,8125.486,5.15922,1.0,13016.870200678,1139,110.63349,87.06992,27.56347,17.700443
MEX,2011,16521.77,115.367452,7589.81,5.10565,0.9,14019.8091528035,1139,110.54076,88.19018,28.3415,18.792442
MEX,2012,17195.06,116.93567,8187.961,5.1031,1.0,14254.2918806315,1139,110.41345,90.6672,29.47184,20.029097
MEX,2013,17437.04,118.453929,8352.56,4.69605,1.0,14573.6425152634,1139,109.44148,93.32755,30.30004,20.856949
MEX,2014,18153.35,119.936411,8900.553,5.25747,1.1,15097.5994696487,1139,108.00575,97.34338,31.09414,20.312202
MEX,2015,18430.22,121.3478,8379.113,5.22942,1.1,16019.1715786225,1139,106.60611,100.83274,31.81904,20.806568
MEX,2016,19791.26,122.715165,7554.652,4.90682,1.0,17120.3791370086,1139,106.27773,102.40406,38.43338,21.791378
MEX,2017,20201.86,124.041731,6554.888,4.51822,0.9,16924.6331971956,1139,105.77001,104.38503,40.22896,22.555721
MEX,2018,20561.25,125.327797,7843.604,4.25422,,17156.3584026637,1139,105.02807,105.10336,41.5228,23.359127
MEX,2019,20244.56,126.577691,7331.374,,,17315.8632417158,1139,104.65582,104.64724,42.8307,23.587111
NLD,1995,23446.99,15.459004,11512.66,4.57888,1.4,,129,107.2268,139.69827,47.4652,24.529028
NLD,1996,24516.32,15.5305,,4.49419,1.3,,129,107.35431,137.37646,48.11751,
NLD,1997,26016.4,15.61065,,,,,129,107.68104,130.37103,47.41347,
NLD,1998,27709.97,15.707205,,4.54057,1.3,,129,108.17529,127.20992,47.94746,27.493156
NLD,1999,29268.69,15.812085,,4.507,,,129,108.08065,122.75279,49.80249,
NLD,2000,31875.99,15.925505,13561.51,4.58512,,,129,107.98899,122.41854,52.28482,26.57077
NLD,2001,33186.91,16.046182,,4.69965,,,129,107.59439,122.84748,54.19206,26.544241
NLD,2002,34447.05,16.148921,,4.8059,,,129,107.4584,120.76194,55.19102,28.261511
NLD,2003,34151.98,16.225303,,5.04042,,,129,107.49457,120.87753,55.74325,32.107986
NLD,2004,35809.5,16.281777,,5.06297,,,129,106.8912,118.17799,56.97796,34.481209
NLD,2005,37625.25,16.319871,15410.73,5.1094,,,129,106.73933,118.37361,58.68984,35.375629
NLD,2006,41011.39,16.346096,,5.04402,,,129,107.04435,118.60428,59.65945,35.957436
NLD,2007,43943.91,16.381696,,4.88683,,29186.9432167276,129,107.72906,119.47656,59.94198,36.696419
NLD,2008,46419.04,16.44559,17292.12,5.02905,,30385.7648249351,129,108.27075,120.44203,60.33618,39.766335
NLD,2009,44558.44,16.530387,17605.46,5.43156,,30119.9218011729,129,108.4438,120.60619,61.16703,40.122009
NLD,2010,45042.67,16.61539,17600.03,5.48909,,29940.8084873073,129,108.27608,122.07911,63.71602,40.803711
NLD,2011,46599.23,16.693074,18147.44,5.46304,,30360.1041808595,129,107.49659,128.17912,75.87855,39.784946
NLD,2012,47271.97,16.754963,18757.8,5.41022,,31072.643726386,129,105.83011,110.11126,76.60667,43.036243
NLD,2013,49242.79,16.80443,19588.48,5.52656,,31685.5544464571,129,,,,43.793591
NLD,2014,49233.23,16.865008,19234.18,5.4589,,31934.9987011428,129,,,,45.43515
NLD,2015,50288.35,16.939925,19396.59,5.34816,1.6,32193.9574422192,129,102.6976,114.22227,80.56992,46.253574
NLD,2016,52289.4,17.030314,19873.65,5.4796,1.7,33258.2891477411,129,103.28676,113.75705,80.36484,46.487251
NLD,2017,55089.58,17.131295,20349.3,5.1751,1.6,34379.9581297719,129,104.22962,116.40947,84.98045,47.994652
NLD,2018,57825.4,17.231622,20871.4,5.35765,,36263.6231113921,129,105.22103,115.22582,87.09785,49.308193
NLD,2019,60208.0,17.344876,21314.88,5.15986,,38038.6382688688,129,106.09582,115.04066,,49.565659
NOR,1995,24362.69,4.359187,10813.49,7.69568,2.1,,47,98.48692,115.8196,54.14796,32.061005
NOR,1996,26827.75,4.381339,,7.13805,1.9,,47,98.55949,115.60389,58.0536,
NOR,1997,28609.61,4.405158,,7.30343,1.9,,47,84.33405,117.42446,61.50027,
NOR,1998,28202.24,4.431465,,7.36078,1.9,,47,100.2591,117.60096,62.80467,
NOR,1999,30573.14,4.461915,,6.96648,1.9,,47,100.75639,119.27005,66.36249,
NOR,2000,36988.66,4.490973,12950.43,6.46727,1.6,,47,100.85066,116.06364,69.27863,
NOR,2001,37827.47,4.513747,,6.83063,1.8,,47,100.86467,113.80095,70.22314,
NOR,2002,38057.58,4.538157,,7.43729,2.0,,47,100.19949,112.37321,73.32669,
NOR,2003,38683.3,4.564856,,7.41636,2.3,,47,99.98498,113.46353,79.06718,
NOR,2004,42671.13,4.591909,,7.29827,2.3,,47,99.3522,115.38011,79.22767,
NOR,2005,47969.89,4.623293,,6.86507,2.2,,47,98.5115,113.75949,78.52335,40.902966
NOR,2006,54362.24,4.660673,,6.38276,2.0,,47,98.59501,113.94465,77.67086,41.545238
NOR,2007,56177.48,4.709156,,6.5344,2.1,28473.5110543008,47,99.07673,113.58016,75.48997,42.6511
NOR,2008,62075.51,4.768215,18613.2,6.28522,2.0,29772.3011634362,47,99.26473,112.57491,72.59347,45.578697
NOR,2009,55617.68,4.828716,19037.96,7.10337,2.2,30494.5738619126,47,99.15568,111.31356,73.17962,46.829773
NOR,2010,58229.71,4.889253,18854.81,6.74634,2.0,31286.6999099862,47,99.08012,112.60663,73.49386,47.255039
NOR,2011,62461.2,4.953089,18972.52,6.45452,1.9,32290.4705672169,47,99.40241,112.18761,73.66792,46.807133
NOR,2012,65768.75,5.018574,20051.79,7.3747,,33728.8372040277,47,99.88345,110.57043,73.57134,45.018452
NOR,2013,67372.93,5.080171,21179.18,7.48535,2.0,35727.9216883881,47,100.22356,113.18486,76.50003,46.648712
NOR,2014,66335.46,5.137427,21009.11,7.69504,2.2,36475.0995000899,47,99.82749,112.76671,77.5435,49.008167
NOR,2015,60721.58,5.189898,20552.46,7.56933,2.0,36417.8177885806,47,99.90493,114.64604,77.95894,48.138676
NOR,2016,59263.43,5.236152,22448.29,8.03055,2.1,36933.1220070835,47,100.22588,116.22799,80.54654,48.614609
NOR,2017,64589.16,5.276965,23851.97,7.91198,2.1,39225.3396381929,47,100.26021,116.87442,81.99235,48.337029
NOR,2018,70252.74,5.311916,25463.63,7.64411,,40477.564536595,47,100.07763,117.45009,83.01726,48.211601
NOR,2019,69915.02,5.347893,25943.05,7.93839,,41853.0727927559,47,100.21533,118.62016,83.23069,48.658932
NZL,1995,17794.74,3.6734,,5.74213,1.6,,53,101.5194,113.44566,58.25991,
NZL,1996,18361.65,3.732,,6.38372,1.7,,53,100.21506,115.62929,59.26177,
NZL,1997,19070.6,3.7813,,6.15722,1.7,,53,101.45097,114.78357,,
NZL,1998,19284.72,3.815,,,,,53,101.8014,112.55697,,
NZL,1999,20537.6,3.8351,,6.63621,,,53,100.5263,111.26162,,
NZL,2000,21459.17,3.8577,8228.616,,,,53,99.54072,110.76227,,
NZL,2001,22416.67,3.8805,,6.56049,,,53,97.79587,111.72712,,
NZL,2002,23180.06,3.9485,,6.40699,,,53,97.38499,116.0867,,
NZL,2003,23885.1,4.0272,,6.43753,,,53,98.43256,118.77449,,
NZL,2004,25018.85,4.0875,,6.51203,,,53,98.53342,116.58678,,
NZL,2005,25590.13,4.1339,10394.03,6.27896,,,53,99.71795,120.24765,,
NZL,2006,27652.79,4.1846,,5.95276,,,53,100.18019,118.43106,,
NZL,2007,29252.86,4.2238,,5.91965,,20622.430444128,53,100.60348,119.35342,,
NZL,2008,29748.93,4.2598,13278.15,5.51145,,21181.8124509348,53,100.97975,117.09836,,
NZL,2009,30570.16,4.3026,13111.48,6.28817,,21493.445565578,53,101.06332,124.66021,,
NZL,2010,31138.15,4.3507,12921.23,7.00039,,22208.6179978369,53,101.11094,119.06472,143.93001,
NZL,2011,32638.1,4.384,13208.44,6.93969,,23343.7015402789,53,99.77766,118.50483,132.06964,
NZL,2012,32916.91,4.4081,13240.24,7.15993,,23864.9975499336,53,98.34792,117.10613,127.811874,
NZL,2013,36084.87,4.4421,14172.16,6.70155,1.7,24794.4400239715,53,97.944,115.2617,77.26279,
NZL,2014,37084.79,4.5165,14807.42,6.34243,1.6,24986.6895967349,53,97.6213,115.38464,77.9813,40.402225
NZL,2015,37246.95,4.6094,14814.79,6.32506,1.6,25507.7308466571,53,97.94278,114.74609,80.56338,39.066757
NZL,2016,39696.95,4.7141,15549.48,6.41179,1.5,27383.1380016027,53,98.82145,114.35969,81.77039,43.396225
NZL,2017,41994.49,4.8136,16870.4,6.25974,1.5,28766.3469770512,53,99.97476,114.59004,82.03322,44.158596
NZL,2018,42320.91,4.9006,17236.63,6.0485,,29567.1757453887,53,101.07142,114.63883,82.98303,45.811745
NZL,2019,45518.31,4.9792,18793.31,5.16372,,32605.6902882177,53,101.6777,123.14418,80.30255,43.792194
PRT,1995,14407.07,10.026176,4083.501,4.61331,0.9,,109,120.98411,102.96168,36.28978,13.511543
PRT,1996,14921.74,10.0639445,,5.06511,0.9,,109,121.03276,105.97133,38.72824,
PRT,1997,15788.63,10.108977,,,,,109,,,,
PRT,1998,16687.44,10.160196,,,,,109,122.48754,105.79042,43.62882,11.514186
PRT,1999,17718.2,10.217828,,5.04686,0.9,,109,122.14681,103.52392,44.91659,12.265655
PRT,2000,18880.3,10.289898,4913.416,5.16385,0.9,,109,123.12032,104.74362,47.86975,12.948861
PRT,2001,19528.69,10.3627215,,5.33713,1.0,,109,122.93484,105.80063,50.6373,14.205399
PRT,2002,20356.72,10.4196305,,5.25872,0.9,,109,119.0269,107.33437,52.91068,15.375848
PRT,2003,20852.18,10.458821,,5.28153,1.0,,109,119.46276,106.48391,54.84885,16.865643
PRT,2004,21477.87,10.483861,,5.04638,0.8,,109,118.56912,95.06655,55.65271,18.580444
PRT,2005,22725.35,10.50333,9636.104,5.07395,0.9,,109,118.08152,97.93074,55.43176,19.114288
PRT,2006,24681.1,10.522288,,4.90767,0.9,,109,118.0026,98.4939,55.39792,20.043453
PRT,2007,25736.28,10.5429635,,4.92147,1.1,20045.2991654123,109,117.00543,101.96286,57.79474,21.415401
PRT,2008,26665.77,10.5581765,9601.587,4.69609,0.9,20962.2802400836,109,115.68991,103.69304,61.6109,23.173708
PRT,2009,26459.29,10.5682465,9610.51,5.56315,1.0,21057.6977695092,109,113.17334,105.90389,62.64161,23.341423
PRT,2010,27260.55,10.5731,10260.04,5.41249,1.1,21540.8992455374,109,111.58922,106.75214,65.60205,24.804928
PRT,2011,26769.43,10.5745355,9492.552,5.12333,1.0,20912.3618634376,109,110.76992,106.58557,68.42896,26.924166
PRT,2012,26438.14,10.5314195,9798.233,4.94941,,20930.6640899089,109,109.61748,108.7159,68.51029,28.331631
PRT,2013,27936.01,10.4739905,11093.86,5.27097,0.9,21837.3289527493,109,109.51831,119.45542,66.13674,29.313473
PRT,2014,28742.31,10.4196065,11788.34,5.124,0.9,21837.8311403924,109,108.10259,116.0811,65.50357,31.439877
PRT,2015,29660.85,10.3818375,11823.4,4.88554,0.9,22627.6719074527,109,106.96263,118.76918,61.75633,33.139576
PRT,2016,31607.61,10.356516,11213.77,4.770906,,23946.1021582873,109,105.73752,118.02484,63.25565,34.969795
PRT,2017,33044.7,10.340124,11773.56,5.01561,0.8,24508.1272061617,109,106.18313,119.91319,63.93581,34.031322
PRT,2018,34928.62,10.334633,11778.18,4.67516,,26052.4691717238,109,106.82673,120.83398,65.66266,35.078072
PRT,2019,37299.18,10.3544455,12227.56,4.63002,,27747.0439745432,109,107.39288,120.62121,67.9307,37.36721
SVK,1995,8695.7,5.363676,4851.865,4.29758,0.7,,36,99.93383,89.00797,18.55095,
SVK,1996,9406.98,5.373793,,4.1244,0.6,,36,98.84378,90.97017,20.08966,
SVK,1997,10085.77,5.383233,,4.12232,0.7,,36,97.96108,91.41161,21.82171,10.418862
SVK,1998,10622.63,5.390866,,,,,36,101.18277,84.07127,24.22185,11.257501
SVK,1999,10714.99,5.395324,,4.1073,0.7,,36,101.11333,84.57762,25.92357,11.119711
SVK,2000,11353.51,5.400679,4809.005,3.86468,0.7,,36,101.49387,85.61715,28.41184,11.197058
SVK,2001,12386.83,5.37978,,3.9357,0.8,,36,101.56137,86.02515,30.06365,11.86272
SVK,2002,13307.88,5.378809,,4.2454,0.9,,36,99.50024,87.9406,32.08026,11.88759
SVK,2003,14166.12,5.37895,,4.20957,0.8,,36,98.50422,90.08665,33.88854,13.217635
SVK,2004,15197.89,5.382574,,4.10157,1.0,,36,97.7449,92.56905,35.98146,14.276714
SVK,2005,16595.26,5.387285,5845.753,3.75996,0.8,,36,98.21761,93.27786,40.35344,16.254873
SVK,2006,18850.14,5.391184,,3.7077,0.9,,36,100.58846,92.68424,44.77801,16.639072
SVK,2007,21138.75,5.397766,,3.52321,0.8,14208.5974266184,36,103.00017,92.33735,50.18767,17.470783
SVK,2008,23608.98,5.406972,6540.994,3.52165,0.8,16057.5025318877,36,103.95,91.7409,53.75125,18.438622
SVK,2009,22947.25,5.418374,6728.451,4.00641,0.8,16397.9920171721,36,102.94312,91.67635,56.04681,20.587223
SVK,2010,25221.41,5.431024,7191.161,4.06091,0.8,18167.631520249,36,101.44802,92.26112,57.06673,24.029381
SVK,2011,26260.18,5.398384,8210.5,3.9152,0.9,18149.4152466417,36,100.30396,92.5989,56.24748,25.505198
SVK,2012,27000.73,5.407579,9281.666,3.87419,0.9,18730.3588332011,36,100.52924,92.596,56.14001,26.97694
SVK,2013,28021.09,5.4133925,10224.65,4.08405,1.0,19313.8615727626,36,100.58761,90.81761,54.36053,29.674646
SVK,2014,29029.59,5.418649,11233.52,4.23041,1.0,19547.5004635222,36,99.76804,90.67749,52.68478,29.826096
SVK,2015,30062.18,5.4238005,15912.01,4.59206,1.4,20429.6911624193,36,98.493,90.98054,50.70005,31.312998
SVK,2016,29737.53,5.4307975,10979.71,3.91287,0.8,19929.4241270533,36,97.85217,91.25234,47.79592,33.372261
SVK,2017,30147.02,5.4392315,11404.55,3.94278,0.8,20040.4252565413,36,98.73205,91.06786,46.63439,35.065048
SVK,2018,31374.19,5.4467705,11991.83,3.97257,,21195.0004128374,36,99.70799,91.36261,45.36723,37.208523
SVK,2019,33459.32,5.454147,13288.25,4.29046,,22840.5205815057,36,100.82279,90.80721,46.42902,39.158154
SVN,1995,13636.34,1.987505,,4.90559,0.8,,55,96.51746,89.98239,30.39881,
SVN,1996,14299.48,1.991169,,,,,55,97.70581,90.10968,33.52625,
SVN,1997,15279.9,1.986848,,,,,55,98.79487,91.7872,36.76768,
SVN,1998,16050.56,1.982603,,,,,55,99.01412,92.69851,45.8693,
SVN,1999,17077.49,1.985557,,,,,55,98.28314,99.38122,52.43987,
SVN,2000,18000.44,1.990272,,,,,55,97.31965,100.95146,55.21221,19.301691
SVN,2001,18952.87,1.992035,,5.75683,1.3,,55,101.1889,106.61521,60.44275,
SVN,2002,20236.43,1.995718,,5.67286,1.3,,55,105.2309,107.53721,66.28983,19.680832
SVN,2003,21107.67,1.996773,,5.70333,1.3,,55,110.76275,109.05578,68.98807,23.663876
SVN,2004,22758.12,1.997004,,5.64426,1.3,,55,98.9928,97.18862,72.36907,24.868273
SVN,2005,23848.6,2.001114,,5.60408,1.2,,55,100.53746,97.18781,79.24755,24.686516
SVN,2006,25706.22,2.008516,,5.59066,1.2,,55,101.84752,96.97823,82.57848,27.004595
SVN,2007,27563.48,2.019406,,5.11661,1.2,19342.443444056,55,98.27503,98.65697,84.57386,30.066837
SVN,2008,29594.67,2.022629,,5.10952,1.2,20688.6782967057,55,98.6131,98.79871,85.51545,30.041327
SVN,2009,27511.17,2.042335,,5.55497,1.3,19856.9829114564,55,99.13549,98.74992,86.44243,30.383877
SVN,2010,27822.23,2.049261,8981.961,5.54546,1.3,20514.5615964384,55,99.49639,98.94939,89.15319,31.307655
SVN,2011,28931.42,2.052496,9863.648,5.54126,1.3,21101.6947420126,55,99.85341,98.89345,86.01755,33.815281
SVN,2012,29048.33,2.056262,10014.54,5.62023,1.2,21099.8159503327,55,100.29448,98.36042,87.01796,35.340069
SVN,2013,29979.62,2.059114,9864.965,5.40573,1.1,21370.2866124536,55,99.94418,111.06486,85.28806,37.393593
SVN,2014,30872.73,2.061623,10036.78,5.2917,1.0,21463.6483836056,55,99.71509,110.48546,82.23113,38.080215
SVN,2015,31631.84,2.063077,10255.7,4.90953,1.0,21849.1224395046,55,99.94983,110.32409,80.26099,40.758549
SVN,2016,33942.77,2.064241,11487.92,4.79267,0.9,23387.7505619115,55,99.83801,115.93011,77.84908,42.977364
SVN,2017,36517.58,2.066161,12729.93,4.78054,0.9,24665.9046039776,55,100.39674,115.60043,78.589,44.566971
SVN,2018,39008.3,2.07005,14076.52,4.93587,,26141.8092763045,55,102.06222,114.48921,77.11312,40.713264
SVN,2019,42118.7,2.08931,15754.64,4.91029,,28202.9437834944,55,103.01144,113.02622,77.88277,44.105736
SWE,1995,23107.29,8.826944,14321.9,6.14814,1.6,,46,104.24093,130.74976,42.39878,28.587297
SWE,1996,23934.11,8.840999,,6.83862,1.9,,46,104.38481,135.17647,45.96355,
SWE,1997,24805.66,8.846059,,,,,46,104.95322,139.16937,49.64133,29.33769
SWE,1998,25888.36,8.850975,,7.06125,1.8,,46,110.15198,155.72368,51.96879,30.726286
SWE,1999,27471.48,8.857879,,6.84873,1.8,,46,109.90063,156.55138,63.55074,31.740129
SWE,2000,29624.02,8.872112,15790.17,6.74015,1.8,,46,109.59968,151.85117,67.0748,33.639328
SWE,2001,29933.21,8.895963,,6.61764,1.9,,46,109.66054,147.63322,70.26627,36.882835
SWE,2002,30926.36,8.92496,,6.92435,2.0,,46,108.50175,143.92955,75.28257,39.169037
SWE,2003,31816.57,8.958232,,6.79143,2.0,,46,107.28479,137.02493,81.41976,40.438534
SWE,2004,33858.92,8.993534,,6.66311,1.9,,46,97.31768,103.29281,83.76122,42.302197
SWE,2005,34244.36,9.029567,15549.59,6.5064,1.8,,46,95.80499,104.05971,81.95384,37.286453
SWE,2006,37727.73,9.080506,,6.36429,1.7,,46,95.64809,103.56905,79.3248,39.131115
SWE,2007,40910.32,9.148093,,6.17159,1.6,25738.9814556013,46,96.69781,102.3869,74.83711,39.952
SWE,2008,42158.3,9.219639,20305.3,6.34455,1.7,27299.4719903457,46,98.71492,101.3035,70.73696,40.831505
SWE,2009,40279.88,9.298512,20755.08,6.74971,1.9,27267.4923466228,46,99.90296,99.48973,70.74316,42.351131
SWE,2010,42221.76,9.378131,20634.92,6.52269,1.9,27803.1072259192,46,101.43764,98.12031,73.67311,42.23127
SWE,2011,44608.58,9.449216,21083.55,6.36692,1.9,28934.1725000991,46,100.42846,96.97975,72.8254,42.86599
SWE,2012,45432.43,9.519379,23141.57,7.53697,1.9,30565.8161485949,46,101.92393,98.14225,68.81765,43.473869
SWE,2013,46312.4,9.600374,23817.13,7.61121,1.9,30645.2417356805,46,120.42475,128.55638,63.21716,44.817905
SWE,2014,47184.67,9.696105,24508.78,7.57373,1.9,31112.0448611177,46,120.85811,132.94212,62.18059,45.978123
SWE,2015,49103.13,9.799183,24679.15,7.4439,1.9,31745.7773891178,46,122.93745,140.43677,62.28248,46.408928
SWE,2016,50430.25,9.923086,24841.31,7.61862,1.8,32921.1457324689,46,124.85105,144.90935,63.54802,47.215698
SWE,2017,51947.96,10.057695,25200.3,7.56883,1.8,33389.3591869523,46,126.57538,152.86069,66.98824,47.388306
SWE,2018,53521.64,10.175215,26131.83,7.64084,,34174.3383788914,46,128.64354,151.70454,72.46117,47.530075
SWE,2019,56404.3,10.278888,26907.29,7.63851,,35654.6132506947,46,126.16413,146.24632,77.32911,48.373196
TUR,1995,10111.46,59.756,,2.25111,0.8,,209,99.59507,62.29675,20.28063,7.5436859
TUR,1996,10831.94,60.671,,,,,209,,,,
TUR,1997,11650.89,61.582,,,,,209,99.53732,61.95838,23.98666,7.3224893
TUR,1998,8937.59,62.464,,0.0,,,209,,,23.2543,7.8393312
TUR,1999,8625.28,63.364,,2.88099,0.8,,209,103.4232,71.69437,23.86259,8.7134142
TUR,2000,9476.6,64.268751,,2.51688,0.8,,209,103.40946,73.60044,,8.8802376
TUR,2001,9143.33,65.1663305,,2.63462,0.9,,209,105.70014,83.78104,25.62334,9.1435289
TUR,2002,9279.07,66.0025055,,2.72806,0.9,,209,106.66116,88.29371,26.55532,10.491946
TUR,2003,9597.94,66.794551,,2.85131,0.9,,209,103.42783,90.08895,30.20878,11.389406
TUR,2004,10884.32,67.598736,,2.98999,0.8,,209,103.2874,86.85767,30.98078,11.481482
TUR,2005,11910.61,68.43538,,,,,209,103.17626,83.93793,33.09504,12.508089
TUR,2006,13640.77,69.295253,,2.72806,0.9,,209,102.62585,87.90325,36.9227,13.459621
TUR,2007,14864.96,70.1581115,,,,,209,102.90472,90.3065,38.80711,14.199503
TUR,2008,16038.23,71.051689,,,,,209,102.50367,88.51843,40.22744,15.463108
TUR,2009,15442.77,72.039215,,,,11766.756782369,209,100.12716,80.04035,46.55458,16.639408
TUR,2010,17345.83,73.142162,,3.7870135,,13264.283693376,209,101.29898,84.28303,56.37698,17.447386
TUR,2011,19590.86,74.223642,10815.38,4.22152,,14997.2659132168,209,101.04956,88.3383,61.11636,18.87298
TUR,2012,20627.44,75.175836,11227.05,4.38722,,15597.3217850794,209,98.6305,85.18469,69.77253,20.998264
TUR,2013,22373.14,76.147634,11076.24,4.34481,,17002.3963411323,209,107.15428,100.48372,79.56095,22.456688
TUR,2014,24104.98,77.181894,11212.34,4.41258,,18268.4585990592,209,106.31295,102.87098,86.94416,24.793388
TUR,2015,25855.91,78.218488,10408.77,4.3222,,19693.675138809,209,103.0273,102.83774,95.31429,27.517448
TUR,2016,26695.91,79.277971,10592.4,4.62774,,20641.0129385635,209,100.94765,102.74053,103.58207,30.456598
TUR,2017,28193.06,80.312708,9631.063,4.32369,,21799.9781003222,209,93.15498,105.99227,109.54924,31.588659
TUR,2018,28281.47,81.407211,10013.34,4.29407,,,209,94.91045,104.47883,113.21707,33.280041
TUR,2019,28011.32,82.579448,9770.942,4.44778,,,209,97.05747,104.11508,115.04206,35.325356
USA,1995,28657.51,266.278393,15696.51,,,,3180,104.10641,96.67399,79.16598,33.599472
USA,1996,29932.16,269.394284,,,,,3180,103.55983,96.5443,78.79651,35.157932
USA,1997,31424.44,272.646925,,,,,3180,,,,35.704861
USA,1998,32817.98,275.854104,,,,,3180,102.56204,96.46503,71.81548,36.195801
USA,1999,34479.79,279.040168,,,,,3180,101.93083,94.39196,72.71023,37.368931
USA,2000,36299.66,282.162411,19479.21,,,,3180,,,,38.083973
USA,2001,37100.29,284.968955,,,,,3180,,,,38.717625
USA,2002,37954.22,287.625193,,,,,3180,,,,39.336624
USA,2003,39419.91,290.107933,,,,,3180,,,,38.652836
USA,2004,41659.66,292.805298,,,,,3180,,,,39.042027
USA,2005,44052.38,295.516599,23637.29,,,,3180,101.87402,95.05248,80.63483,39.363441
USA,2006,46234.11,298.379912,,,,,3180,,,,39.239269
USA,2007,47976.2,301.231207,,,,38661.9922670503,3180,,,,40.386425
USA,2008,48498.45,304.093966,26949.29,,,40004.9832010586,3180,,,,41.564896
USA,2009,47122.99,306.771529,26996.1,,,39622.4592859003,3180,,,,41.056328
USA,2010,48570.29,309.327143,25681.08,6.719973,,40752.9956558083,3180,,,,42.310982
USA,2011,49951.91,311.583481,26202.94,6.5215654,,42186.8569013273,3180,,,,43.132984
USA,2012,51644.99,313.877662,27526.95,6.2758565,,43903.2412931925,3180,,,,44.042595
USA,2013,53116.52,316.059947,27578.87,6.2509317,1.3,43860.8338657643,3180,99.45544,96.18649,88.72642,44.779469
USA,2014,54914.37,318.386329,29328.23,6.137388,1.4,45786.2932500211,3180,99.67338,96.92454,88.62687,45.663815
USA,2015,56520.61,320.738994,30001.31,4.95341,1.4,47228.4902068529,3180,100.29991,97.65255,88.88941,46.517712
USA,2016,57592.69,323.071755,31306.91,4.79815,1.2,48258.3778946363,3180,101.36286,98.76993,88.83505,47.521809
USA,2017,59589.23,325.122128,33063.35,5.10922,1.5,50047.2032368598,3180,101.82144,98.95234,88.16739,47.757
USA,2018,62449.61,326.838199,34035.54,4.91233,,52451.2967967785,3180,101.25656,99.27558,88.29918,49.373737
USA,2019,64690.27,328.329953,35346.91,4.98871,,54747.1648649221,3180,100.9813,100.06343,87.88871,50.380188
