﻿"LOCATION","INDICATOR","SUBJECT","MEASURE","FREQUENCY","TIME","Value","Flag Codes"
"AUS","GDP","TOT","USD_CAP","A","1960",2412.627589,
"AUS","GDP","TOT","USD_CAP","A","1961",2383.188902,
"AUS","GDP","TOT","USD_CAP","A","1962",2577.332834,
"AUS","GDP","TOT","USD_CAP","A","1963",2752.620592,
"AUS","GDP","TOT","USD_CAP","A","1964",2902.590472,
"AUS","GDP","TOT","USD_CAP","A","1965",3001.900269,
"AUS","GDP","TOT","USD_CAP","A","1966",3275.594754,
"AUS","GDP","TOT","USD_CAP","A","1967",3447.128012,
"AUS","GDP","TOT","USD_CAP","A","1968",3833.100887,
"AUS","GDP","TOT","USD_CAP","A","1969",4207.900059,
"AUS","GDP","TOT","USD_CAP","A","1970",4652.052555,
"AUS","GDP","TOT","USD_CAP","A","1971",4863.656325,
"AUS","GDP","TOT","USD_CAP","A","1972",5210.710998,
"AUS","GDP","TOT","USD_CAP","A","1973",5796.441599,
"AUS","GDP","TOT","USD_CAP","A","1974",6245.992541,
"AUS","GDP","TOT","USD_CAP","A","1975",6939.246847,
"AUS","GDP","TOT","USD_CAP","A","1976",7396.879985,
"AUS","GDP","TOT","USD_CAP","A","1977",7727.601527,
"AUS","GDP","TOT","USD_CAP","A","1978",8553.932397,
"AUS","GDP","TOT","USD_CAP","A","1979",9456.681329,
"AUS","GDP","TOT","USD_CAP","A","1980",10478.42327,
"AUS","GDP","TOT","USD_CAP","A","1981",11956.491969,
"AUS","GDP","TOT","USD_CAP","A","1982",11988.843953,
"AUS","GDP","TOT","USD_CAP","A","1983",12781.125663,
"AUS","GDP","TOT","USD_CAP","A","1984",13609.040018,
"AUS","GDP","TOT","USD_CAP","A","1985",14514.107374,
"AUS","GDP","TOT","USD_CAP","A","1986",14983.686193,
"AUS","GDP","TOT","USD_CAP","A","1987",16053.05751,
"AUS","GDP","TOT","USD_CAP","A","1988",17129.659482,
"AUS","GDP","TOT","USD_CAP","A","1989",17835.122957,
"AUS","GDP","TOT","USD_CAP","A","1990",17838.098144,
"AUS","GDP","TOT","USD_CAP","A","1991",18177.563681,
"AUS","GDP","TOT","USD_CAP","A","1992",19157.690963,
"AUS","GDP","TOT","USD_CAP","A","1993",20184.946005,
"AUS","GDP","TOT","USD_CAP","A","1994",21432.775454,
"AUS","GDP","TOT","USD_CAP","A","1995",22442.316842,
"AUS","GDP","TOT","USD_CAP","A","1996",23289.401829,
"AUS","GDP","TOT","USD_CAP","A","1997",24477.413795,
"AUS","GDP","TOT","USD_CAP","A","1998",25708.263828,
"AUS","GDP","TOT","USD_CAP","A","1999",27139.248201,
"AUS","GDP","TOT","USD_CAP","A","2000",28312.859441,
"AUS","GDP","TOT","USD_CAP","A","2001",29546.415014,
"AUS","GDP","TOT","USD_CAP","A","2002",30807.514079,
"AUS","GDP","TOT","USD_CAP","A","2003",32391.486238,
"AUS","GDP","TOT","USD_CAP","A","2004",34000.173773,
"AUS","GDP","TOT","USD_CAP","A","2005",35659.125487,
"AUS","GDP","TOT","USD_CAP","A","2006",37938.792079,
"AUS","GDP","TOT","USD_CAP","A","2007",39687.44861,
"AUS","GDP","TOT","USD_CAP","A","2008",40130.341686,
"AUS","GDP","TOT","USD_CAP","A","2009",41672.92375,
"AUS","GDP","TOT","USD_CAP","A","2010",42816.42896,
"AUS","GDP","TOT","USD_CAP","A","2011",44440.579478,
"AUS","GDP","TOT","USD_CAP","A","2012",43884.635595,
"AUS","GDP","TOT","USD_CAP","A","2013",47763.2159,
"AUS","GDP","TOT","USD_CAP","A","2014",47606.754929,
"AUS","GDP","TOT","USD_CAP","A","2015",47226.759745,
"AUS","GDP","TOT","USD_CAP","A","2016",50136.798381,
"AUS","GDP","TOT","USD_CAP","A","2017",50706.489861,
"AUS","GDP","TOT","USD_CAP","A","2018",53025.386896,
"AUS","GDP","TOT","USD_CAP","A","2019",52785.250556,
"AUS","GDP","TOT","USD_CAP","A","2020",55772.741079,
"AUS","GDP","TOT","USD_CAP","A","2021",62095.40433,
"AUS","GDP","TOT","USD_CAP","A","2022",70011.35139,"E"
"AUT","GDP","TOT","USD_CAP","A","1970",3829.646689,"E"
"AUT","GDP","TOT","USD_CAP","A","1971",4210.347708,"E"
"AUT","GDP","TOT","USD_CAP","A","1972",4638.431362,"E"
"AUT","GDP","TOT","USD_CAP","A","1973",5103.316706,"E"
"AUT","GDP","TOT","USD_CAP","A","1974",5772.030257,"E"
"AUT","GDP","TOT","USD_CAP","A","1975",6300.403784,"E"
"AUT","GDP","TOT","USD_CAP","A","1976",6963.323109,"E"
"AUT","GDP","TOT","USD_CAP","A","1977",7768.711478,"E"
"AUT","GDP","TOT","USD_CAP","A","1978",8304.353702,"E"
"AUT","GDP","TOT","USD_CAP","A","1979",9491.2402,"E"
"AUT","GDP","TOT","USD_CAP","A","1980",10527.764347,"E"
"AUT","GDP","TOT","USD_CAP","A","1981",11477.980004,"E"
"AUT","GDP","TOT","USD_CAP","A","1982",12423.32151,"E"
"AUT","GDP","TOT","USD_CAP","A","1983",13315.239773,"E"
"AUT","GDP","TOT","USD_CAP","A","1984",13803.556965,"E"
"AUT","GDP","TOT","USD_CAP","A","1985",14589.051633,"E"
"AUT","GDP","TOT","USD_CAP","A","1986",15215.699333,"E"
"AUT","GDP","TOT","USD_CAP","A","1987",15793.565749,"E"
"AUT","GDP","TOT","USD_CAP","A","1988",16865.676111,"E"
"AUT","GDP","TOT","USD_CAP","A","1989",18126.308279,"E"
"AUT","GDP","TOT","USD_CAP","A","1990",19473.072125,"E"
"AUT","GDP","TOT","USD_CAP","A","1991",20617.579156,"E"
"AUT","GDP","TOT","USD_CAP","A","1992",21293.2684,"E"
"AUT","GDP","TOT","USD_CAP","A","1993",21732.871184,"E"
"AUT","GDP","TOT","USD_CAP","A","1994",22642.841565,"E"
"AUT","GDP","TOT","USD_CAP","A","1995",23698.10309,
"AUT","GDP","TOT","USD_CAP","A","1996",24560.615338,
"AUT","GDP","TOT","USD_CAP","A","1997",25426.661912,
"AUT","GDP","TOT","USD_CAP","A","1998",26675.649686,
"AUT","GDP","TOT","USD_CAP","A","1999",27606.484243,
"AUT","GDP","TOT","USD_CAP","A","2000",29381.672832,
"AUT","GDP","TOT","USD_CAP","A","2001",29708.48945,
"AUT","GDP","TOT","USD_CAP","A","2002",31178.051444,
"AUT","GDP","TOT","USD_CAP","A","2003",32158.459529,
"AUT","GDP","TOT","USD_CAP","A","2004",33784.446804,
"AUT","GDP","TOT","USD_CAP","A","2005",35024.557484,
"AUT","GDP","TOT","USD_CAP","A","2006",37662.888035,
"AUT","GDP","TOT","USD_CAP","A","2007",39437.038795,
"AUT","GDP","TOT","USD_CAP","A","2008",41316.022642,
"AUT","GDP","TOT","USD_CAP","A","2009",40927.556365,
"AUT","GDP","TOT","USD_CAP","A","2010",42019.005887,
"AUT","GDP","TOT","USD_CAP","A","2011",44469.209642,
"AUT","GDP","TOT","USD_CAP","A","2012",46477.655075,
"AUT","GDP","TOT","USD_CAP","A","2013",47936.677963,
"AUT","GDP","TOT","USD_CAP","A","2014",48813.534409,
"AUT","GDP","TOT","USD_CAP","A","2015",49942.056293,
"AUT","GDP","TOT","USD_CAP","A","2016",52665.087457,
"AUT","GDP","TOT","USD_CAP","A","2017",54188.360666,
"AUT","GDP","TOT","USD_CAP","A","2018",56956.110562,
"AUT","GDP","TOT","USD_CAP","A","2019",59716.251399,
"AUT","GDP","TOT","USD_CAP","A","2020",57235.673886,
"AUT","GDP","TOT","USD_CAP","A","2021",59857.431692,
"AUT","GDP","TOT","USD_CAP","A","2022",67792.406005,
"BEL","GDP","TOT","USD_CAP","A","1970",3876.281882,"E"
"BEL","GDP","TOT","USD_CAP","A","1971",4210.339761,"E"
"BEL","GDP","TOT","USD_CAP","A","1972",4606.045802,"E"
"BEL","GDP","TOT","USD_CAP","A","1973",5140.547713,"E"
"BEL","GDP","TOT","USD_CAP","A","1974",5820.509456,"E"
"BEL","GDP","TOT","USD_CAP","A","1975",6257.95034,"E"
"BEL","GDP","TOT","USD_CAP","A","1976",6964.187919,"E"
"BEL","GDP","TOT","USD_CAP","A","1977",7434.877379,"E"
"BEL","GDP","TOT","USD_CAP","A","1978",8177.32807,"E"
"BEL","GDP","TOT","USD_CAP","A","1979",9056.634417,"E"
"BEL","GDP","TOT","USD_CAP","A","1980",10306.588212,"E"
"BEL","GDP","TOT","USD_CAP","A","1981",11242.312387,"E"
"BEL","GDP","TOT","USD_CAP","A","1982",11998.17467,"E"
"BEL","GDP","TOT","USD_CAP","A","1983",12500.660564,"E"
"BEL","GDP","TOT","USD_CAP","A","1984",13269.738044,"E"
"BEL","GDP","TOT","USD_CAP","A","1985",13912.683399,"E"
"BEL","GDP","TOT","USD_CAP","A","1986",14448.641766,"E"
"BEL","GDP","TOT","USD_CAP","A","1987",15130.569701,"E"
"BEL","GDP","TOT","USD_CAP","A","1988",16347.831104,"E"
"BEL","GDP","TOT","USD_CAP","A","1989",17514.427081,"E"
"BEL","GDP","TOT","USD_CAP","A","1990",18687.476527,"E"
"BEL","GDP","TOT","USD_CAP","A","1991",19598.867318,"E"
"BEL","GDP","TOT","USD_CAP","A","1992",20269.281468,"E"
"BEL","GDP","TOT","USD_CAP","A","1993",20470.683875,"E"
"BEL","GDP","TOT","USD_CAP","A","1994",21518.504151,"E"
"BEL","GDP","TOT","USD_CAP","A","1995",22447.051902,
"BEL","GDP","TOT","USD_CAP","A","1996",22743.894711,
"BEL","GDP","TOT","USD_CAP","A","1997",23732.789845,
"BEL","GDP","TOT","USD_CAP","A","1998",24369.501242,
"BEL","GDP","TOT","USD_CAP","A","1999",25441.891387,
"BEL","GDP","TOT","USD_CAP","A","2000",27790.606306,
"BEL","GDP","TOT","USD_CAP","A","2001",28792.401342,
"BEL","GDP","TOT","USD_CAP","A","2002",30281.667989,
"BEL","GDP","TOT","USD_CAP","A","2003",30934.823303,
"BEL","GDP","TOT","USD_CAP","A","2004",32063.687224,
"BEL","GDP","TOT","USD_CAP","A","2005",33176.680884,
"BEL","GDP","TOT","USD_CAP","A","2006",35256.775979,
"BEL","GDP","TOT","USD_CAP","A","2007",36794.811405,
"BEL","GDP","TOT","USD_CAP","A","2008",37883.233422,
"BEL","GDP","TOT","USD_CAP","A","2009",37751.634063,
"BEL","GDP","TOT","USD_CAP","A","2010",39836.533412,
"BEL","GDP","TOT","USD_CAP","A","2011",40943.343479,
"BEL","GDP","TOT","USD_CAP","A","2012",42290.477674,
"BEL","GDP","TOT","USD_CAP","A","2013",43672.712292,
"BEL","GDP","TOT","USD_CAP","A","2014",44929.933328,
"BEL","GDP","TOT","USD_CAP","A","2015",46201.685891,
"BEL","GDP","TOT","USD_CAP","A","2016",48599.202676,
"BEL","GDP","TOT","USD_CAP","A","2017",50442.947518,
"BEL","GDP","TOT","USD_CAP","A","2018",52530.84151,
"BEL","GDP","TOT","USD_CAP","A","2019",55804.713631,
"BEL","GDP","TOT","USD_CAP","A","2020",54544.41924,"P"
"BEL","GDP","TOT","USD_CAP","A","2021",58845.530928,"P"
"BEL","GDP","TOT","USD_CAP","A","2022",64896.334074,"P"
"CAN","GDP","TOT","USD_CAP","A","1970",4578.571353,
"CAN","GDP","TOT","USD_CAP","A","1971",4939.774725,
"CAN","GDP","TOT","USD_CAP","A","1972",5374.992803,
"CAN","GDP","TOT","USD_CAP","A","1973",5977.489317,
"CAN","GDP","TOT","USD_CAP","A","1974",6640.800015,
"CAN","GDP","TOT","USD_CAP","A","1975",7261.291122,
"CAN","GDP","TOT","USD_CAP","A","1976",8006.039296,
"CAN","GDP","TOT","USD_CAP","A","1977",8701.626955,
"CAN","GDP","TOT","USD_CAP","A","1978",9565.933831,
"CAN","GDP","TOT","USD_CAP","A","1979",10639.667377,
"CAN","GDP","TOT","USD_CAP","A","1980",11701.442943,
"CAN","GDP","TOT","USD_CAP","A","1981",13086.821695,
"CAN","GDP","TOT","USD_CAP","A","1982",13293.393286,
"CAN","GDP","TOT","USD_CAP","A","1983",14034.005498,
"CAN","GDP","TOT","USD_CAP","A","1984",15254.727065,
"CAN","GDP","TOT","USD_CAP","A","1985",16332.753021,
"CAN","GDP","TOT","USD_CAP","A","1986",16850.728641,
"CAN","GDP","TOT","USD_CAP","A","1987",17735.380147,
"CAN","GDP","TOT","USD_CAP","A","1988",18923.753758,
"CAN","GDP","TOT","USD_CAP","A","1989",19763.483902,
"CAN","GDP","TOT","USD_CAP","A","1990",20229.752821,
"CAN","GDP","TOT","USD_CAP","A","1991",20224.680598,
"CAN","GDP","TOT","USD_CAP","A","1992",20626.208981,
"CAN","GDP","TOT","USD_CAP","A","1993",21440.052546,
"CAN","GDP","TOT","USD_CAP","A","1994",22632.831273,
"CAN","GDP","TOT","USD_CAP","A","1995",23485.643444,
"CAN","GDP","TOT","USD_CAP","A","1996",24050.176142,
"CAN","GDP","TOT","USD_CAP","A","1997",25259.725362,
"CAN","GDP","TOT","USD_CAP","A","1998",26319.930258,
"CAN","GDP","TOT","USD_CAP","A","1999",27841.629576,
"CAN","GDP","TOT","USD_CAP","A","2000",29362.289573,
"CAN","GDP","TOT","USD_CAP","A","2001",30231.005032,
"CAN","GDP","TOT","USD_CAP","A","2002",30963.222007,
"CAN","GDP","TOT","USD_CAP","A","2003",32350.070882,
"CAN","GDP","TOT","USD_CAP","A","2004",33925.89256,
"CAN","GDP","TOT","USD_CAP","A","2005",36327.662059,
"CAN","GDP","TOT","USD_CAP","A","2006",38120.176792,
"CAN","GDP","TOT","USD_CAP","A","2007",39575.324973,
"CAN","GDP","TOT","USD_CAP","A","2008",40376.330167,
"CAN","GDP","TOT","USD_CAP","A","2009",38865.406022,
"CAN","GDP","TOT","USD_CAP","A","2010",40099.497886,
"CAN","GDP","TOT","USD_CAP","A","2011",41666.718851,
"CAN","GDP","TOT","USD_CAP","A","2012",42290.879082,
"CAN","GDP","TOT","USD_CAP","A","2013",44298.514462,
"CAN","GDP","TOT","USD_CAP","A","2014",45753.782936,
"CAN","GDP","TOT","USD_CAP","A","2015",44670.054374,
"CAN","GDP","TOT","USD_CAP","A","2016",46472.368771,
"CAN","GDP","TOT","USD_CAP","A","2017",48317.191163,
"CAN","GDP","TOT","USD_CAP","A","2018",49992.811418,
"CAN","GDP","TOT","USD_CAP","A","2019",49832.414539,
"CAN","GDP","TOT","USD_CAP","A","2020",47226.357276,
"CAN","GDP","TOT","USD_CAP","A","2021",53023.405782,
"CAN","GDP","TOT","USD_CAP","A","2022",58347.676945,
"CZE","GDP","TOT","USD_CAP","A","1990",12689.11978,"E"
"CZE","GDP","TOT","USD_CAP","A","1991",11655.361241,"E"
"CZE","GDP","TOT","USD_CAP","A","1992",11850.10236,"E"
"CZE","GDP","TOT","USD_CAP","A","1993",12123.459556,"E"
"CZE","GDP","TOT","USD_CAP","A","1994",12735.739208,"E"
"CZE","GDP","TOT","USD_CAP","A","1995",13855.325028,
"CZE","GDP","TOT","USD_CAP","A","1996",14689.582503,
"CZE","GDP","TOT","USD_CAP","A","1997",14825.32895,
"CZE","GDP","TOT","USD_CAP","A","1998",14977.240849,
"CZE","GDP","TOT","USD_CAP","A","1999",15397.922823,
"CZE","GDP","TOT","USD_CAP","A","2000",16211.043497,
"CZE","GDP","TOT","USD_CAP","A","2001",17611.358497,
"CZE","GDP","TOT","USD_CAP","A","2002",18245.669005,
"CZE","GDP","TOT","USD_CAP","A","2003",19524.399624,
"CZE","GDP","TOT","USD_CAP","A","2004",20912.054683,
"CZE","GDP","TOT","USD_CAP","A","2005",22045.99888,
"CZE","GDP","TOT","USD_CAP","A","2006",23857.518264,
"CZE","GDP","TOT","USD_CAP","A","2007",26224.942173,
"CZE","GDP","TOT","USD_CAP","A","2008",27853.549898,
"CZE","GDP","TOT","USD_CAP","A","2009",27635.956473,
"CZE","GDP","TOT","USD_CAP","A","2010",27766.983552,
"CZE","GDP","TOT","USD_CAP","A","2011",28999.754757,
"CZE","GDP","TOT","USD_CAP","A","2012",29258.904853,
"CZE","GDP","TOT","USD_CAP","A","2013",30828.526409,
"CZE","GDP","TOT","USD_CAP","A","2014",32504.217576,
"CZE","GDP","TOT","USD_CAP","A","2015",33909.309243,
"CZE","GDP","TOT","USD_CAP","A","2016",36101.285601,
"CZE","GDP","TOT","USD_CAP","A","2017",38842.896268,
"CZE","GDP","TOT","USD_CAP","A","2018",41157.370409,
"CZE","GDP","TOT","USD_CAP","A","2019",44223.295751,
"CZE","GDP","TOT","USD_CAP","A","2020",42817.867499,
"CZE","GDP","TOT","USD_CAP","A","2021",44813.002627,
"CZE","GDP","TOT","USD_CAP","A","2022",49122.317085,
"DNK","GDP","TOT","USD_CAP","A","1966",3478.770665,
"DNK","GDP","TOT","USD_CAP","A","1967",3688.28276,
"DNK","GDP","TOT","USD_CAP","A","1968",4005.784471,
"DNK","GDP","TOT","USD_CAP","A","1969",4487.21877,
"DNK","GDP","TOT","USD_CAP","A","1970",4248.52169,
"DNK","GDP","TOT","USD_CAP","A","1971",4574.864667,
"DNK","GDP","TOT","USD_CAP","A","1972",4931.344265,
"DNK","GDP","TOT","USD_CAP","A","1973",5382.129316,
"DNK","GDP","TOT","USD_CAP","A","1974",5774.161237,
"DNK","GDP","TOT","USD_CAP","A","1975",6198.669555,
"DNK","GDP","TOT","USD_CAP","A","1976",6909.512326,
"DNK","GDP","TOT","USD_CAP","A","1977",7452.578194,
"DNK","GDP","TOT","USD_CAP","A","1978",8128.810159,
"DNK","GDP","TOT","USD_CAP","A","1979",9120.602377,
"DNK","GDP","TOT","USD_CAP","A","1980",9884.854587,
"DNK","GDP","TOT","USD_CAP","A","1981",10752.294733,
"DNK","GDP","TOT","USD_CAP","A","1982",11846.504713,
"DNK","GDP","TOT","USD_CAP","A","1983",12639.97542,
"DNK","GDP","TOT","USD_CAP","A","1984",13649.592537,
"DNK","GDP","TOT","USD_CAP","A","1985",14639.303688,
"DNK","GDP","TOT","USD_CAP","A","1986",15645.101932,
"DNK","GDP","TOT","USD_CAP","A","1987",16050.794972,
"DNK","GDP","TOT","USD_CAP","A","1988",16604.997703,
"DNK","GDP","TOT","USD_CAP","A","1989",17360.536569,
"DNK","GDP","TOT","USD_CAP","A","1990",18247.650825,
"DNK","GDP","TOT","USD_CAP","A","1991",19075.690966,
"DNK","GDP","TOT","USD_CAP","A","1992",19826.832248,
"DNK","GDP","TOT","USD_CAP","A","1993",20228.549878,
"DNK","GDP","TOT","USD_CAP","A","1994",21691.165893,
"DNK","GDP","TOT","USD_CAP","A","1995",22711.794598,
"DNK","GDP","TOT","USD_CAP","A","1996",23746.219146,
"DNK","GDP","TOT","USD_CAP","A","1997",24928.302667,
"DNK","GDP","TOT","USD_CAP","A","1998",25820.590998,
"DNK","GDP","TOT","USD_CAP","A","1999",26657.827372,
"DNK","GDP","TOT","USD_CAP","A","2000",28672.330304,
"DNK","GDP","TOT","USD_CAP","A","2001",29452.760705,
"DNK","GDP","TOT","USD_CAP","A","2002",30639.953691,
"DNK","GDP","TOT","USD_CAP","A","2003",30825.225589,
"DNK","GDP","TOT","USD_CAP","A","2004",32948.16657,
"DNK","GDP","TOT","USD_CAP","A","2005",34152.881663,
"DNK","GDP","TOT","USD_CAP","A","2006",37333.84624,
"DNK","GDP","TOT","USD_CAP","A","2007",39021.411928,
"DNK","GDP","TOT","USD_CAP","A","2008",41282.995471,
"DNK","GDP","TOT","USD_CAP","A","2009",40332.516629,
"DNK","GDP","TOT","USD_CAP","A","2010",43006.150516,
"DNK","GDP","TOT","USD_CAP","A","2011",44407.94207,
"DNK","GDP","TOT","USD_CAP","A","2012",44808.549212,
"DNK","GDP","TOT","USD_CAP","A","2013",46742.939663,
"DNK","GDP","TOT","USD_CAP","A","2014",47905.477079,
"DNK","GDP","TOT","USD_CAP","A","2015",49058.142344,
"DNK","GDP","TOT","USD_CAP","A","2016",51967.020438,
"DNK","GDP","TOT","USD_CAP","A","2017",55356.49009,
"DNK","GDP","TOT","USD_CAP","A","2018",57479.350221,
"DNK","GDP","TOT","USD_CAP","A","2019",59884.11738,
"DNK","GDP","TOT","USD_CAP","A","2020",60768.060489,
"DNK","GDP","TOT","USD_CAP","A","2021",66117.728509,
"DNK","GDP","TOT","USD_CAP","A","2022",74859.416551,
"FIN","GDP","TOT","USD_CAP","A","1970",3383.326818,"E"
"FIN","GDP","TOT","USD_CAP","A","1971",3633.88423,"E"
"FIN","GDP","TOT","USD_CAP","A","1972",4059.571643,"E"
"FIN","GDP","TOT","USD_CAP","A","1973",4555.554204,"E"
"FIN","GDP","TOT","USD_CAP","A","1974",5098.885262,"E"
"FIN","GDP","TOT","USD_CAP","A","1975",5647.170762,"E"
"FIN","GDP","TOT","USD_CAP","A","1976",5960.383792,"E"
"FIN","GDP","TOT","USD_CAP","A","1977",6328.210968,"E"
"FIN","GDP","TOT","USD_CAP","A","1978",6951.138934,"E"
"FIN","GDP","TOT","USD_CAP","A","1979",8043.324299,"E"
"FIN","GDP","TOT","USD_CAP","A","1980",9213.877106,
"FIN","GDP","TOT","USD_CAP","A","1981",10174.782052,
"FIN","GDP","TOT","USD_CAP","A","1982",11077.108773,
"FIN","GDP","TOT","USD_CAP","A","1983",11799.079913,
"FIN","GDP","TOT","USD_CAP","A","1984",12553.339933,
"FIN","GDP","TOT","USD_CAP","A","1985",13354.122519,
"FIN","GDP","TOT","USD_CAP","A","1986",13952.922803,
"FIN","GDP","TOT","USD_CAP","A","1987",14767.342967,
"FIN","GDP","TOT","USD_CAP","A","1988",16039.032148,
"FIN","GDP","TOT","USD_CAP","A","1989",17452.577793,
"FIN","GDP","TOT","USD_CAP","A","1990",18146.826195,
"FIN","GDP","TOT","USD_CAP","A","1991",17560.063958,
"FIN","GDP","TOT","USD_CAP","A","1992",17271.026239,
"FIN","GDP","TOT","USD_CAP","A","1993",17478.778457,
"FIN","GDP","TOT","USD_CAP","A","1994",18479.629474,
"FIN","GDP","TOT","USD_CAP","A","1995",19587.664325,
"FIN","GDP","TOT","USD_CAP","A","1996",20087.761339,
"FIN","GDP","TOT","USD_CAP","A","1997",21794.593198,
"FIN","GDP","TOT","USD_CAP","A","1998",23577.486869,
"FIN","GDP","TOT","USD_CAP","A","1999",24767.163974,
"FIN","GDP","TOT","USD_CAP","A","2000",26789.925656,
"FIN","GDP","TOT","USD_CAP","A","2001",27801.065401,
"FIN","GDP","TOT","USD_CAP","A","2002",28605.122922,
"FIN","GDP","TOT","USD_CAP","A","2003",29053.042068,
"FIN","GDP","TOT","USD_CAP","A","2004",31201.7603,
"FIN","GDP","TOT","USD_CAP","A","2005",32051.762889,
"FIN","GDP","TOT","USD_CAP","A","2006",34452.676186,
"FIN","GDP","TOT","USD_CAP","A","2007",37843.270084,
"FIN","GDP","TOT","USD_CAP","A","2008",40083.701943,
"FIN","GDP","TOT","USD_CAP","A","2009",37972.457701,
"FIN","GDP","TOT","USD_CAP","A","2010",38954.131777,
"FIN","GDP","TOT","USD_CAP","A","2011",40916.647325,
"FIN","GDP","TOT","USD_CAP","A","2012",40872.854802,
"FIN","GDP","TOT","USD_CAP","A","2013",41492.918416,
"FIN","GDP","TOT","USD_CAP","A","2014",41749.864733,
"FIN","GDP","TOT","USD_CAP","A","2015",42490.211049,
"FIN","GDP","TOT","USD_CAP","A","2016",44934.488245,
"FIN","GDP","TOT","USD_CAP","A","2017",47570.270354,
"FIN","GDP","TOT","USD_CAP","A","2018",49573.255773,
"FIN","GDP","TOT","USD_CAP","A","2019",51811.599332,
"FIN","GDP","TOT","USD_CAP","A","2020",52294.342491,
"FIN","GDP","TOT","USD_CAP","A","2021",54773.513718,
"FIN","GDP","TOT","USD_CAP","A","2022",59461.616223,
"FRA","GDP","TOT","USD_CAP","A","1960",1807.175059,
"FRA","GDP","TOT","USD_CAP","A","1961",1892.960772,
"FRA","GDP","TOT","USD_CAP","A","1962",2036.181205,
"FRA","GDP","TOT","USD_CAP","A","1963",2138.997489,
"FRA","GDP","TOT","USD_CAP","A","1964",2294.496424,
"FRA","GDP","TOT","USD_CAP","A","1965",2456.145844,
"FRA","GDP","TOT","USD_CAP","A","1966",2654.479048,
"FRA","GDP","TOT","USD_CAP","A","1967",2838.087508,
"FRA","GDP","TOT","USD_CAP","A","1968",3090.801782,
"FRA","GDP","TOT","USD_CAP","A","1969",3480.062658,
"FRA","GDP","TOT","USD_CAP","A","1970",3693.708189,
"FRA","GDP","TOT","USD_CAP","A","1971",4048.705235,
"FRA","GDP","TOT","USD_CAP","A","1972",4375.138543,
"FRA","GDP","TOT","USD_CAP","A","1973",4868.578155,
"FRA","GDP","TOT","USD_CAP","A","1974",5498.965112,
"FRA","GDP","TOT","USD_CAP","A","1975",5923.027636,
"FRA","GDP","TOT","USD_CAP","A","1976",6495.114782,
"FRA","GDP","TOT","USD_CAP","A","1977",7105.261485,
"FRA","GDP","TOT","USD_CAP","A","1978",7873.178118,
"FRA","GDP","TOT","USD_CAP","A","1979",8790.586168,
"FRA","GDP","TOT","USD_CAP","A","1980",9685.833943,
"FRA","GDP","TOT","USD_CAP","A","1981",10655.197134,
"FRA","GDP","TOT","USD_CAP","A","1982",11527.334889,
"FRA","GDP","TOT","USD_CAP","A","1983",12062.20014,
"FRA","GDP","TOT","USD_CAP","A","1984",12624.890227,
"FRA","GDP","TOT","USD_CAP","A","1985",13169.628576,
"FRA","GDP","TOT","USD_CAP","A","1986",13678.853418,
"FRA","GDP","TOT","USD_CAP","A","1987",14298.382473,
"FRA","GDP","TOT","USD_CAP","A","1988",15415.75365,
"FRA","GDP","TOT","USD_CAP","A","1989",16616.746609,
"FRA","GDP","TOT","USD_CAP","A","1990",17645.96453,
"FRA","GDP","TOT","USD_CAP","A","1991",18341.987902,
"FRA","GDP","TOT","USD_CAP","A","1992",18965.43462,
"FRA","GDP","TOT","USD_CAP","A","1993",19209.673379,
"FRA","GDP","TOT","USD_CAP","A","1994",20008.098899,
"FRA","GDP","TOT","USD_CAP","A","1995",20782.665875,
"FRA","GDP","TOT","USD_CAP","A","1996",21362.732661,
"FRA","GDP","TOT","USD_CAP","A","1997",22247.339246,
"FRA","GDP","TOT","USD_CAP","A","1998",23363.975956,
"FRA","GDP","TOT","USD_CAP","A","1999",24311.403864,
"FRA","GDP","TOT","USD_CAP","A","2000",26099.7352,
"FRA","GDP","TOT","USD_CAP","A","2001",27499.541566,
"FRA","GDP","TOT","USD_CAP","A","2002",28528.156107,
"FRA","GDP","TOT","USD_CAP","A","2003",28178.57676,
"FRA","GDP","TOT","USD_CAP","A","2004",29065.215266,
"FRA","GDP","TOT","USD_CAP","A","2005",30504.058784,
"FRA","GDP","TOT","USD_CAP","A","2006",32472.263308,
"FRA","GDP","TOT","USD_CAP","A","2007",34132.697684,
"FRA","GDP","TOT","USD_CAP","A","2008",35102.870428,
"FRA","GDP","TOT","USD_CAP","A","2009",34686.479663,
"FRA","GDP","TOT","USD_CAP","A","2010",35910.195851,
"FRA","GDP","TOT","USD_CAP","A","2011",37447.949543,
"FRA","GDP","TOT","USD_CAP","A","2012",37684.198067,
"FRA","GDP","TOT","USD_CAP","A","2013",39528.473644,
"FRA","GDP","TOT","USD_CAP","A","2014",40144.059485,
"FRA","GDP","TOT","USD_CAP","A","2015",40829.893311,
"FRA","GDP","TOT","USD_CAP","A","2016",42855.944562,
"FRA","GDP","TOT","USD_CAP","A","2017",44444.934559,
"FRA","GDP","TOT","USD_CAP","A","2018",46336.933985,
"FRA","GDP","TOT","USD_CAP","A","2019",50226.680167,
"FRA","GDP","TOT","USD_CAP","A","2020",47982.359606,
"FRA","GDP","TOT","USD_CAP","A","2021",51023.082095,"P"
"FRA","GDP","TOT","USD_CAP","A","2022",54988.881441,"P"
"DEU","GDP","TOT","USD_CAP","A","1970",4045.313056,"E"
"DEU","GDP","TOT","USD_CAP","A","1971",4347.943119,"E"
"DEU","GDP","TOT","USD_CAP","A","1972",4708.714863,"E"
"DEU","GDP","TOT","USD_CAP","A","1973",5188.14815,"E"
"DEU","GDP","TOT","USD_CAP","A","1974",5703.685883,"E"
"DEU","GDP","TOT","USD_CAP","A","1975",6201.537245,"E"
"DEU","GDP","TOT","USD_CAP","A","1976",6898.392869,"E"
"DEU","GDP","TOT","USD_CAP","A","1977",7586.991712,"E"
"DEU","GDP","TOT","USD_CAP","A","1978",8373.848531,"E"
"DEU","GDP","TOT","USD_CAP","A","1979",9442.3089,"E"
"DEU","GDP","TOT","USD_CAP","A","1980",10413.749108,"E"
"DEU","GDP","TOT","USD_CAP","A","1981",11442.63665,"E"
"DEU","GDP","TOT","USD_CAP","A","1982",12114.443953,"E"
"DEU","GDP","TOT","USD_CAP","A","1983",12821.754112,"E"
"DEU","GDP","TOT","USD_CAP","A","1984",13707.763423,"E"
"DEU","GDP","TOT","USD_CAP","A","1985",14503.627262,"E"
"DEU","GDP","TOT","USD_CAP","A","1986",15129.858431,"E"
"DEU","GDP","TOT","USD_CAP","A","1987",15715.716626,"E"
"DEU","GDP","TOT","USD_CAP","A","1988",16787.492168,"E"
"DEU","GDP","TOT","USD_CAP","A","1989",17995.925759,"E"
"DEU","GDP","TOT","USD_CAP","A","1990",19480.557347,"E"
"DEU","GDP","TOT","USD_CAP","A","1991",21006.916849,
"DEU","GDP","TOT","USD_CAP","A","1992",21755.46889,
"DEU","GDP","TOT","USD_CAP","A","1993",21932.079726,
"DEU","GDP","TOT","USD_CAP","A","1994",22879.403869,
"DEU","GDP","TOT","USD_CAP","A","1995",23672.893332,
"DEU","GDP","TOT","USD_CAP","A","1996",24211.200418,
"DEU","GDP","TOT","USD_CAP","A","1997",24730.827071,
"DEU","GDP","TOT","USD_CAP","A","1998",25532.748584,
"DEU","GDP","TOT","USD_CAP","A","1999",26510.228697,
"DEU","GDP","TOT","USD_CAP","A","2000",27456.262771,
"DEU","GDP","TOT","USD_CAP","A","2001",28663.895351,
"DEU","GDP","TOT","USD_CAP","A","2002",29504.28924,
"DEU","GDP","TOT","USD_CAP","A","2003",30270.992251,
"DEU","GDP","TOT","USD_CAP","A","2004",31741.875731,
"DEU","GDP","TOT","USD_CAP","A","2005",32236.740986,
"DEU","GDP","TOT","USD_CAP","A","2006",34664.541909,
"DEU","GDP","TOT","USD_CAP","A","2007",36863.113348,
"DEU","GDP","TOT","USD_CAP","A","2008",38432.448211,
"DEU","GDP","TOT","USD_CAP","A","2009",37465.456323,
"DEU","GDP","TOT","USD_CAP","A","2010",39675.00238,
"DEU","GDP","TOT","USD_CAP","A","2011",42541.513126,
"DEU","GDP","TOT","USD_CAP","A","2012",43359.541048,
"DEU","GDP","TOT","USD_CAP","A","2013",44993.667838,
"DEU","GDP","TOT","USD_CAP","A","2014",47011.280402,
"DEU","GDP","TOT","USD_CAP","A","2015",47609.557159,
"DEU","GDP","TOT","USD_CAP","A","2016",50579.483717,
"DEU","GDP","TOT","USD_CAP","A","2017",53071.478374,
"DEU","GDP","TOT","USD_CAP","A","2018",55195.722049,
"DEU","GDP","TOT","USD_CAP","A","2019",57411.520685,"P"
"DEU","GDP","TOT","USD_CAP","A","2020",56454.181109,"P"
"DEU","GDP","TOT","USD_CAP","A","2021",59055.316879,"P"
"DEU","GDP","TOT","USD_CAP","A","2022",63521.899276,"P"
"GRC","GDP","TOT","USD_CAP","A","1970",3099.066538,"E"
"GRC","GDP","TOT","USD_CAP","A","1971",3496.397959,"E"
"GRC","GDP","TOT","USD_CAP","A","1972",3991.916812,"E"
"GRC","GDP","TOT","USD_CAP","A","1973",4531.019059,"E"
"GRC","GDP","TOT","USD_CAP","A","1974",4603.75129,"E"
"GRC","GDP","TOT","USD_CAP","A","1975",5300.786856,"E"
"GRC","GDP","TOT","USD_CAP","A","1976",5896.819695,"E"
"GRC","GDP","TOT","USD_CAP","A","1977",6349.767815,"E"
"GRC","GDP","TOT","USD_CAP","A","1978",7194.555896,"E"
"GRC","GDP","TOT","USD_CAP","A","1979",7947.758628,"E"
"GRC","GDP","TOT","USD_CAP","A","1980",8638.449587,"E"
"GRC","GDP","TOT","USD_CAP","A","1981",9226.614123,"E"
"GRC","GDP","TOT","USD_CAP","A","1982",9625.30187,"E"
"GRC","GDP","TOT","USD_CAP","A","1983",9837.127793,"E"
"GRC","GDP","TOT","USD_CAP","A","1984",10345.507919,"E"
"GRC","GDP","TOT","USD_CAP","A","1985",10898.618636,"E"
"GRC","GDP","TOT","USD_CAP","A","1986",11138.735614,"E"
"GRC","GDP","TOT","USD_CAP","A","1987",11118.402779,"E"
"GRC","GDP","TOT","USD_CAP","A","1988",11961.123922,"E"
"GRC","GDP","TOT","USD_CAP","A","1989",12834.629093,"E"
"GRC","GDP","TOT","USD_CAP","A","1990",13221.937587,"E"
"GRC","GDP","TOT","USD_CAP","A","1991",13974.517185,"E"
"GRC","GDP","TOT","USD_CAP","A","1992",14288.448381,"E"
"GRC","GDP","TOT","USD_CAP","A","1993",14314.168821,"E"
"GRC","GDP","TOT","USD_CAP","A","1994",14844.886093,"E"
"GRC","GDP","TOT","USD_CAP","A","1995",15433.238558,
"GRC","GDP","TOT","USD_CAP","A","1996",16149.875697,
"GRC","GDP","TOT","USD_CAP","A","1997",17155.798791,
"GRC","GDP","TOT","USD_CAP","A","1998",18034.125759,
"GRC","GDP","TOT","USD_CAP","A","1999",18464.726453,
"GRC","GDP","TOT","USD_CAP","A","2000",19519.978023,
"GRC","GDP","TOT","USD_CAP","A","2001",20958.780315,
"GRC","GDP","TOT","USD_CAP","A","2002",22615.957435,
"GRC","GDP","TOT","USD_CAP","A","2003",23897.755346,
"GRC","GDP","TOT","USD_CAP","A","2004",25460.561383,
"GRC","GDP","TOT","USD_CAP","A","2005",25577.445437,
"GRC","GDP","TOT","USD_CAP","A","2006",28547.218881,
"GRC","GDP","TOT","USD_CAP","A","2007",29323.909492,
"GRC","GDP","TOT","USD_CAP","A","2008",30855.935774,
"GRC","GDP","TOT","USD_CAP","A","2009",30359.446595,
"GRC","GDP","TOT","USD_CAP","A","2010",27911.57449,"B"
"GRC","GDP","TOT","USD_CAP","A","2011",25671.409119,
"GRC","GDP","TOT","USD_CAP","A","2012",24911.130276,
"GRC","GDP","TOT","USD_CAP","A","2013",25986.640698,
"GRC","GDP","TOT","USD_CAP","A","2014",26625.159298,
"GRC","GDP","TOT","USD_CAP","A","2015",26760.280798,
"GRC","GDP","TOT","USD_CAP","A","2016",27511.803202,
"GRC","GDP","TOT","USD_CAP","A","2017",28604.829152,
"GRC","GDP","TOT","USD_CAP","A","2018",29617.518625,
"GRC","GDP","TOT","USD_CAP","A","2019",31155.946796,
"GRC","GDP","TOT","USD_CAP","A","2020",28416.523031,"P"
"GRC","GDP","TOT","USD_CAP","A","2021",31297.164572,"P"
"GRC","GDP","TOT","USD_CAP","A","2022",36794.851579,"P"
"HUN","GDP","TOT","USD_CAP","A","1991",8347.615239,"E"
"HUN","GDP","TOT","USD_CAP","A","1992",8293.871626,"E"
"HUN","GDP","TOT","USD_CAP","A","1993",8466.151321,"E"
"HUN","GDP","TOT","USD_CAP","A","1994",8930.40706,"E"
"HUN","GDP","TOT","USD_CAP","A","1995",9192.590411,
"HUN","GDP","TOT","USD_CAP","A","1996",9352.284675,
"HUN","GDP","TOT","USD_CAP","A","1997",9824.818359,
"HUN","GDP","TOT","USD_CAP","A","1998",10398.343521,
"HUN","GDP","TOT","USD_CAP","A","1999",10873.247873,
"HUN","GDP","TOT","USD_CAP","A","2000",11855.464682,
"HUN","GDP","TOT","USD_CAP","A","2001",13210.457753,
"HUN","GDP","TOT","USD_CAP","A","2002",14526.388251,
"HUN","GDP","TOT","USD_CAP","A","2003",15479.026769,
"HUN","GDP","TOT","USD_CAP","A","2004",16268.938786,
"HUN","GDP","TOT","USD_CAP","A","2005",17108.340595,
"HUN","GDP","TOT","USD_CAP","A","2006",18382.558594,
"HUN","GDP","TOT","USD_CAP","A","2007",19096.705486,
"HUN","GDP","TOT","USD_CAP","A","2008",20721.502411,
"HUN","GDP","TOT","USD_CAP","A","2009",20722.886939,
"HUN","GDP","TOT","USD_CAP","A","2010",21741.545922,
"HUN","GDP","TOT","USD_CAP","A","2011",23029.447178,
"HUN","GDP","TOT","USD_CAP","A","2012",23267.448393,
"HUN","GDP","TOT","USD_CAP","A","2013",24547.980456,
"HUN","GDP","TOT","USD_CAP","A","2014",25691.527335,
"HUN","GDP","TOT","USD_CAP","A","2015",26798.854228,
"HUN","GDP","TOT","USD_CAP","A","2016",27941.926751,
"HUN","GDP","TOT","USD_CAP","A","2017",29496.163748,
"HUN","GDP","TOT","USD_CAP","A","2018",31908.863431,
"HUN","GDP","TOT","USD_CAP","A","2019",34645.565383,
"HUN","GDP","TOT","USD_CAP","A","2020",34169.922355,
"HUN","GDP","TOT","USD_CAP","A","2021",36735.9098,
"HUN","GDP","TOT","USD_CAP","A","2022",41565.507721,"P"
"ISL","GDP","TOT","USD_CAP","A","1970",3856.956104,"E"
"ISL","GDP","TOT","USD_CAP","A","1971",4537.594567,"E"
"ISL","GDP","TOT","USD_CAP","A","1972",4949.698057,"E"
"ISL","GDP","TOT","USD_CAP","A","1973",5495.169604,"E"
"ISL","GDP","TOT","USD_CAP","A","1974",6244.414435,"E"
"ISL","GDP","TOT","USD_CAP","A","1975",6781.64557,"E"
"ISL","GDP","TOT","USD_CAP","A","1976",7508.846854,"E"
"ISL","GDP","TOT","USD_CAP","A","1977",8612.884769,"E"
"ISL","GDP","TOT","USD_CAP","A","1978",9696.267149,"E"
"ISL","GDP","TOT","USD_CAP","A","1979",10905.662904,"E"
"ISL","GDP","TOT","USD_CAP","A","1980",12441.325266,"E"
"ISL","GDP","TOT","USD_CAP","A","1981",14036.83019,"E"
"ISL","GDP","TOT","USD_CAP","A","1982",15017.363123,"E"
"ISL","GDP","TOT","USD_CAP","A","1983",15073.768501,"E"
"ISL","GDP","TOT","USD_CAP","A","1984",16095.620307,"E"
"ISL","GDP","TOT","USD_CAP","A","1985",17016.050947,"E"
"ISL","GDP","TOT","USD_CAP","A","1986",18310.240336,"E"
"ISL","GDP","TOT","USD_CAP","A","1987",20138.536589,"E"
"ISL","GDP","TOT","USD_CAP","A","1988",20503.183095,"E"
"ISL","GDP","TOT","USD_CAP","A","1989",21120.233037,"E"
"ISL","GDP","TOT","USD_CAP","A","1990",21989.393748,"E"
"ISL","GDP","TOT","USD_CAP","A","1991",22399.824128,"E"
"ISL","GDP","TOT","USD_CAP","A","1992",21874.49399,"E"
"ISL","GDP","TOT","USD_CAP","A","1993",22454.910804,"E"
"ISL","GDP","TOT","USD_CAP","A","1994",23565.561035,"E"
"ISL","GDP","TOT","USD_CAP","A","1995",23961.642436,
"ISL","GDP","TOT","USD_CAP","A","1996",24777.213985,
"ISL","GDP","TOT","USD_CAP","A","1997",26895.631883,
"ISL","GDP","TOT","USD_CAP","A","1998",28747.691475,
"ISL","GDP","TOT","USD_CAP","A","1999",29576.841574,
"ISL","GDP","TOT","USD_CAP","A","2000",29785.366302,
"ISL","GDP","TOT","USD_CAP","A","2001",31867.3852,
"ISL","GDP","TOT","USD_CAP","A","2002",32598.376021,
"ISL","GDP","TOT","USD_CAP","A","2003",32725.872765,
"ISL","GDP","TOT","USD_CAP","A","2004",35552.37688,
"ISL","GDP","TOT","USD_CAP","A","2005",37427.934965,
"ISL","GDP","TOT","USD_CAP","A","2006",39630.186916,
"ISL","GDP","TOT","USD_CAP","A","2007",41490.779915,
"ISL","GDP","TOT","USD_CAP","A","2008",43456.216759,
"ISL","GDP","TOT","USD_CAP","A","2009",41772.679994,
"ISL","GDP","TOT","USD_CAP","A","2010",39778.39158,
"ISL","GDP","TOT","USD_CAP","A","2011",40938.664549,
"ISL","GDP","TOT","USD_CAP","A","2012",42006.543346,
"ISL","GDP","TOT","USD_CAP","A","2013",44404.731588,
"ISL","GDP","TOT","USD_CAP","A","2014",45995.001692,
"ISL","GDP","TOT","USD_CAP","A","2015",49203.294991,
"ISL","GDP","TOT","USD_CAP","A","2016",53486.615773,
"ISL","GDP","TOT","USD_CAP","A","2017",55638.491978,
"ISL","GDP","TOT","USD_CAP","A","2018",57201.173335,
"ISL","GDP","TOT","USD_CAP","A","2019",59644.706533,
"ISL","GDP","TOT","USD_CAP","A","2020",54330.385248,
"ISL","GDP","TOT","USD_CAP","A","2021",58297.108148,
"ISL","GDP","TOT","USD_CAP","A","2022",69616.051554,
"IRL","GDP","TOT","USD_CAP","A","1970",2458.685279,"E"
"IRL","GDP","TOT","USD_CAP","A","1971",2647.826647,"E"
"IRL","GDP","TOT","USD_CAP","A","1972",2896.806946,"E"
"IRL","GDP","TOT","USD_CAP","A","1973",3148.791847,"E"
"IRL","GDP","TOT","USD_CAP","A","1974",3519.941766,"E"
"IRL","GDP","TOT","USD_CAP","A","1975",3995.744209,"E"
"IRL","GDP","TOT","USD_CAP","A","1976",4206.912471,"E"
"IRL","GDP","TOT","USD_CAP","A","1977",4770.188045,"E"
"IRL","GDP","TOT","USD_CAP","A","1978",5403.291364,"E"
"IRL","GDP","TOT","USD_CAP","A","1979",5934.696628,"E"
"IRL","GDP","TOT","USD_CAP","A","1980",6605.319478,"E"
"IRL","GDP","TOT","USD_CAP","A","1981",7379.61505,"E"
"IRL","GDP","TOT","USD_CAP","A","1982",7929.25843,"E"
"IRL","GDP","TOT","USD_CAP","A","1983",8161.072048,"E"
"IRL","GDP","TOT","USD_CAP","A","1984",8763.675501,"E"
"IRL","GDP","TOT","USD_CAP","A","1985",9288.203438,"E"
"IRL","GDP","TOT","USD_CAP","A","1986",9432.009606,"E"
"IRL","GDP","TOT","USD_CAP","A","1987",10113.089164,"E"
"IRL","GDP","TOT","USD_CAP","A","1988",11053.512282,"E"
"IRL","GDP","TOT","USD_CAP","A","1989",12227.404818,"E"
"IRL","GDP","TOT","USD_CAP","A","1990",13774.803425,"E"
"IRL","GDP","TOT","USD_CAP","A","1991",14433.093806,"E"
"IRL","GDP","TOT","USD_CAP","A","1992",15131.098234,"E"
"IRL","GDP","TOT","USD_CAP","A","1993",15822.271488,"E"
"IRL","GDP","TOT","USD_CAP","A","1994",17033.10406,"E"
"IRL","GDP","TOT","USD_CAP","A","1995",18984.723418,
"IRL","GDP","TOT","USD_CAP","A","1996",20545.555253,
"IRL","GDP","TOT","USD_CAP","A","1997",22697.18869,
"IRL","GDP","TOT","USD_CAP","A","1998",25083.079224,
"IRL","GDP","TOT","USD_CAP","A","1999",27041.428204,
"IRL","GDP","TOT","USD_CAP","A","2000",30218.776099,
"IRL","GDP","TOT","USD_CAP","A","2001",32594.17983,
"IRL","GDP","TOT","USD_CAP","A","2002",35222.81925,
"IRL","GDP","TOT","USD_CAP","A","2003",36280.535976,
"IRL","GDP","TOT","USD_CAP","A","2004",38761.427777,
"IRL","GDP","TOT","USD_CAP","A","2005",40465.316509,
"IRL","GDP","TOT","USD_CAP","A","2006",44268.552868,
"IRL","GDP","TOT","USD_CAP","A","2007",46766.183807,
"IRL","GDP","TOT","USD_CAP","A","2008",44105.364476,
"IRL","GDP","TOT","USD_CAP","A","2009",41436.941843,
"IRL","GDP","TOT","USD_CAP","A","2010",43211.902863,
"IRL","GDP","TOT","USD_CAP","A","2011",45132.175891,
"IRL","GDP","TOT","USD_CAP","A","2012",46304.784189,
"IRL","GDP","TOT","USD_CAP","A","2013",47836.18565,
"IRL","GDP","TOT","USD_CAP","A","2014",51296.92985,
"IRL","GDP","TOT","USD_CAP","A","2015",69305.538798,
"IRL","GDP","TOT","USD_CAP","A","2016",71505.746281,
"IRL","GDP","TOT","USD_CAP","A","2017",78252.205616,
"IRL","GDP","TOT","USD_CAP","A","2018",85034.728547,
"IRL","GDP","TOT","USD_CAP","A","2019",89759.238887,
"IRL","GDP","TOT","USD_CAP","A","2020",94646.640757,
"IRL","GDP","TOT","USD_CAP","A","2021",108831.365241,
"IRL","GDP","TOT","USD_CAP","A","2022",127146.265184,
"ITA","GDP","TOT","USD_CAP","A","1970",3632.282231,"E"
"ITA","GDP","TOT","USD_CAP","A","1971",3867.714697,"E"
"ITA","GDP","TOT","USD_CAP","A","1972",4160.133212,"E"
"ITA","GDP","TOT","USD_CAP","A","1973",4669.018287,"E"
"ITA","GDP","TOT","USD_CAP","A","1974",5334.056969,"E"
"ITA","GDP","TOT","USD_CAP","A","1975",5672.336805,"E"
"ITA","GDP","TOT","USD_CAP","A","1976",6379.020487,"E"
"ITA","GDP","TOT","USD_CAP","A","1977",6919.411656,"E"
"ITA","GDP","TOT","USD_CAP","A","1978",7618.888337,"E"
"ITA","GDP","TOT","USD_CAP","A","1979",8717.441657,"E"
"ITA","GDP","TOT","USD_CAP","A","1980",9810.672065,"E"
"ITA","GDP","TOT","USD_CAP","A","1981",10814.99217,"E"
"ITA","GDP","TOT","USD_CAP","A","1982",11523.893561,"E"
"ITA","GDP","TOT","USD_CAP","A","1983",12110.862982,"E"
"ITA","GDP","TOT","USD_CAP","A","1984",12949.675671,"E"
"ITA","GDP","TOT","USD_CAP","A","1985",13729.024239,"E"
"ITA","GDP","TOT","USD_CAP","A","1986",14405.277893,"E"
"ITA","GDP","TOT","USD_CAP","A","1987",15231.140207,"E"
"ITA","GDP","TOT","USD_CAP","A","1988",16421.843506,"E"
"ITA","GDP","TOT","USD_CAP","A","1989",17630.654373,"E"
"ITA","GDP","TOT","USD_CAP","A","1990",18638.249886,"E"
"ITA","GDP","TOT","USD_CAP","A","1991",19545.586433,"E"
"ITA","GDP","TOT","USD_CAP","A","1992",20150.12707,"E"
"ITA","GDP","TOT","USD_CAP","A","1993",20439.351288,"E"
"ITA","GDP","TOT","USD_CAP","A","1994",21320.510106,"E"
"ITA","GDP","TOT","USD_CAP","A","1995",22395.619943,
"ITA","GDP","TOT","USD_CAP","A","1996",23058.967635,
"ITA","GDP","TOT","USD_CAP","A","1997",23875.770827,
"ITA","GDP","TOT","USD_CAP","A","1998",25021.680907,
"ITA","GDP","TOT","USD_CAP","A","1999",25602.386484,
"ITA","GDP","TOT","USD_CAP","A","2000",27077.647701,
"ITA","GDP","TOT","USD_CAP","A","2001",28036.302758,
"ITA","GDP","TOT","USD_CAP","A","2002",28721.076279,
"ITA","GDP","TOT","USD_CAP","A","2003",29154.663843,
"ITA","GDP","TOT","USD_CAP","A","2004",29481.853691,
"ITA","GDP","TOT","USD_CAP","A","2005",30028.488979,
"ITA","GDP","TOT","USD_CAP","A","2006",32309.294219,
"ITA","GDP","TOT","USD_CAP","A","2007",33960.788711,
"ITA","GDP","TOT","USD_CAP","A","2008",35292.601856,
"ITA","GDP","TOT","USD_CAP","A","2009",34335.925384,
"ITA","GDP","TOT","USD_CAP","A","2010",34838.135774,
"ITA","GDP","TOT","USD_CAP","A","2011",36203.328522,
"ITA","GDP","TOT","USD_CAP","A","2012",36091.373957,
"ITA","GDP","TOT","USD_CAP","A","2013",36267.925352,
"ITA","GDP","TOT","USD_CAP","A","2014",36475.976061,
"ITA","GDP","TOT","USD_CAP","A","2015",37206.331822,
"ITA","GDP","TOT","USD_CAP","A","2016",40267.222623,
"ITA","GDP","TOT","USD_CAP","A","2017",41951.466331,
"ITA","GDP","TOT","USD_CAP","A","2018",43427.663143,
"ITA","GDP","TOT","USD_CAP","A","2019",45799.741922,
"ITA","GDP","TOT","USD_CAP","A","2020",43150.115981,
"ITA","GDP","TOT","USD_CAP","A","2021",47591.832142,
"ITA","GDP","TOT","USD_CAP","A","2022",52802.956093,
"JPN","GDP","TOT","USD_CAP","A","1970",3348.832992,"E"
"JPN","GDP","TOT","USD_CAP","A","1971",3647.705468,"E"
"JPN","GDP","TOT","USD_CAP","A","1972",4069.992935,"E"
"JPN","GDP","TOT","USD_CAP","A","1973",4532.01302,"E"
"JPN","GDP","TOT","USD_CAP","A","1974",4812.870739,"E"
"JPN","GDP","TOT","USD_CAP","A","1975",5355.131154,"E"
"JPN","GDP","TOT","USD_CAP","A","1976",5809.31007,"E"
"JPN","GDP","TOT","USD_CAP","A","1977",6378.376732,"E"
"JPN","GDP","TOT","USD_CAP","A","1978",7121.897178,"E"
"JPN","GDP","TOT","USD_CAP","A","1979",8068.34118,"E"
"JPN","GDP","TOT","USD_CAP","A","1980",8973.783444,"E"
"JPN","GDP","TOT","USD_CAP","A","1981",10168.273248,"E"
"JPN","GDP","TOT","USD_CAP","A","1982",11073.018179,"E"
"JPN","GDP","TOT","USD_CAP","A","1983",11843.838707,"E"
"JPN","GDP","TOT","USD_CAP","A","1984",12730.496373,"E"
"JPN","GDP","TOT","USD_CAP","A","1985",13725.849243,"E"
"JPN","GDP","TOT","USD_CAP","A","1986",14390.877358,"E"
"JPN","GDP","TOT","USD_CAP","A","1987",15359.194724,"E"
"JPN","GDP","TOT","USD_CAP","A","1988",16890.327305,"E"
"JPN","GDP","TOT","USD_CAP","A","1989",18348.322287,"E"
"JPN","GDP","TOT","USD_CAP","A","1990",19891.091581,"E"
"JPN","GDP","TOT","USD_CAP","A","1991",21204.240996,"E"
"JPN","GDP","TOT","USD_CAP","A","1992",21800.918468,"E"
"JPN","GDP","TOT","USD_CAP","A","1993",22149.219699,"E"
"JPN","GDP","TOT","USD_CAP","A","1994",22834.751706,
"JPN","GDP","TOT","USD_CAP","A","1995",23865.913636,
"JPN","GDP","TOT","USD_CAP","A","1996",25009.682085,
"JPN","GDP","TOT","USD_CAP","A","1997",25629.420659,
"JPN","GDP","TOT","USD_CAP","A","1998",25520.196541,
"JPN","GDP","TOT","USD_CAP","A","1999",25744.916581,
"JPN","GDP","TOT","USD_CAP","A","2000",27289.851934,
"JPN","GDP","TOT","USD_CAP","A","2001",27946.083138,
"JPN","GDP","TOT","USD_CAP","A","2002",28633.69892,
"JPN","GDP","TOT","USD_CAP","A","2003",29411.592882,
"JPN","GDP","TOT","USD_CAP","A","2004",30837.175423,
"JPN","GDP","TOT","USD_CAP","A","2005",32174.400107,
"JPN","GDP","TOT","USD_CAP","A","2006",33638.841255,
"JPN","GDP","TOT","USD_CAP","A","2007",35021.732224,
"JPN","GDP","TOT","USD_CAP","A","2008",35278.749846,
"JPN","GDP","TOT","USD_CAP","A","2009",33550.689549,
"JPN","GDP","TOT","USD_CAP","A","2010",35342.824721,
"JPN","GDP","TOT","USD_CAP","A","2011",36215.006272,
"JPN","GDP","TOT","USD_CAP","A","2012",37628.675989,
"JPN","GDP","TOT","USD_CAP","A","2013",39436.682585,
"JPN","GDP","TOT","USD_CAP","A","2014",39559.763471,
"JPN","GDP","TOT","USD_CAP","A","2015",40908.781547,
"JPN","GDP","TOT","USD_CAP","A","2016",40642.704531,
"JPN","GDP","TOT","USD_CAP","A","2017",41531.221619,
"JPN","GDP","TOT","USD_CAP","A","2018",42264.585123,
"JPN","GDP","TOT","USD_CAP","A","2019",42427.125075,
"JPN","GDP","TOT","USD_CAP","A","2020",41867.153393,
"JPN","GDP","TOT","USD_CAP","A","2021",42895.146536,
"JPN","GDP","TOT","USD_CAP","A","2022",45637.642724,"E"
"KOR","GDP","TOT","USD_CAP","A","1970",600.506995,
"KOR","GDP","TOT","USD_CAP","A","1971",683.866885,
"KOR","GDP","TOT","USD_CAP","A","1972",750.698124,
"KOR","GDP","TOT","USD_CAP","A","1973",893.852097,
"KOR","GDP","TOT","USD_CAP","A","1974",1048.844987,
"KOR","GDP","TOT","USD_CAP","A","1975",1215.208903,
"KOR","GDP","TOT","USD_CAP","A","1976",1428.597512,
"KOR","GDP","TOT","USD_CAP","A","1977",1678.187382,
"KOR","GDP","TOT","USD_CAP","A","1978",1962.941483,
"KOR","GDP","TOT","USD_CAP","A","1979",2275.356423,
"KOR","GDP","TOT","USD_CAP","A","1980",2402.301405,
"KOR","GDP","TOT","USD_CAP","A","1981",2776.532293,
"KOR","GDP","TOT","USD_CAP","A","1982",3144.913567,
"KOR","GDP","TOT","USD_CAP","A","1983",3651.020351,
"KOR","GDP","TOT","USD_CAP","A","1984",4130.54515,
"KOR","GDP","TOT","USD_CAP","A","1985",4550.154481,
"KOR","GDP","TOT","USD_CAP","A","1986",5116.42119,
"KOR","GDP","TOT","USD_CAP","A","1987",5852.103004,
"KOR","GDP","TOT","USD_CAP","A","1988",6718.788433,
"KOR","GDP","TOT","USD_CAP","A","1989",7402.41363,
"KOR","GDP","TOT","USD_CAP","A","1990",8355.387935,
"KOR","GDP","TOT","USD_CAP","A","1991",9474.577826,
"KOR","GDP","TOT","USD_CAP","A","1992",10184.846816,
"KOR","GDP","TOT","USD_CAP","A","1993",11030.619105,
"KOR","GDP","TOT","USD_CAP","A","1994",12187.129391,
"KOR","GDP","TOT","USD_CAP","A","1995",13502.580041,
"KOR","GDP","TOT","USD_CAP","A","1996",14693.993279,
"KOR","GDP","TOT","USD_CAP","A","1997",15721.561966,
"KOR","GDP","TOT","USD_CAP","A","1998",14974.498788,
"KOR","GDP","TOT","USD_CAP","A","1999",16807.013023,
"KOR","GDP","TOT","USD_CAP","A","2000",18538.879306,
"KOR","GDP","TOT","USD_CAP","A","2001",19724.494236,
"KOR","GDP","TOT","USD_CAP","A","2002",21396.719189,
"KOR","GDP","TOT","USD_CAP","A","2003",22096.023078,
"KOR","GDP","TOT","USD_CAP","A","2004",23773.590825,
"KOR","GDP","TOT","USD_CAP","A","2005",25186.638103,
"KOR","GDP","TOT","USD_CAP","A","2006",26884.429402,
"KOR","GDP","TOT","USD_CAP","A","2007",29064.701966,
"KOR","GDP","TOT","USD_CAP","A","2008",29945.899216,
"KOR","GDP","TOT","USD_CAP","A","2009",29508.282758,
"KOR","GDP","TOT","USD_CAP","A","2010",31736.700156,
"KOR","GDP","TOT","USD_CAP","A","2011",32546.517725,
"KOR","GDP","TOT","USD_CAP","A","2012",33557.030447,
"KOR","GDP","TOT","USD_CAP","A","2013",34244.239492,
"KOR","GDP","TOT","USD_CAP","A","2014",35324.260296,
"KOR","GDP","TOT","USD_CAP","A","2015",37902.361018,
"KOR","GDP","TOT","USD_CAP","A","2016",39575.302078,
"KOR","GDP","TOT","USD_CAP","A","2017",40957.347064,
"KOR","GDP","TOT","USD_CAP","A","2018",43044.340145,
"KOR","GDP","TOT","USD_CAP","A","2019",43410.152957,
"KOR","GDP","TOT","USD_CAP","A","2020",44694.939796,
"KOR","GDP","TOT","USD_CAP","A","2021",47068.423631,
"KOR","GDP","TOT","USD_CAP","A","2022",50330.65223,"P"
"LUX","GDP","TOT","USD_CAP","A","1970",5483.882367,"E"
"LUX","GDP","TOT","USD_CAP","A","1971",5860.266834,"E"
"LUX","GDP","TOT","USD_CAP","A","1972",6438.007071,"E"
"LUX","GDP","TOT","USD_CAP","A","1973",7273.457581,"E"
"LUX","GDP","TOT","USD_CAP","A","1974",8154.911374,"E"
"LUX","GDP","TOT","USD_CAP","A","1975",8234.306248,"E"
"LUX","GDP","TOT","USD_CAP","A","1976",8863.201981,"E"
"LUX","GDP","TOT","USD_CAP","A","1977",9543.167534,"E"
"LUX","GDP","TOT","USD_CAP","A","1978",10613.037028,"E"
"LUX","GDP","TOT","USD_CAP","A","1979",11733.982928,"E"
"LUX","GDP","TOT","USD_CAP","A","1980",12851.937882,"E"
"LUX","GDP","TOT","USD_CAP","A","1981",13952.211146,"E"
"LUX","GDP","TOT","USD_CAP","A","1982",14973.612993,"E"
"LUX","GDP","TOT","USD_CAP","A","1983",16020.818713,"E"
"LUX","GDP","TOT","USD_CAP","A","1984",17611.31287,"E"
"LUX","GDP","TOT","USD_CAP","A","1985",18644.900197,"E"
"LUX","GDP","TOT","USD_CAP","A","1986",20822.81367,"E"
"LUX","GDP","TOT","USD_CAP","A","1987",22037.167702,"E"
"LUX","GDP","TOT","USD_CAP","A","1988",24533.586389,"E"
"LUX","GDP","TOT","USD_CAP","A","1989",27719.141565,"E"
"LUX","GDP","TOT","USD_CAP","A","1990",29945.588916,"E"
"LUX","GDP","TOT","USD_CAP","A","1991",33182.552087,"E"
"LUX","GDP","TOT","USD_CAP","A","1992",34089.581306,"E"
"LUX","GDP","TOT","USD_CAP","A","1993",35851.897825,"E"
"LUX","GDP","TOT","USD_CAP","A","1994",37470.56032,"E"
"LUX","GDP","TOT","USD_CAP","A","1995",38264.055484,
"LUX","GDP","TOT","USD_CAP","A","1996",39698.631118,
"LUX","GDP","TOT","USD_CAP","A","1997",42445.028526,
"LUX","GDP","TOT","USD_CAP","A","1998",44216.958269,
"LUX","GDP","TOT","USD_CAP","A","1999",49744.96918,
"LUX","GDP","TOT","USD_CAP","A","2000",55042.757729,
"LUX","GDP","TOT","USD_CAP","A","2001",56093.167605,
"LUX","GDP","TOT","USD_CAP","A","2002",58513.393595,
"LUX","GDP","TOT","USD_CAP","A","2003",60115.443332,
"LUX","GDP","TOT","USD_CAP","A","2004",64634.098463,
"LUX","GDP","TOT","USD_CAP","A","2005",68707.781706,
"LUX","GDP","TOT","USD_CAP","A","2006",78825.366846,
"LUX","GDP","TOT","USD_CAP","A","2007",84995.47876,
"LUX","GDP","TOT","USD_CAP","A","2008",90863.784075,
"LUX","GDP","TOT","USD_CAP","A","2009",86800.873477,
"LUX","GDP","TOT","USD_CAP","A","2010",90252.977242,
"LUX","GDP","TOT","USD_CAP","A","2011",94278.922851,
"LUX","GDP","TOT","USD_CAP","A","2012",96535.745828,
"LUX","GDP","TOT","USD_CAP","A","2013",100561.366405,
"LUX","GDP","TOT","USD_CAP","A","2014",104917.945675,
"LUX","GDP","TOT","USD_CAP","A","2015",107898.304236,
"LUX","GDP","TOT","USD_CAP","A","2016",112955.470175,
"LUX","GDP","TOT","USD_CAP","A","2017",114862.528755,
"LUX","GDP","TOT","USD_CAP","A","2018",116334.724739,
"LUX","GDP","TOT","USD_CAP","A","2019",119364.151427,
"LUX","GDP","TOT","USD_CAP","A","2020",119407.898814,
"LUX","GDP","TOT","USD_CAP","A","2021",131430.737036,
"LUX","GDP","TOT","USD_CAP","A","2022",140150.398233,
"MEX","GDP","TOT","USD_CAP","A","1970",1821.231807,"E"
"MEX","GDP","TOT","USD_CAP","A","1971",1927.274057,"E"
"MEX","GDP","TOT","USD_CAP","A","1972",2110.463843,"E"
"MEX","GDP","TOT","USD_CAP","A","1973",2335.347894,"E"
"MEX","GDP","TOT","USD_CAP","A","1974",2616.012156,"E"
"MEX","GDP","TOT","USD_CAP","A","1975",2926.660122,"E"
"MEX","GDP","TOT","USD_CAP","A","1976",3123.797478,"E"
"MEX","GDP","TOT","USD_CAP","A","1977",3333.352316,"E"
"MEX","GDP","TOT","USD_CAP","A","1978",3754.173258,"E"
"MEX","GDP","TOT","USD_CAP","A","1979",4315.112329,"E"
"MEX","GDP","TOT","USD_CAP","A","1980",4940.061065,"E"
"MEX","GDP","TOT","USD_CAP","A","1981",5747.034732,"E"
"MEX","GDP","TOT","USD_CAP","A","1982",5921.25591,"E"
"MEX","GDP","TOT","USD_CAP","A","1983",5757.16342,"E"
"MEX","GDP","TOT","USD_CAP","A","1984",6045.235413,"E"
"MEX","GDP","TOT","USD_CAP","A","1985",6273.769365,"E"
"MEX","GDP","TOT","USD_CAP","A","1986",6033.887794,"E"
"MEX","GDP","TOT","USD_CAP","A","1987",6171.62267,"E"
"MEX","GDP","TOT","USD_CAP","A","1988",6340.201974,"E"
"MEX","GDP","TOT","USD_CAP","A","1989",6731.458394,"E"
"MEX","GDP","TOT","USD_CAP","A","1990",7196.211257,"E"
"MEX","GDP","TOT","USD_CAP","A","1991",7616.689733,"E"
"MEX","GDP","TOT","USD_CAP","A","1992",7938.419674,"E"
"MEX","GDP","TOT","USD_CAP","A","1993",8280.532735,
"MEX","GDP","TOT","USD_CAP","A","1994",8736.564824,
"MEX","GDP","TOT","USD_CAP","A","1995",8231.658739,
"MEX","GDP","TOT","USD_CAP","A","1996",8820.661494,
"MEX","GDP","TOT","USD_CAP","A","1997",9456.139259,
"MEX","GDP","TOT","USD_CAP","A","1998",9925.675065,
"MEX","GDP","TOT","USD_CAP","A","1999",10216.053137,
"MEX","GDP","TOT","USD_CAP","A","2000",10870.092123,
"MEX","GDP","TOT","USD_CAP","A","2001",10937.137897,
"MEX","GDP","TOT","USD_CAP","A","2002",10999.980338,
"MEX","GDP","TOT","USD_CAP","A","2003",11308.492366,
"MEX","GDP","TOT","USD_CAP","A","2004",11926.995989,
"MEX","GDP","TOT","USD_CAP","A","2005",12521.726831,
"MEX","GDP","TOT","USD_CAP","A","2006",13703.791516,
"MEX","GDP","TOT","USD_CAP","A","2007",14215.817736,
"MEX","GDP","TOT","USD_CAP","A","2008",14859.233988,
"MEX","GDP","TOT","USD_CAP","A","2009",14497.970039,
"MEX","GDP","TOT","USD_CAP","A","2010",15228.501123,
"MEX","GDP","TOT","USD_CAP","A","2011",16521.774435,
"MEX","GDP","TOT","USD_CAP","A","2012",17195.057014,
"MEX","GDP","TOT","USD_CAP","A","2013",17437.042083,
"MEX","GDP","TOT","USD_CAP","A","2014",18153.351036,
"MEX","GDP","TOT","USD_CAP","A","2015",18430.218897,
"MEX","GDP","TOT","USD_CAP","A","2016",19791.259772,
"MEX","GDP","TOT","USD_CAP","A","2017",20201.856549,
"MEX","GDP","TOT","USD_CAP","A","2018",20561.246895,
"MEX","GDP","TOT","USD_CAP","A","2019",20244.557477,
"MEX","GDP","TOT","USD_CAP","A","2020",18465.575374,"P"
"MEX","GDP","TOT","USD_CAP","A","2021",19438.782132,"P"
"MEX","GDP","TOT","USD_CAP","A","2022",21331.937965,"E"
"NLD","GDP","TOT","USD_CAP","A","1969",4086.836185,"E"
"NLD","GDP","TOT","USD_CAP","A","1970",4419.517385,"E"
"NLD","GDP","TOT","USD_CAP","A","1971",4785.167958,"E"
"NLD","GDP","TOT","USD_CAP","A","1972",5064.9373,"E"
"NLD","GDP","TOT","USD_CAP","A","1973",5606.093215,"E"
"NLD","GDP","TOT","USD_CAP","A","1974",6321.237514,"E"
"NLD","GDP","TOT","USD_CAP","A","1975",6856.015561,"E"
"NLD","GDP","TOT","USD_CAP","A","1976",7517.448484,"E"
"NLD","GDP","TOT","USD_CAP","A","1977",8089.192591,"E"
"NLD","GDP","TOT","USD_CAP","A","1978",8807.215863,"E"
"NLD","GDP","TOT","USD_CAP","A","1979",9664.890443,"E"
"NLD","GDP","TOT","USD_CAP","A","1980",10792.844098,"E"
"NLD","GDP","TOT","USD_CAP","A","1981",11640.051293,"E"
"NLD","GDP","TOT","USD_CAP","A","1982",12150.422595,"E"
"NLD","GDP","TOT","USD_CAP","A","1983",12837.457864,"E"
"NLD","GDP","TOT","USD_CAP","A","1984",13655.544285,"E"
"NLD","GDP","TOT","USD_CAP","A","1985",14386.040395,"E"
"NLD","GDP","TOT","USD_CAP","A","1986",15002.962993,"E"
"NLD","GDP","TOT","USD_CAP","A","1987",15567.206886,"E"
"NLD","GDP","TOT","USD_CAP","A","1988",16562.497038,"E"
"NLD","GDP","TOT","USD_CAP","A","1989",17868.497927,"E"
"NLD","GDP","TOT","USD_CAP","A","1990",19182.315932,"E"
"NLD","GDP","TOT","USD_CAP","A","1991",20151.569686,"E"
"NLD","GDP","TOT","USD_CAP","A","1992",20805.037656,"E"
"NLD","GDP","TOT","USD_CAP","A","1993",21413.706604,"E"
"NLD","GDP","TOT","USD_CAP","A","1994",22385.36949,"E"
"NLD","GDP","TOT","USD_CAP","A","1995",23446.992702,
"NLD","GDP","TOT","USD_CAP","A","1996",24516.321498,
"NLD","GDP","TOT","USD_CAP","A","1997",26016.402029,
"NLD","GDP","TOT","USD_CAP","A","1998",27709.973769,
"NLD","GDP","TOT","USD_CAP","A","1999",29268.685491,
"NLD","GDP","TOT","USD_CAP","A","2000",31875.989055,
"NLD","GDP","TOT","USD_CAP","A","2001",33186.914167,
"NLD","GDP","TOT","USD_CAP","A","2002",34447.053372,
"NLD","GDP","TOT","USD_CAP","A","2003",34151.984046,
"NLD","GDP","TOT","USD_CAP","A","2004",35809.49984,
"NLD","GDP","TOT","USD_CAP","A","2005",37625.252435,
"NLD","GDP","TOT","USD_CAP","A","2006",41011.393578,
"NLD","GDP","TOT","USD_CAP","A","2007",43943.909747,
"NLD","GDP","TOT","USD_CAP","A","2008",46419.042594,
"NLD","GDP","TOT","USD_CAP","A","2009",44558.440255,
"NLD","GDP","TOT","USD_CAP","A","2010",45042.666206,
"NLD","GDP","TOT","USD_CAP","A","2011",46599.227659,
"NLD","GDP","TOT","USD_CAP","A","2012",47271.968226,
"NLD","GDP","TOT","USD_CAP","A","2013",49242.786711,
"NLD","GDP","TOT","USD_CAP","A","2014",49233.230349,
"NLD","GDP","TOT","USD_CAP","A","2015",50288.352815,
"NLD","GDP","TOT","USD_CAP","A","2016",52289.404292,
"NLD","GDP","TOT","USD_CAP","A","2017",55089.58143,
"NLD","GDP","TOT","USD_CAP","A","2018",57825.399708,
"NLD","GDP","TOT","USD_CAP","A","2019",60207.9957,
"NLD","GDP","TOT","USD_CAP","A","2020",59821.266235,
"NLD","GDP","TOT","USD_CAP","A","2021",64488.958411,"P"
"NLD","GDP","TOT","USD_CAP","A","2022",70861.366489,"P"
"NZL","GDP","TOT","USD_CAP","A","1970",3908.441216,"E"
"NZL","GDP","TOT","USD_CAP","A","1971",4287.951617,
"NZL","GDP","TOT","USD_CAP","A","1972",4698.230474,
"NZL","GDP","TOT","USD_CAP","A","1973",5060.832064,
"NZL","GDP","TOT","USD_CAP","A","1974",5655.977355,
"NZL","GDP","TOT","USD_CAP","A","1975",6267.234985,
"NZL","GDP","TOT","USD_CAP","A","1976",6516.579696,
"NZL","GDP","TOT","USD_CAP","A","1977",6443.475875,
"NZL","GDP","TOT","USD_CAP","A","1978",7218.04714,
"NZL","GDP","TOT","USD_CAP","A","1979",7634.775479,
"NZL","GDP","TOT","USD_CAP","A","1980",8413.261719,
"NZL","GDP","TOT","USD_CAP","A","1981",9404.359471,
"NZL","GDP","TOT","USD_CAP","A","1982",10401.915157,
"NZL","GDP","TOT","USD_CAP","A","1983",11167.009742,
"NZL","GDP","TOT","USD_CAP","A","1984",12249.190764,
"NZL","GDP","TOT","USD_CAP","A","1985",12593.25402,
"NZL","GDP","TOT","USD_CAP","A","1986",13197.633841,
"NZL","GDP","TOT","USD_CAP","A","1987",13329.314198,
"NZL","GDP","TOT","USD_CAP","A","1988",13828.910124,
"NZL","GDP","TOT","USD_CAP","A","1989",14410.0046,
"NZL","GDP","TOT","USD_CAP","A","1990",14654.017953,
"NZL","GDP","TOT","USD_CAP","A","1991",14485.712105,
"NZL","GDP","TOT","USD_CAP","A","1992",14852.905689,
"NZL","GDP","TOT","USD_CAP","A","1993",15847.195896,
"NZL","GDP","TOT","USD_CAP","A","1994",16979.530269,
"NZL","GDP","TOT","USD_CAP","A","1995",17794.738286,
"NZL","GDP","TOT","USD_CAP","A","1996",18361.651551,
"NZL","GDP","TOT","USD_CAP","A","1997",19070.601713,
"NZL","GDP","TOT","USD_CAP","A","1998",19284.721024,
"NZL","GDP","TOT","USD_CAP","A","1999",20537.595625,
"NZL","GDP","TOT","USD_CAP","A","2000",21459.17077,
"NZL","GDP","TOT","USD_CAP","A","2001",22416.669949,
"NZL","GDP","TOT","USD_CAP","A","2002",23180.064981,
"NZL","GDP","TOT","USD_CAP","A","2003",23885.100687,
"NZL","GDP","TOT","USD_CAP","A","2004",25018.845662,
"NZL","GDP","TOT","USD_CAP","A","2005",25590.127446,
"NZL","GDP","TOT","USD_CAP","A","2006",27652.794356,
"NZL","GDP","TOT","USD_CAP","A","2007",29252.862789,
"NZL","GDP","TOT","USD_CAP","A","2008",29748.931565,
"NZL","GDP","TOT","USD_CAP","A","2009",30570.163361,
"NZL","GDP","TOT","USD_CAP","A","2010",31138.14575,
"NZL","GDP","TOT","USD_CAP","A","2011",32638.103325,
"NZL","GDP","TOT","USD_CAP","A","2012",32916.91304,
"NZL","GDP","TOT","USD_CAP","A","2013",36084.865782,
"NZL","GDP","TOT","USD_CAP","A","2014",37084.794142,
"NZL","GDP","TOT","USD_CAP","A","2015",37246.951138,
"NZL","GDP","TOT","USD_CAP","A","2016",39696.946073,
"NZL","GDP","TOT","USD_CAP","A","2017",41994.487818,
"NZL","GDP","TOT","USD_CAP","A","2018",42320.906448,
"NZL","GDP","TOT","USD_CAP","A","2019",45518.307468,
"NZL","GDP","TOT","USD_CAP","A","2020",45457.178769,
"NZL","GDP","TOT","USD_CAP","A","2021",47981.692244,
"NZL","GDP","TOT","USD_CAP","A","2022",51455.076251,"E"
"NOR","GDP","TOT","USD_CAP","A","1970",3364.907466,
"NOR","GDP","TOT","USD_CAP","A","1971",3710.224462,
"NOR","GDP","TOT","USD_CAP","A","1972",4045.837204,
"NOR","GDP","TOT","USD_CAP","A","1973",4429.454813,
"NOR","GDP","TOT","USD_CAP","A","1974",4987.195104,
"NOR","GDP","TOT","USD_CAP","A","1975",5687.587065,
"NOR","GDP","TOT","USD_CAP","A","1976",6320.195221,
"NOR","GDP","TOT","USD_CAP","A","1977",6962.795809,
"NOR","GDP","TOT","USD_CAP","A","1978",7710.398549,
"NOR","GDP","TOT","USD_CAP","A","1979",8685.248568,
"NOR","GDP","TOT","USD_CAP","A","1980",9870.513797,
"NOR","GDP","TOT","USD_CAP","A","1981",10939.685912,
"NOR","GDP","TOT","USD_CAP","A","1982",11600.462028,
"NOR","GDP","TOT","USD_CAP","A","1983",12494.294986,
"NOR","GDP","TOT","USD_CAP","A","1984",13688.743558,
"NOR","GDP","TOT","USD_CAP","A","1985",14859.215091,
"NOR","GDP","TOT","USD_CAP","A","1986",15718.200166,
"NOR","GDP","TOT","USD_CAP","A","1987",16311.028723,
"NOR","GDP","TOT","USD_CAP","A","1988",16755.267282,
"NOR","GDP","TOT","USD_CAP","A","1989",17517.997269,
"NOR","GDP","TOT","USD_CAP","A","1990",18463.770868,
"NOR","GDP","TOT","USD_CAP","A","1991",19579.980985,
"NOR","GDP","TOT","USD_CAP","A","1992",20625.871588,
"NOR","GDP","TOT","USD_CAP","A","1993",21584.591102,
"NOR","GDP","TOT","USD_CAP","A","1994",23026.472633,
"NOR","GDP","TOT","USD_CAP","A","1995",24362.694577,
"NOR","GDP","TOT","USD_CAP","A","1996",26827.754488,
"NOR","GDP","TOT","USD_CAP","A","1997",28609.607256,
"NOR","GDP","TOT","USD_CAP","A","1998",28202.236134,
"NOR","GDP","TOT","USD_CAP","A","1999",30573.137341,
"NOR","GDP","TOT","USD_CAP","A","2000",36988.65878,
"NOR","GDP","TOT","USD_CAP","A","2001",37827.470761,
"NOR","GDP","TOT","USD_CAP","A","2002",38057.575494,
"NOR","GDP","TOT","USD_CAP","A","2003",38683.295646,
"NOR","GDP","TOT","USD_CAP","A","2004",42671.129526,
"NOR","GDP","TOT","USD_CAP","A","2005",47969.885364,
"NOR","GDP","TOT","USD_CAP","A","2006",54362.236354,
"NOR","GDP","TOT","USD_CAP","A","2007",56177.479845,
"NOR","GDP","TOT","USD_CAP","A","2008",62075.513764,
"NOR","GDP","TOT","USD_CAP","A","2009",55617.679797,
"NOR","GDP","TOT","USD_CAP","A","2010",58229.713025,
"NOR","GDP","TOT","USD_CAP","A","2011",62461.20278,
"NOR","GDP","TOT","USD_CAP","A","2012",65768.753269,
"NOR","GDP","TOT","USD_CAP","A","2013",67372.928181,
"NOR","GDP","TOT","USD_CAP","A","2014",66335.459647,
"NOR","GDP","TOT","USD_CAP","A","2015",60721.583813,
"NOR","GDP","TOT","USD_CAP","A","2016",59263.430471,
"NOR","GDP","TOT","USD_CAP","A","2017",64589.163172,
"NOR","GDP","TOT","USD_CAP","A","2018",70252.735449,
"NOR","GDP","TOT","USD_CAP","A","2019",69915.01766,
"NOR","GDP","TOT","USD_CAP","A","2020",65135.920669,
"NOR","GDP","TOT","USD_CAP","A","2021",81871.642989,
"NOR","GDP","TOT","USD_CAP","A","2022",114932.192428,
"POL","GDP","TOT","USD_CAP","A","1990",6205.071655,"E"
"POL","GDP","TOT","USD_CAP","A","1991",5952.660254,"E"
"POL","GDP","TOT","USD_CAP","A","1992",6230.971929,"E"
"POL","GDP","TOT","USD_CAP","A","1993",6608.81136,"E"
"POL","GDP","TOT","USD_CAP","A","1994",7101.438382,"E"
"POL","GDP","TOT","USD_CAP","A","1995",7749.823854,
"POL","GDP","TOT","USD_CAP","A","1996",8350.588468,
"POL","GDP","TOT","USD_CAP","A","1997",9020.076691,
"POL","GDP","TOT","USD_CAP","A","1998",9582.019738,
"POL","GDP","TOT","USD_CAP","A","1999",10143.29528,
"POL","GDP","TOT","USD_CAP","A","2000",10674.914757,
"POL","GDP","TOT","USD_CAP","A","2001",11120.999556,
"POL","GDP","TOT","USD_CAP","A","2002",11803.761357,
"POL","GDP","TOT","USD_CAP","A","2003",12292.161883,
"POL","GDP","TOT","USD_CAP","A","2004",13354.532874,
"POL","GDP","TOT","USD_CAP","A","2005",13898.413011,
"POL","GDP","TOT","USD_CAP","A","2006",15155.041822,
"POL","GDP","TOT","USD_CAP","A","2007",16806.970491,
"POL","GDP","TOT","USD_CAP","A","2008",18308.038986,
"POL","GDP","TOT","USD_CAP","A","2009",19074.444446,
"POL","GDP","TOT","USD_CAP","A","2010",20632.568496,
"POL","GDP","TOT","USD_CAP","A","2011",22386.227115,
"POL","GDP","TOT","USD_CAP","A","2012",23300.922905,
"POL","GDP","TOT","USD_CAP","A","2013",24028.186721,
"POL","GDP","TOT","USD_CAP","A","2014",25005.655694,
"POL","GDP","TOT","USD_CAP","A","2015",26495.814917,
"POL","GDP","TOT","USD_CAP","A","2016",27830.927735,
"POL","GDP","TOT","USD_CAP","A","2017",29609.446369,
"POL","GDP","TOT","USD_CAP","A","2018",31662.210541,
"POL","GDP","TOT","USD_CAP","A","2019",34592.873746,
"POL","GDP","TOT","USD_CAP","A","2020",34896.8226,
"POL","GDP","TOT","USD_CAP","A","2021",37825.969449,
"POL","GDP","TOT","USD_CAP","A","2022",42961.752668,"B"
"PRT","GDP","TOT","USD_CAP","A","1970",2078.171857,"E"
"PRT","GDP","TOT","USD_CAP","A","1971",2348.791921,"E"
"PRT","GDP","TOT","USD_CAP","A","1972",2650.722149,"E"
"PRT","GDP","TOT","USD_CAP","A","1973",3108.066071,"E"
"PRT","GDP","TOT","USD_CAP","A","1974",3379.11248,"E"
"PRT","GDP","TOT","USD_CAP","A","1975",3399.939155,"E"
"PRT","GDP","TOT","USD_CAP","A","1976",3727.185355,"E"
"PRT","GDP","TOT","USD_CAP","A","1977",4136.352416,"E"
"PRT","GDP","TOT","USD_CAP","A","1978",4502.918671,"E"
"PRT","GDP","TOT","USD_CAP","A","1979",5096.5731,"E"
"PRT","GDP","TOT","USD_CAP","A","1980",5749.495758,"E"
"PRT","GDP","TOT","USD_CAP","A","1981",6340.823743,"E"
"PRT","GDP","TOT","USD_CAP","A","1982",6834.024479,"E"
"PRT","GDP","TOT","USD_CAP","A","1983",7058.781995,"E"
"PRT","GDP","TOT","USD_CAP","A","1984",7151.525852,"E"
"PRT","GDP","TOT","USD_CAP","A","1985",7568.144968,"E"
"PRT","GDP","TOT","USD_CAP","A","1986",8040.264873,"E"
"PRT","GDP","TOT","USD_CAP","A","1987",8779.763139,"E"
"PRT","GDP","TOT","USD_CAP","A","1988",9795.666002,"E"
"PRT","GDP","TOT","USD_CAP","A","1989",10869.129782,"E"
"PRT","GDP","TOT","USD_CAP","A","1990",11766.453958,"E"
"PRT","GDP","TOT","USD_CAP","A","1991",12731.744821,"E"
"PRT","GDP","TOT","USD_CAP","A","1992",13169.059787,"E"
"PRT","GDP","TOT","USD_CAP","A","1993",13191.055806,"E"
"PRT","GDP","TOT","USD_CAP","A","1994",13570.077182,"E"
"PRT","GDP","TOT","USD_CAP","A","1995",14407.066402,
"PRT","GDP","TOT","USD_CAP","A","1996",14921.73824,
"PRT","GDP","TOT","USD_CAP","A","1997",15788.630619,
"PRT","GDP","TOT","USD_CAP","A","1998",16687.438971,
"PRT","GDP","TOT","USD_CAP","A","1999",17718.199563,
"PRT","GDP","TOT","USD_CAP","A","2000",18880.30375,
"PRT","GDP","TOT","USD_CAP","A","2001",19528.689533,
"PRT","GDP","TOT","USD_CAP","A","2002",20356.721555,
"PRT","GDP","TOT","USD_CAP","A","2003",20852.18351,
"PRT","GDP","TOT","USD_CAP","A","2004",21477.874489,
"PRT","GDP","TOT","USD_CAP","A","2005",22725.351606,
"PRT","GDP","TOT","USD_CAP","A","2006",24681.096076,
"PRT","GDP","TOT","USD_CAP","A","2007",25736.276906,
"PRT","GDP","TOT","USD_CAP","A","2008",26665.771577,
"PRT","GDP","TOT","USD_CAP","A","2009",26459.287172,
"PRT","GDP","TOT","USD_CAP","A","2010",27260.554162,
"PRT","GDP","TOT","USD_CAP","A","2011",26769.42769,
"PRT","GDP","TOT","USD_CAP","A","2012",26438.140472,
"PRT","GDP","TOT","USD_CAP","A","2013",27936.006299,
"PRT","GDP","TOT","USD_CAP","A","2014",28742.313125,
"PRT","GDP","TOT","USD_CAP","A","2015",29660.845901,
"PRT","GDP","TOT","USD_CAP","A","2016",31607.610185,
"PRT","GDP","TOT","USD_CAP","A","2017",33044.70015,
"PRT","GDP","TOT","USD_CAP","A","2018",34928.61899,
"PRT","GDP","TOT","USD_CAP","A","2019",37299.182306,
"PRT","GDP","TOT","USD_CAP","A","2020",34955.61156,
"PRT","GDP","TOT","USD_CAP","A","2021",36971.269095,
"PRT","GDP","TOT","USD_CAP","A","2022",42313.130693,"P"
"SVK","GDP","TOT","USD_CAP","A","1992",7186.836539,"E"
"SVK","GDP","TOT","USD_CAP","A","1993",7471.730972,"E"
"SVK","GDP","TOT","USD_CAP","A","1994",8071.649735,"E"
"SVK","GDP","TOT","USD_CAP","A","1995",8695.696416,
"SVK","GDP","TOT","USD_CAP","A","1996",9406.977202,
"SVK","GDP","TOT","USD_CAP","A","1997",10085.768534,
"SVK","GDP","TOT","USD_CAP","A","1998",10622.627325,
"SVK","GDP","TOT","USD_CAP","A","1999",10714.989611,
"SVK","GDP","TOT","USD_CAP","A","2000",11353.50553,
"SVK","GDP","TOT","USD_CAP","A","2001",12386.833868,
"SVK","GDP","TOT","USD_CAP","A","2002",13307.878099,
"SVK","GDP","TOT","USD_CAP","A","2003",14166.120035,
"SVK","GDP","TOT","USD_CAP","A","2004",15197.889535,
"SVK","GDP","TOT","USD_CAP","A","2005",16595.261602,
"SVK","GDP","TOT","USD_CAP","A","2006",18850.138473,
"SVK","GDP","TOT","USD_CAP","A","2007",21138.750634,
"SVK","GDP","TOT","USD_CAP","A","2008",23608.977522,
"SVK","GDP","TOT","USD_CAP","A","2009",22947.25335,
"SVK","GDP","TOT","USD_CAP","A","2010",25221.414441,
"SVK","GDP","TOT","USD_CAP","A","2011",26260.184756,
"SVK","GDP","TOT","USD_CAP","A","2012",27000.730262,
"SVK","GDP","TOT","USD_CAP","A","2013",28021.090416,
"SVK","GDP","TOT","USD_CAP","A","2014",29029.587681,
"SVK","GDP","TOT","USD_CAP","A","2015",30062.179649,
"SVK","GDP","TOT","USD_CAP","A","2016",29737.53009,
"SVK","GDP","TOT","USD_CAP","A","2017",30147.015977,
"SVK","GDP","TOT","USD_CAP","A","2018",31374.187996,
"SVK","GDP","TOT","USD_CAP","A","2019",33459.324263,
"SVK","GDP","TOT","USD_CAP","A","2020",32912.709886,
"SVK","GDP","TOT","USD_CAP","A","2021",34547.086573,
"SVK","GDP","TOT","USD_CAP","A","2022",37067.28435,
"ESP","GDP","TOT","USD_CAP","A","1970",2768.892291,"E"
"ESP","GDP","TOT","USD_CAP","A","1971",3016.556056,"E"
"ESP","GDP","TOT","USD_CAP","A","1972",3373.03744,"E"
"ESP","GDP","TOT","USD_CAP","A","1973",3800.607035,"E"
"ESP","GDP","TOT","USD_CAP","A","1974",4333.424251,"E"
"ESP","GDP","TOT","USD_CAP","A","1975",4711.157301,"E"
"ESP","GDP","TOT","USD_CAP","A","1976",5074.348485,"E"
"ESP","GDP","TOT","USD_CAP","A","1977",5477.089666,"E"
"ESP","GDP","TOT","USD_CAP","A","1978",5881.633987,"E"
"ESP","GDP","TOT","USD_CAP","A","1979",6315.585177,"E"
"ESP","GDP","TOT","USD_CAP","A","1980",6962.742478,"E"
"ESP","GDP","TOT","USD_CAP","A","1981",7564.883876,"E"
"ESP","GDP","TOT","USD_CAP","A","1982",8088.873462,"E"
"ESP","GDP","TOT","USD_CAP","A","1983",8514.321954,"E"
"ESP","GDP","TOT","USD_CAP","A","1984",8942.337432,"E"
"ESP","GDP","TOT","USD_CAP","A","1985",9404.647692,"E"
"ESP","GDP","TOT","USD_CAP","A","1986",9876.097641,"E"
"ESP","GDP","TOT","USD_CAP","A","1987",10655.433627,"E"
"ESP","GDP","TOT","USD_CAP","A","1988",11567.813543,"E"
"ESP","GDP","TOT","USD_CAP","A","1989",12577.220698,"E"
"ESP","GDP","TOT","USD_CAP","A","1990",13520.860458,"E"
"ESP","GDP","TOT","USD_CAP","A","1991",14308.610814,"E"
"ESP","GDP","TOT","USD_CAP","A","1992",14736.224104,"E"
"ESP","GDP","TOT","USD_CAP","A","1993",14897.342444,"E"
"ESP","GDP","TOT","USD_CAP","A","1994",15550.196517,"E"
"ESP","GDP","TOT","USD_CAP","A","1995",16290.47236,
"ESP","GDP","TOT","USD_CAP","A","1996",16982.180204,
"ESP","GDP","TOT","USD_CAP","A","1997",17916.032165,
"ESP","GDP","TOT","USD_CAP","A","1998",19101.544588,
"ESP","GDP","TOT","USD_CAP","A","1999",19962.792109,
"ESP","GDP","TOT","USD_CAP","A","2000",21595.594901,
"ESP","GDP","TOT","USD_CAP","A","2001",23001.078439,
"ESP","GDP","TOT","USD_CAP","A","2002",24376.32871,
"ESP","GDP","TOT","USD_CAP","A","2003",25042.28983,
"ESP","GDP","TOT","USD_CAP","A","2004",26182.039287,
"ESP","GDP","TOT","USD_CAP","A","2005",27600.937175,
"ESP","GDP","TOT","USD_CAP","A","2006",30743.713954,
"ESP","GDP","TOT","USD_CAP","A","2007",32467.040986,
"ESP","GDP","TOT","USD_CAP","A","2008",33242.245427,
"ESP","GDP","TOT","USD_CAP","A","2009",32089.527557,
"ESP","GDP","TOT","USD_CAP","A","2010",31690.887692,
"ESP","GDP","TOT","USD_CAP","A","2011",31872.363088,
"ESP","GDP","TOT","USD_CAP","A","2012",31724.785352,
"ESP","GDP","TOT","USD_CAP","A","2013",32463.123679,
"ESP","GDP","TOT","USD_CAP","A","2014",33558.976673,
"ESP","GDP","TOT","USD_CAP","A","2015",34945.481614,
"ESP","GDP","TOT","USD_CAP","A","2016",37333.06491,
"ESP","GDP","TOT","USD_CAP","A","2017",39601.479631,
"ESP","GDP","TOT","USD_CAP","A","2018",40776.768298,
"ESP","GDP","TOT","USD_CAP","A","2019",43135.741954,
"ESP","GDP","TOT","USD_CAP","A","2020",38030.728528,
"ESP","GDP","TOT","USD_CAP","A","2021",41255.752458,"P"
"ESP","GDP","TOT","USD_CAP","A","2022",46490.547319,"P"
"SWE","GDP","TOT","USD_CAP","A","1970",4905.806826,"E"
"SWE","GDP","TOT","USD_CAP","A","1971",5167.843144,"E"
"SWE","GDP","TOT","USD_CAP","A","1972",5498.331828,"E"
"SWE","GDP","TOT","USD_CAP","A","1973",6018.647189,"E"
"SWE","GDP","TOT","USD_CAP","A","1974",6750.146536,"E"
"SWE","GDP","TOT","USD_CAP","A","1975",7535.047821,"E"
"SWE","GDP","TOT","USD_CAP","A","1976",8004.533671,"E"
"SWE","GDP","TOT","USD_CAP","A","1977",8336.767838,"E"
"SWE","GDP","TOT","USD_CAP","A","1978",9053.122035,"E"
"SWE","GDP","TOT","USD_CAP","A","1979",10157.379994,"E"
"SWE","GDP","TOT","USD_CAP","A","1980",11241.488168,"E"
"SWE","GDP","TOT","USD_CAP","A","1981",12346.284654,"E"
"SWE","GDP","TOT","USD_CAP","A","1982",13264.787823,"E"
"SWE","GDP","TOT","USD_CAP","A","1983",14039.585894,"E"
"SWE","GDP","TOT","USD_CAP","A","1984",15146.776557,"E"
"SWE","GDP","TOT","USD_CAP","A","1985",15938.507378,"E"
"SWE","GDP","TOT","USD_CAP","A","1986",16657.191162,"E"
"SWE","GDP","TOT","USD_CAP","A","1987",17582.743271,"E"
"SWE","GDP","TOT","USD_CAP","A","1988",18584.687708,"E"
"SWE","GDP","TOT","USD_CAP","A","1989",19692.941913,"E"
"SWE","GDP","TOT","USD_CAP","A","1990",20425.565211,"E"
"SWE","GDP","TOT","USD_CAP","A","1991",20733.818918,"E"
"SWE","GDP","TOT","USD_CAP","A","1992",20837.303063,"E"
"SWE","GDP","TOT","USD_CAP","A","1993",20769.119045,
"SWE","GDP","TOT","USD_CAP","A","1994",21890.359829,
"SWE","GDP","TOT","USD_CAP","A","1995",23107.289788,
"SWE","GDP","TOT","USD_CAP","A","1996",23934.105538,
"SWE","GDP","TOT","USD_CAP","A","1997",24805.660052,
"SWE","GDP","TOT","USD_CAP","A","1998",25888.362392,
"SWE","GDP","TOT","USD_CAP","A","1999",27471.476497,
"SWE","GDP","TOT","USD_CAP","A","2000",29624.021363,
"SWE","GDP","TOT","USD_CAP","A","2001",29933.209602,
"SWE","GDP","TOT","USD_CAP","A","2002",30926.361002,
"SWE","GDP","TOT","USD_CAP","A","2003",31816.571723,
"SWE","GDP","TOT","USD_CAP","A","2004",33858.921497,
"SWE","GDP","TOT","USD_CAP","A","2005",34244.359285,
"SWE","GDP","TOT","USD_CAP","A","2006",37727.725135,
"SWE","GDP","TOT","USD_CAP","A","2007",40910.324397,
"SWE","GDP","TOT","USD_CAP","A","2008",42158.296425,
"SWE","GDP","TOT","USD_CAP","A","2009",40279.878892,
"SWE","GDP","TOT","USD_CAP","A","2010",42221.760198,
"SWE","GDP","TOT","USD_CAP","A","2011",44608.584887,
"SWE","GDP","TOT","USD_CAP","A","2012",45432.431014,
"SWE","GDP","TOT","USD_CAP","A","2013",46312.397402,
"SWE","GDP","TOT","USD_CAP","A","2014",47184.673173,
"SWE","GDP","TOT","USD_CAP","A","2015",49103.131953,
"SWE","GDP","TOT","USD_CAP","A","2016",50430.25079,
"SWE","GDP","TOT","USD_CAP","A","2017",51947.95578,
"SWE","GDP","TOT","USD_CAP","A","2018",53521.635778,
"SWE","GDP","TOT","USD_CAP","A","2019",56404.297122,
"SWE","GDP","TOT","USD_CAP","A","2020",56140.551353,
"SWE","GDP","TOT","USD_CAP","A","2021",60396.719301,
"SWE","GDP","TOT","USD_CAP","A","2022",65156.950747,
"CHE","GDP","TOT","USD_CAP","A","1970",7364.414573,"E"
"CHE","GDP","TOT","USD_CAP","A","1971",7956.218951,"E"
"CHE","GDP","TOT","USD_CAP","A","1972",8488.08065,"E"
"CHE","GDP","TOT","USD_CAP","A","1973",9169.311439,"E"
"CHE","GDP","TOT","USD_CAP","A","1974",10110.252013,"E"
"CHE","GDP","TOT","USD_CAP","A","1975",10332.495979,"E"
"CHE","GDP","TOT","USD_CAP","A","1976",10867.264862,"E"
"CHE","GDP","TOT","USD_CAP","A","1977",11855.005791,"E"
"CHE","GDP","TOT","USD_CAP","A","1978",12708.293833,"E"
"CHE","GDP","TOT","USD_CAP","A","1979",14064.960049,"E"
"CHE","GDP","TOT","USD_CAP","A","1980",15954.799522,
"CHE","GDP","TOT","USD_CAP","A","1981",17622.86145,
"CHE","GDP","TOT","USD_CAP","A","1982",18357.932623,
"CHE","GDP","TOT","USD_CAP","A","1983",19155.238341,
"CHE","GDP","TOT","USD_CAP","A","1984",20370.545743,
"CHE","GDP","TOT","USD_CAP","A","1985",21692.801663,
"CHE","GDP","TOT","USD_CAP","A","1986",22405.104609,
"CHE","GDP","TOT","USD_CAP","A","1987",23160.8208,
"CHE","GDP","TOT","USD_CAP","A","1988",24568.735021,
"CHE","GDP","TOT","USD_CAP","A","1989",26433.575591,
"CHE","GDP","TOT","USD_CAP","A","1990",28124.395379,
"CHE","GDP","TOT","USD_CAP","A","1991",28458.281152,
"CHE","GDP","TOT","USD_CAP","A","1992",28830.068567,
"CHE","GDP","TOT","USD_CAP","A","1993",29283.246389,
"CHE","GDP","TOT","USD_CAP","A","1994",30081.756285,
"CHE","GDP","TOT","USD_CAP","A","1995",30586.359996,
"CHE","GDP","TOT","USD_CAP","A","1996",31242.609525,
"CHE","GDP","TOT","USD_CAP","A","1997",32440.80253,
"CHE","GDP","TOT","USD_CAP","A","1998",33543.644646,
"CHE","GDP","TOT","USD_CAP","A","1999",34401.809168,
"CHE","GDP","TOT","USD_CAP","A","2000",36351.765418,
"CHE","GDP","TOT","USD_CAP","A","2001",37514.754782,
"CHE","GDP","TOT","USD_CAP","A","2002",38410.604089,
"CHE","GDP","TOT","USD_CAP","A","2003",38448.713551,
"CHE","GDP","TOT","USD_CAP","A","2004",39884.900157,
"CHE","GDP","TOT","USD_CAP","A","2005",41244.643767,
"CHE","GDP","TOT","USD_CAP","A","2006",45963.055317,
"CHE","GDP","TOT","USD_CAP","A","2007",50584.577372,
"CHE","GDP","TOT","USD_CAP","A","2008",53498.013101,
"CHE","GDP","TOT","USD_CAP","A","2009",52732.723576,
"CHE","GDP","TOT","USD_CAP","A","2010",54349.191874,
"CHE","GDP","TOT","USD_CAP","A","2011",57493.56602,
"CHE","GDP","TOT","USD_CAP","A","2012",59440.934085,
"CHE","GDP","TOT","USD_CAP","A","2013",61656.490978,
"CHE","GDP","TOT","USD_CAP","A","2014",63417.043081,
"CHE","GDP","TOT","USD_CAP","A","2015",65265.050827,
"CHE","GDP","TOT","USD_CAP","A","2016",67350.735189,
"CHE","GDP","TOT","USD_CAP","A","2017",68193.502958,
"CHE","GDP","TOT","USD_CAP","A","2018",70688.84449,
"CHE","GDP","TOT","USD_CAP","A","2019",72668.72555,
"CHE","GDP","TOT","USD_CAP","A","2020",70810.837738,
"CHE","GDP","TOT","USD_CAP","A","2021",75969.787471,
"CHE","GDP","TOT","USD_CAP","A","2022",83484.940241,
"TUR","GDP","TOT","USD_CAP","A","1970",1773.56559,"E"
"TUR","GDP","TOT","USD_CAP","A","1971",1928.383005,"E"
"TUR","GDP","TOT","USD_CAP","A","1972",2106.080029,"E"
"TUR","GDP","TOT","USD_CAP","A","1973",2241.734588,"E"
"TUR","GDP","TOT","USD_CAP","A","1974",2510.656048,"E"
"TUR","GDP","TOT","USD_CAP","A","1975",2867.700062,"E"
"TUR","GDP","TOT","USD_CAP","A","1976",3265.854232,"E"
"TUR","GDP","TOT","USD_CAP","A","1977",3517.807291,"E"
"TUR","GDP","TOT","USD_CAP","A","1978",3744.549072,"E"
"TUR","GDP","TOT","USD_CAP","A","1979",3943.40557,"E"
"TUR","GDP","TOT","USD_CAP","A","1980",4108.984662,"E"
"TUR","GDP","TOT","USD_CAP","A","1981",4603.069824,"E"
"TUR","GDP","TOT","USD_CAP","A","1982",4936.278211,"E"
"TUR","GDP","TOT","USD_CAP","A","1983",5251.809031,"E"
"TUR","GDP","TOT","USD_CAP","A","1984",5664.869623,"E"
"TUR","GDP","TOT","USD_CAP","A","1985",5942.131534,"E"
"TUR","GDP","TOT","USD_CAP","A","1986",6338.717261,"E"
"TUR","GDP","TOT","USD_CAP","A","1987",6990.795182,"E"
"TUR","GDP","TOT","USD_CAP","A","1988",7266.077306,"E"
"TUR","GDP","TOT","USD_CAP","A","1989",7441.019389,"E"
"TUR","GDP","TOT","USD_CAP","A","1990",8292.000489,"E"
"TUR","GDP","TOT","USD_CAP","A","1991",8507.534988,"E"
"TUR","GDP","TOT","USD_CAP","A","1992",9071.45323,"E"
"TUR","GDP","TOT","USD_CAP","A","1993",9872.699,"E"
"TUR","GDP","TOT","USD_CAP","A","1994",9383.676082,"E"
"TUR","GDP","TOT","USD_CAP","A","1995",10111.461686,"E"
"TUR","GDP","TOT","USD_CAP","A","1996",10831.941802,"E"
"TUR","GDP","TOT","USD_CAP","A","1997",11650.893985,"E"
"TUR","GDP","TOT","USD_CAP","A","1998",8937.587566,
"TUR","GDP","TOT","USD_CAP","A","1999",8625.279388,
"TUR","GDP","TOT","USD_CAP","A","2000",9476.598346,
"TUR","GDP","TOT","USD_CAP","A","2001",9143.328196,
"TUR","GDP","TOT","USD_CAP","A","2002",9279.072677,
"TUR","GDP","TOT","USD_CAP","A","2003",9597.936618,
"TUR","GDP","TOT","USD_CAP","A","2004",10884.319337,
"TUR","GDP","TOT","USD_CAP","A","2005",11910.606724,
"TUR","GDP","TOT","USD_CAP","A","2006",13640.767727,
"TUR","GDP","TOT","USD_CAP","A","2007",14864.955058,
"TUR","GDP","TOT","USD_CAP","A","2008",16038.231645,
"TUR","GDP","TOT","USD_CAP","A","2009",15442.774202,
"TUR","GDP","TOT","USD_CAP","A","2010",17345.833613,
"TUR","GDP","TOT","USD_CAP","A","2011",19590.858369,
"TUR","GDP","TOT","USD_CAP","A","2012",20627.440729,
"TUR","GDP","TOT","USD_CAP","A","2013",22373.136543,
"TUR","GDP","TOT","USD_CAP","A","2014",24104.984583,
"TUR","GDP","TOT","USD_CAP","A","2015",25855.912681,
"TUR","GDP","TOT","USD_CAP","A","2016",26695.909373,
"TUR","GDP","TOT","USD_CAP","A","2017",28193.061398,
"TUR","GDP","TOT","USD_CAP","A","2018",28281.473275,
"TUR","GDP","TOT","USD_CAP","A","2019",28011.322789,
"TUR","GDP","TOT","USD_CAP","A","2020",27973.899303,
"TUR","GDP","TOT","USD_CAP","A","2021",30679.506593,
"TUR","GDP","TOT","USD_CAP","A","2022",37299.591132,"E"
"GBR","GDP","TOT","USD_CAP","A","1960",2186.298678,
"GBR","GDP","TOT","USD_CAP","A","1961",2248.226997,
"GBR","GDP","TOT","USD_CAP","A","1962",2296.179887,
"GBR","GDP","TOT","USD_CAP","A","1963",2419.069763,
"GBR","GDP","TOT","USD_CAP","A","1964",2563.492244,
"GBR","GDP","TOT","USD_CAP","A","1965",2694.142395,
"GBR","GDP","TOT","USD_CAP","A","1966",2834.567525,
"GBR","GDP","TOT","USD_CAP","A","1967",2976.523362,
"GBR","GDP","TOT","USD_CAP","A","1968",3268.199673,
"GBR","GDP","TOT","USD_CAP","A","1969",3507.172729,
"GBR","GDP","TOT","USD_CAP","A","1970",3636.531897,
"GBR","GDP","TOT","USD_CAP","A","1971",3933.853912,
"GBR","GDP","TOT","USD_CAP","A","1972",4268.363698,
"GBR","GDP","TOT","USD_CAP","A","1973",4785.238183,
"GBR","GDP","TOT","USD_CAP","A","1974",5085.088214,
"GBR","GDP","TOT","USD_CAP","A","1975",5475.196306,
"GBR","GDP","TOT","USD_CAP","A","1976",5945.686985,
"GBR","GDP","TOT","USD_CAP","A","1977",6473.318413,
"GBR","GDP","TOT","USD_CAP","A","1978",7221.480777,
"GBR","GDP","TOT","USD_CAP","A","1979",8104.866594,
"GBR","GDP","TOT","USD_CAP","A","1980",8643.641342,
"GBR","GDP","TOT","USD_CAP","A","1981",9382.318979,
"GBR","GDP","TOT","USD_CAP","A","1982",10172.808276,
"GBR","GDP","TOT","USD_CAP","A","1983",11012.667607,
"GBR","GDP","TOT","USD_CAP","A","1984",11649.638325,
"GBR","GDP","TOT","USD_CAP","A","1985",12484.399252,
"GBR","GDP","TOT","USD_CAP","A","1986",13106.915713,
"GBR","GDP","TOT","USD_CAP","A","1987",14125.421351,
"GBR","GDP","TOT","USD_CAP","A","1988",15431.548257,
"GBR","GDP","TOT","USD_CAP","A","1989",16403.475437,
"GBR","GDP","TOT","USD_CAP","A","1990",17094.16014,
"GBR","GDP","TOT","USD_CAP","A","1991",17416.138113,
"GBR","GDP","TOT","USD_CAP","A","1992",17839.137225,
"GBR","GDP","TOT","USD_CAP","A","1993",18674.842998,
"GBR","GDP","TOT","USD_CAP","A","1994",19756.540612,
"GBR","GDP","TOT","USD_CAP","A","1995",20593.592998,
"GBR","GDP","TOT","USD_CAP","A","1996",21947.219597,
"GBR","GDP","TOT","USD_CAP","A","1997",23070.556723,
"GBR","GDP","TOT","USD_CAP","A","1998",23693.316272,
"GBR","GDP","TOT","USD_CAP","A","1999",24492.865796,
"GBR","GDP","TOT","USD_CAP","A","2000",26534.517918,
"GBR","GDP","TOT","USD_CAP","A","2001",27915.785918,
"GBR","GDP","TOT","USD_CAP","A","2002",29091.26654,
"GBR","GDP","TOT","USD_CAP","A","2003",30322.775119,
"GBR","GDP","TOT","USD_CAP","A","2004",32075.022998,
"GBR","GDP","TOT","USD_CAP","A","2005",32719.743558,
"GBR","GDP","TOT","USD_CAP","A","2006",34744.126142,
"GBR","GDP","TOT","USD_CAP","A","2007",35521.72105,
"GBR","GDP","TOT","USD_CAP","A","2008",36734.676772,
"GBR","GDP","TOT","USD_CAP","A","2009",35033.288916,
"GBR","GDP","TOT","USD_CAP","A","2010",36495.793496,
"GBR","GDP","TOT","USD_CAP","A","2011",37208.971903,
"GBR","GDP","TOT","USD_CAP","A","2012",38340.215681,
"GBR","GDP","TOT","USD_CAP","A","2013",39968.102283,
"GBR","GDP","TOT","USD_CAP","A","2014",41281.542063,
"GBR","GDP","TOT","USD_CAP","A","2015",42500.909156,
"GBR","GDP","TOT","USD_CAP","A","2016",44057.689096,
"GBR","GDP","TOT","USD_CAP","A","2017",46061.354379,
"GBR","GDP","TOT","USD_CAP","A","2018",47107.7092,
"GBR","GDP","TOT","USD_CAP","A","2019",49220.202708,
"GBR","GDP","TOT","USD_CAP","A","2020",45756.801675,
"GBR","GDP","TOT","USD_CAP","A","2021",50361.491742,
"GBR","GDP","TOT","USD_CAP","A","2022",54265.752346,
"USA","GDP","TOT","USD_CAP","A","1970",5233.352349,
"USA","GDP","TOT","USD_CAP","A","1971",5608.545346,
"USA","GDP","TOT","USD_CAP","A","1972",6093.20516,
"USA","GDP","TOT","USD_CAP","A","1973",6725.406839,
"USA","GDP","TOT","USD_CAP","A","1974",7224.204995,
"USA","GDP","TOT","USD_CAP","A","1975",7801.167695,
"USA","GDP","TOT","USD_CAP","A","1976",8590.244216,
"USA","GDP","TOT","USD_CAP","A","1977",9450.431025,
"USA","GDP","TOT","USD_CAP","A","1978",10562.860184,
"USA","GDP","TOT","USD_CAP","A","1979",11671.536965,
"USA","GDP","TOT","USD_CAP","A","1980",12547.12681,
"USA","GDP","TOT","USD_CAP","A","1981",13943.171542,
"USA","GDP","TOT","USD_CAP","A","1982",14399.353194,
"USA","GDP","TOT","USD_CAP","A","1983",15508.007835,
"USA","GDP","TOT","USD_CAP","A","1984",17080.014721,
"USA","GDP","TOT","USD_CAP","A","1985",18192.326398,
"USA","GDP","TOT","USD_CAP","A","1986",19027.646323,
"USA","GDP","TOT","USD_CAP","A","1987",19993.226076,
"USA","GDP","TOT","USD_CAP","A","1988",21367.896156,
"USA","GDP","TOT","USD_CAP","A","1989",22804.674457,
"USA","GDP","TOT","USD_CAP","A","1990",23835.319229,
"USA","GDP","TOT","USD_CAP","A","1991",24289.547588,
"USA","GDP","TOT","USD_CAP","A","1992",25378.624641,
"USA","GDP","TOT","USD_CAP","A","1993",26350.492927,
"USA","GDP","TOT","USD_CAP","A","1994",27660.268357,
"USA","GDP","TOT","USD_CAP","A","1995",28657.512716,
"USA","GDP","TOT","USD_CAP","A","1996",29932.157767,
"USA","GDP","TOT","USD_CAP","A","1997",31424.438925,
"USA","GDP","TOT","USD_CAP","A","1998",32817.981996,
"USA","GDP","TOT","USD_CAP","A","1999",34479.794364,
"USA","GDP","TOT","USD_CAP","A","2000",36299.662179,
"USA","GDP","TOT","USD_CAP","A","2001",37100.285739,
"USA","GDP","TOT","USD_CAP","A","2002",37954.222014,
"USA","GDP","TOT","USD_CAP","A","2003",39419.907372,
"USA","GDP","TOT","USD_CAP","A","2004",41659.662691,
"USA","GDP","TOT","USD_CAP","A","2005",44052.382996,
"USA","GDP","TOT","USD_CAP","A","2006",46234.10571,
"USA","GDP","TOT","USD_CAP","A","2007",47976.201209,
"USA","GDP","TOT","USD_CAP","A","2008",48498.445211,
"USA","GDP","TOT","USD_CAP","A","2009",47122.988543,
"USA","GDP","TOT","USD_CAP","A","2010",48570.289731,
"USA","GDP","TOT","USD_CAP","A","2011",49951.907651,
"USA","GDP","TOT","USD_CAP","A","2012",51644.991659,
"USA","GDP","TOT","USD_CAP","A","2013",53116.521969,
"USA","GDP","TOT","USD_CAP","A","2014",54914.368228,
"USA","GDP","TOT","USD_CAP","A","2015",56520.609227,
"USA","GDP","TOT","USD_CAP","A","2016",57592.691515,
"USA","GDP","TOT","USD_CAP","A","2017",59589.233923,
"USA","GDP","TOT","USD_CAP","A","2018",62449.612827,
"USA","GDP","TOT","USD_CAP","A","2019",64690.272395,
"USA","GDP","TOT","USD_CAP","A","2020",63480.861222,
"USA","GDP","TOT","USD_CAP","A","2021",70181.12175,
"USA","GDP","TOT","USD_CAP","A","2022",76359.99952,"E"
"CHL","GDP","TOT","USD_CAP","A","1986",3362.599084,"E"
"CHL","GDP","TOT","USD_CAP","A","1987",3609.868118,"E"
"CHL","GDP","TOT","USD_CAP","A","1988",3942.703346,"E"
"CHL","GDP","TOT","USD_CAP","A","1989",4454.710337,"E"
"CHL","GDP","TOT","USD_CAP","A","1990",4714.046069,"E"
"CHL","GDP","TOT","USD_CAP","A","1991",5166.520616,"E"
"CHL","GDP","TOT","USD_CAP","A","1992",5827.459668,"E"
"CHL","GDP","TOT","USD_CAP","A","1993",6270.747048,"E"
"CHL","GDP","TOT","USD_CAP","A","1994",6653.874731,"E"
"CHL","GDP","TOT","USD_CAP","A","1995",7388.386052,"E"
"CHL","GDP","TOT","USD_CAP","A","1996",7970.381483,
"CHL","GDP","TOT","USD_CAP","A","1997",8589.098315,
"CHL","GDP","TOT","USD_CAP","A","1998",8927.892867,
"CHL","GDP","TOT","USD_CAP","A","1999",8909.771365,
"CHL","GDP","TOT","USD_CAP","A","2000",9440.041965,
"CHL","GDP","TOT","USD_CAP","A","2001",9845.972269,
"CHL","GDP","TOT","USD_CAP","A","2002",10205.704047,
"CHL","GDP","TOT","USD_CAP","A","2003",10779.638668,
"CHL","GDP","TOT","USD_CAP","A","2004",11682.599533,
"CHL","GDP","TOT","USD_CAP","A","2005",12600.905817,
"CHL","GDP","TOT","USD_CAP","A","2006",15589.157511,
"CHL","GDP","TOT","USD_CAP","A","2007",16771.182748,
"CHL","GDP","TOT","USD_CAP","A","2008",16449.614266,
"CHL","GDP","TOT","USD_CAP","A","2009",16028.549544,
"CHL","GDP","TOT","USD_CAP","A","2010",18041.314313,
"CHL","GDP","TOT","USD_CAP","A","2011",20235.570348,
"CHL","GDP","TOT","USD_CAP","A","2012",21458.812331,
"CHL","GDP","TOT","USD_CAP","A","2013",22295.740021,
"CHL","GDP","TOT","USD_CAP","A","2014",22650.712398,
"CHL","GDP","TOT","USD_CAP","A","2015",22563.582179,
"CHL","GDP","TOT","USD_CAP","A","2016",23384.612377,
"CHL","GDP","TOT","USD_CAP","A","2017",24479.458726,
"CHL","GDP","TOT","USD_CAP","A","2018",25496.431051,
"CHL","GDP","TOT","USD_CAP","A","2019",25509.445481,
"CHL","GDP","TOT","USD_CAP","A","2020",24738.720579,
"CHL","GDP","TOT","USD_CAP","A","2021",28070.413247,
"CHL","GDP","TOT","USD_CAP","A","2022",29866.277169,
"COL","GDP","TOT","USD_CAP","A","1985",3027.615083,"E"
"COL","GDP","TOT","USD_CAP","A","1986",3200.509326,"E"
"COL","GDP","TOT","USD_CAP","A","1987",3392.548012,"E"
"COL","GDP","TOT","USD_CAP","A","1988",3595.731969,"E"
"COL","GDP","TOT","USD_CAP","A","1989",3790.734674,"E"
"COL","GDP","TOT","USD_CAP","A","1990",5126.493455,"E"
"COL","GDP","TOT","USD_CAP","A","1991",5338.114425,"E"
"COL","GDP","TOT","USD_CAP","A","1992",5585.122998,"E"
"COL","GDP","TOT","USD_CAP","A","1993",5930.380472,"E"
"COL","GDP","TOT","USD_CAP","A","1994",6284.421448,"E"
"COL","GDP","TOT","USD_CAP","A","1995",6646.387322,"E"
"COL","GDP","TOT","USD_CAP","A","1996",6767.940573,"E"
"COL","GDP","TOT","USD_CAP","A","1997",7000.196798,"E"
"COL","GDP","TOT","USD_CAP","A","1998",7022.024884,"E"
"COL","GDP","TOT","USD_CAP","A","1999",6658.492888,"E"
"COL","GDP","TOT","USD_CAP","A","2000",6886.405819,"E"
"COL","GDP","TOT","USD_CAP","A","2001",7068.835584,"E"
"COL","GDP","TOT","USD_CAP","A","2002",7265.177903,"E"
"COL","GDP","TOT","USD_CAP","A","2003",7604.164565,"E"
"COL","GDP","TOT","USD_CAP","A","2004",8127.579576,"E"
"COL","GDP","TOT","USD_CAP","A","2005",8676.107355,
"COL","GDP","TOT","USD_CAP","A","2006",9433.241822,
"COL","GDP","TOT","USD_CAP","A","2007",10228.188007,
"COL","GDP","TOT","USD_CAP","A","2008",10651.506633,
"COL","GDP","TOT","USD_CAP","A","2009",10720.914286,
"COL","GDP","TOT","USD_CAP","A","2010",11206.221832,
"COL","GDP","TOT","USD_CAP","A","2011",12108.234854,
"COL","GDP","TOT","USD_CAP","A","2012",12530.807654,
"COL","GDP","TOT","USD_CAP","A","2013",13266.002148,
"COL","GDP","TOT","USD_CAP","A","2014",13777.241959,
"COL","GDP","TOT","USD_CAP","A","2015",13762.750912,
"COL","GDP","TOT","USD_CAP","A","2016",14514.224389,
"COL","GDP","TOT","USD_CAP","A","2017",14930.865719,
"COL","GDP","TOT","USD_CAP","A","2018",15814.696386,
"COL","GDP","TOT","USD_CAP","A","2019",16484.762795,
"COL","GDP","TOT","USD_CAP","A","2020",15614.989482,"P"
"COL","GDP","TOT","USD_CAP","A","2021",17644.507027,"P"
"COL","GDP","TOT","USD_CAP","A","2022",20841.377902,"E"
"EST","GDP","TOT","USD_CAP","A","1993",5745.760245,"E"
"EST","GDP","TOT","USD_CAP","A","1994",5906.11504,"E"
"EST","GDP","TOT","USD_CAP","A","1995",6428.705843,
"EST","GDP","TOT","USD_CAP","A","1996",6845.25294,
"EST","GDP","TOT","USD_CAP","A","1997",7942.676789,
"EST","GDP","TOT","USD_CAP","A","1998",8408.654726,
"EST","GDP","TOT","USD_CAP","A","1999",8479.421302,
"EST","GDP","TOT","USD_CAP","A","2000",9394.096157,
"EST","GDP","TOT","USD_CAP","A","2001",10282.280196,
"EST","GDP","TOT","USD_CAP","A","2002",11628.295949,
"EST","GDP","TOT","USD_CAP","A","2003",13090.446043,
"EST","GDP","TOT","USD_CAP","A","2004",14496.5298,
"EST","GDP","TOT","USD_CAP","A","2005",16584.411085,
"EST","GDP","TOT","USD_CAP","A","2006",19288.35304,
"EST","GDP","TOT","USD_CAP","A","2007",22161.320259,
"EST","GDP","TOT","USD_CAP","A","2008",22780.0071,
"EST","GDP","TOT","USD_CAP","A","2009",20459.913173,
"EST","GDP","TOT","USD_CAP","A","2010",21588.7722,
"EST","GDP","TOT","USD_CAP","A","2011",24515.48857,
"EST","GDP","TOT","USD_CAP","A","2012",25946.944889,
"EST","GDP","TOT","USD_CAP","A","2013",27418.689637,
"EST","GDP","TOT","USD_CAP","A","2014",28917.833656,
"EST","GDP","TOT","USD_CAP","A","2015",29222.748082,
"EST","GDP","TOT","USD_CAP","A","2016",31310.152103,
"EST","GDP","TOT","USD_CAP","A","2017",33867.803542,
"EST","GDP","TOT","USD_CAP","A","2018",36488.637421,
"EST","GDP","TOT","USD_CAP","A","2019",39068.367072,
"EST","GDP","TOT","USD_CAP","A","2020",39460.614767,
"EST","GDP","TOT","USD_CAP","A","2021",43505.074864,
"EST","GDP","TOT","USD_CAP","A","2022",47152.179753,
"ISR","GDP","TOT","USD_CAP","A","1995",20578.54124,
"ISR","GDP","TOT","USD_CAP","A","1996",21623.866642,
"ISR","GDP","TOT","USD_CAP","A","1997",22259.878318,
"ISR","GDP","TOT","USD_CAP","A","1998",22853.515378,
"ISR","GDP","TOT","USD_CAP","A","1999",23321.794883,
"ISR","GDP","TOT","USD_CAP","A","2000",25664.280484,
"ISR","GDP","TOT","USD_CAP","A","2001",25667.285517,
"ISR","GDP","TOT","USD_CAP","A","2002",25961.151784,
"ISR","GDP","TOT","USD_CAP","A","2003",24562.208636,
"ISR","GDP","TOT","USD_CAP","A","2004",25937.524071,
"ISR","GDP","TOT","USD_CAP","A","2005",25514.010958,
"ISR","GDP","TOT","USD_CAP","A","2006",26216.253464,
"ISR","GDP","TOT","USD_CAP","A","2007",28027.729495,
"ISR","GDP","TOT","USD_CAP","A","2008",27836.589762,
"ISR","GDP","TOT","USD_CAP","A","2009",27980.038691,
"ISR","GDP","TOT","USD_CAP","A","2010",29377.085514,
"ISR","GDP","TOT","USD_CAP","A","2011",31244.430296,
"ISR","GDP","TOT","USD_CAP","A","2012",32414.616221,
"ISR","GDP","TOT","USD_CAP","A","2013",34744.038069,
"ISR","GDP","TOT","USD_CAP","A","2014",34729.392705,
"ISR","GDP","TOT","USD_CAP","A","2015",35795.506413,
"ISR","GDP","TOT","USD_CAP","A","2016",38084.528912,
"ISR","GDP","TOT","USD_CAP","A","2017",39352.294675,
"ISR","GDP","TOT","USD_CAP","A","2018",40082.466095,
"ISR","GDP","TOT","USD_CAP","A","2019",40663.6287,
"ISR","GDP","TOT","USD_CAP","A","2020",40073.058669,
"ISR","GDP","TOT","USD_CAP","A","2021",44158.809988,
"ISR","GDP","TOT","USD_CAP","A","2022",49788.625702,"E"
"SVN","GDP","TOT","USD_CAP","A","1995",13636.336758,
"SVN","GDP","TOT","USD_CAP","A","1996",14299.484081,
"SVN","GDP","TOT","USD_CAP","A","1997",15279.904615,
"SVN","GDP","TOT","USD_CAP","A","1998",16050.561984,
"SVN","GDP","TOT","USD_CAP","A","1999",17077.485063,
"SVN","GDP","TOT","USD_CAP","A","2000",18000.439484,
"SVN","GDP","TOT","USD_CAP","A","2001",18952.865227,
"SVN","GDP","TOT","USD_CAP","A","2002",20236.432071,
"SVN","GDP","TOT","USD_CAP","A","2003",21107.674871,
"SVN","GDP","TOT","USD_CAP","A","2004",22758.123247,
"SVN","GDP","TOT","USD_CAP","A","2005",23848.602419,
"SVN","GDP","TOT","USD_CAP","A","2006",25706.215605,
"SVN","GDP","TOT","USD_CAP","A","2007",27563.4752,
"SVN","GDP","TOT","USD_CAP","A","2008",29594.665839,"B"
"SVN","GDP","TOT","USD_CAP","A","2009",27511.166476,
"SVN","GDP","TOT","USD_CAP","A","2010",27822.232624,
"SVN","GDP","TOT","USD_CAP","A","2011",28931.423641,
"SVN","GDP","TOT","USD_CAP","A","2012",29048.325999,
"SVN","GDP","TOT","USD_CAP","A","2013",29979.618841,
"SVN","GDP","TOT","USD_CAP","A","2014",30872.72888,
"SVN","GDP","TOT","USD_CAP","A","2015",31631.838376,
"SVN","GDP","TOT","USD_CAP","A","2016",33942.76789,
"SVN","GDP","TOT","USD_CAP","A","2017",36517.579273,
"SVN","GDP","TOT","USD_CAP","A","2018",39008.297051,
"SVN","GDP","TOT","USD_CAP","A","2019",42118.699287,
"SVN","GDP","TOT","USD_CAP","A","2020",40885.50612,
"SVN","GDP","TOT","USD_CAP","A","2021",44041.052941,
"SVN","GDP","TOT","USD_CAP","A","2022",48361.944853,
"LVA","GDP","TOT","USD_CAP","A","1995",5517.943663,
"LVA","GDP","TOT","USD_CAP","A","1996",5809.057012,
"LVA","GDP","TOT","USD_CAP","A","1997",6487.59344,
"LVA","GDP","TOT","USD_CAP","A","1998",7068.534163,
"LVA","GDP","TOT","USD_CAP","A","1999",7405.779273,
"LVA","GDP","TOT","USD_CAP","A","2000",8040.372021,
"LVA","GDP","TOT","USD_CAP","A","2001",9043.901057,
"LVA","GDP","TOT","USD_CAP","A","2002",10080.307263,
"LVA","GDP","TOT","USD_CAP","A","2003",11060.838869,
"LVA","GDP","TOT","USD_CAP","A","2004",12279.385138,
"LVA","GDP","TOT","USD_CAP","A","2005",13914.154893,
"LVA","GDP","TOT","USD_CAP","A","2006",15854.812739,
"LVA","GDP","TOT","USD_CAP","A","2007",18232.818234,
"LVA","GDP","TOT","USD_CAP","A","2008",19569.52658,
"LVA","GDP","TOT","USD_CAP","A","2009",17022.090064,
"LVA","GDP","TOT","USD_CAP","A","2010",17709.026968,
"LVA","GDP","TOT","USD_CAP","A","2011",19256.795698,
"LVA","GDP","TOT","USD_CAP","A","2012",21297.472172,
"LVA","GDP","TOT","USD_CAP","A","2013",22637.197211,
"LVA","GDP","TOT","USD_CAP","A","2014",23810.217954,
"LVA","GDP","TOT","USD_CAP","A","2015",24975.480143,
"LVA","GDP","TOT","USD_CAP","A","2016",26724.459918,
"LVA","GDP","TOT","USD_CAP","A","2017",28689.617229,
"LVA","GDP","TOT","USD_CAP","A","2018",30891.883835,
"LVA","GDP","TOT","USD_CAP","A","2019",32825.168517,
"LVA","GDP","TOT","USD_CAP","A","2020",32810.267063,
"LVA","GDP","TOT","USD_CAP","A","2021",34796.912268,
"LVA","GDP","TOT","USD_CAP","A","2022",39680.779825,
"LTU","GDP","TOT","USD_CAP","A","1995",5930.846377,
"LTU","GDP","TOT","USD_CAP","A","1996",6385.733912,
"LTU","GDP","TOT","USD_CAP","A","1997",7069.558669,
"LTU","GDP","TOT","USD_CAP","A","1998",7762.979223,
"LTU","GDP","TOT","USD_CAP","A","1999",7820.787732,
"LTU","GDP","TOT","USD_CAP","A","2000",8447.107442,
"LTU","GDP","TOT","USD_CAP","A","2001",9437.521231,
"LTU","GDP","TOT","USD_CAP","A","2002",10480.705313,
"LTU","GDP","TOT","USD_CAP","A","2003",12068.24375,
"LTU","GDP","TOT","USD_CAP","A","2004",13030.520937,
"LTU","GDP","TOT","USD_CAP","A","2005",14510.717941,
"LTU","GDP","TOT","USD_CAP","A","2006",16481.428255,
"LTU","GDP","TOT","USD_CAP","A","2007",19096.729552,
"LTU","GDP","TOT","USD_CAP","A","2008",20721.028188,
"LTU","GDP","TOT","USD_CAP","A","2009",18117.659727,
"LTU","GDP","TOT","USD_CAP","A","2010",20096.631145,
"LTU","GDP","TOT","USD_CAP","A","2011",22884.945082,
"LTU","GDP","TOT","USD_CAP","A","2012",24703.697943,
"LTU","GDP","TOT","USD_CAP","A","2013",26721.601926,
"LTU","GDP","TOT","USD_CAP","A","2014",28184.499091,
"LTU","GDP","TOT","USD_CAP","A","2015",28834.457574,
"LTU","GDP","TOT","USD_CAP","A","2016",30925.151813,
"LTU","GDP","TOT","USD_CAP","A","2017",33761.906595,
"LTU","GDP","TOT","USD_CAP","A","2018",36376.535744,
"LTU","GDP","TOT","USD_CAP","A","2019",39992.555913,
"LTU","GDP","TOT","USD_CAP","A","2020",40211.863803,
"LTU","GDP","TOT","USD_CAP","A","2021",43931.670922,
"LTU","GDP","TOT","USD_CAP","A","2022",48860.743439,
"CRI","GDP","TOT","USD_CAP","A","1991",5499.863082,
"CRI","GDP","TOT","USD_CAP","A","1992",6008.48589,
"CRI","GDP","TOT","USD_CAP","A","1993",6445.100154,
"CRI","GDP","TOT","USD_CAP","A","1994",6683.887118,
"CRI","GDP","TOT","USD_CAP","A","1995",6906.601806,
"CRI","GDP","TOT","USD_CAP","A","1996",6951.482043,
"CRI","GDP","TOT","USD_CAP","A","1997",7268.555279,
"CRI","GDP","TOT","USD_CAP","A","1998",7689.86427,
"CRI","GDP","TOT","USD_CAP","A","1999",7934.314138,
"CRI","GDP","TOT","USD_CAP","A","2000",8247.745652,
"CRI","GDP","TOT","USD_CAP","A","2001",8544.268172,
"CRI","GDP","TOT","USD_CAP","A","2002",8816.949795,
"CRI","GDP","TOT","USD_CAP","A","2003",9244.799762,
"CRI","GDP","TOT","USD_CAP","A","2004",9755.749861,
"CRI","GDP","TOT","USD_CAP","A","2005",10296.531679,
"CRI","GDP","TOT","USD_CAP","A","2006",11214.354808,
"CRI","GDP","TOT","USD_CAP","A","2007",12292.272774,
"CRI","GDP","TOT","USD_CAP","A","2008",12936.433198,
"CRI","GDP","TOT","USD_CAP","A","2009",12711.165118,
"CRI","GDP","TOT","USD_CAP","A","2010",13325.311122,
"CRI","GDP","TOT","USD_CAP","A","2011",14068.154868,
"CRI","GDP","TOT","USD_CAP","A","2012",14852.929898,
"CRI","GDP","TOT","USD_CAP","A","2013",15542.368395,
"CRI","GDP","TOT","USD_CAP","A","2014",16615.974075,
"CRI","GDP","TOT","USD_CAP","A","2015",17649.314854,
"CRI","GDP","TOT","USD_CAP","A","2016",19119.336147,
"CRI","GDP","TOT","USD_CAP","A","2017",20368.230268,
"CRI","GDP","TOT","USD_CAP","A","2018",21312.71338,
"CRI","GDP","TOT","USD_CAP","A","2019",22739.241909,
"CRI","GDP","TOT","USD_CAP","A","2020",21755.528069,
"CRI","GDP","TOT","USD_CAP","A","2021",22612.375289,"E"
"CRI","GDP","TOT","USD_CAP","A","2022",24776.739003,"E"
