﻿"LOCATION","INDICATOR","SUBJECT","MEASURE","FREQUENCY","TIME","Value","Flag Codes"
"AUS","EDUPUBEXP","TRY","PC_GDP","A","2000",0.7445396,
"AUS","EDUPUBEXP","TRY","PC_GDP","A","2005",0.6893852,
"AUS","EDUPUBEXP","TRY","PC_GDP","A","2008",0.6893996,
"AUS","EDUPUBEXP","TRY","PC_GDP","A","2009",0.7347594,
"AUS","EDUPUBEXP","TRY","PC_GDP","A","2010",0.7784705,
"AUS","EDUPUBEXP","TRY","PC_GDP","A","2011",0.7434117,
"AUS","EDUPUBEXP","TRY","PC_GDP","A","2012",0.7191992,
"AUS","EDUPUBEXP","TRY","PC_GDP","A","2013",0.718812,
"AUS","EDUPUBEXP","TRY","PC_GDP","A","2014",0.7172999,
"AUS","EDUPUBEXP","TRY","PC_GDP","A","2015",0.7692901,
"AUS","EDUPUBEXP","TRY","PC_GDP","A","2016",0.7565911,
"AUS","EDUPUBEXP","TRY","PC_GDP","A","2017",0.7292825,
"AUS","EDUPUBEXP","TRY","PC_GDP","A","2018",0.6566339,
"AUS","EDUPUBEXP","TRY","PC_GDP","A","2019",0.6475591,
"AUS","EDUPUBEXP","TRY","PC_GDP","A","2020",0.6804412,
"AUT","EDUPUBEXP","TRY","PC_GDP","A","2012",1.661568,
"AUT","EDUPUBEXP","TRY","PC_GDP","A","2013",1.644516,
"AUT","EDUPUBEXP","TRY","PC_GDP","A","2014",1.614541,
"AUT","EDUPUBEXP","TRY","PC_GDP","A","2015",1.634081,
"AUT","EDUPUBEXP","TRY","PC_GDP","A","2016",1.631474,
"AUT","EDUPUBEXP","TRY","PC_GDP","A","2017",1.560725,
"AUT","EDUPUBEXP","TRY","PC_GDP","A","2018",1.552325,
"AUT","EDUPUBEXP","TRY","PC_GDP","A","2019",1.557053,
"AUT","EDUPUBEXP","TRY","PC_GDP","A","2020",1.637095,
"BEL","EDUPUBEXP","TRY","PC_GDP","A","2005",1.0897,
"BEL","EDUPUBEXP","TRY","PC_GDP","A","2008",1.128475,
"BEL","EDUPUBEXP","TRY","PC_GDP","A","2009",1.226435,
"BEL","EDUPUBEXP","TRY","PC_GDP","A","2010",1.208465,
"BEL","EDUPUBEXP","TRY","PC_GDP","A","2011",1.214926,
"BEL","EDUPUBEXP","TRY","PC_GDP","A","2012",1.23873,
"BEL","EDUPUBEXP","TRY","PC_GDP","A","2013",1.276725,
"BEL","EDUPUBEXP","TRY","PC_GDP","A","2014",1.267146,
"BEL","EDUPUBEXP","TRY","PC_GDP","A","2015",1.221587,
"BEL","EDUPUBEXP","TRY","PC_GDP","A","2016",1.231372,
"BEL","EDUPUBEXP","TRY","PC_GDP","A","2017",1.252936,
"BEL","EDUPUBEXP","TRY","PC_GDP","A","2018",1.269149,
"BEL","EDUPUBEXP","TRY","PC_GDP","A","2019",1.277785,
"BEL","EDUPUBEXP","TRY","PC_GDP","A","2020",1.373827,
"CAN","EDUPUBEXP","TRY","PC_GDP","A","2000",1.485331,
"CAN","EDUPUBEXP","TRY","PC_GDP","A","2005",1.338613,
"CAN","EDUPUBEXP","TRY","PC_GDP","A","2008",1.524971,
"CAN","EDUPUBEXP","TRY","PC_GDP","A","2009",1.480583,
"CAN","EDUPUBEXP","TRY","PC_GDP","A","2010",1.578337,
"CAN","EDUPUBEXP","TRY","PC_GDP","A","2011",1.426457,
"CAN","EDUPUBEXP","TRY","PC_GDP","A","2012",1.326726,
"CAN","EDUPUBEXP","TRY","PC_GDP","A","2013",1.281192,
"CAN","EDUPUBEXP","TRY","PC_GDP","A","2014",1.238263,
"CAN","EDUPUBEXP","TRY","PC_GDP","A","2015",1.19926,
"CAN","EDUPUBEXP","TRY","PC_GDP","A","2016",1.249911,
"CAN","EDUPUBEXP","TRY","PC_GDP","A","2017",1.248397,
"CAN","EDUPUBEXP","TRY","PC_GDP","A","2018",1.217149,
"CAN","EDUPUBEXP","TRY","PC_GDP","A","2019",1.169387,
"CAN","EDUPUBEXP","TRY","PC_GDP","A","2020",1.210443,
"CZE","EDUPUBEXP","TRY","PC_GDP","A","1995",0.5865229,
"CZE","EDUPUBEXP","TRY","PC_GDP","A","2000",0.6315706,
"CZE","EDUPUBEXP","TRY","PC_GDP","A","2005",0.7647003,
"CZE","EDUPUBEXP","TRY","PC_GDP","A","2008",0.8404694,
"CZE","EDUPUBEXP","TRY","PC_GDP","A","2009",0.9356198,
"CZE","EDUPUBEXP","TRY","PC_GDP","A","2010",0.8853807,
"CZE","EDUPUBEXP","TRY","PC_GDP","A","2011",1.077835,
"CZE","EDUPUBEXP","TRY","PC_GDP","A","2012",0.9713772,
"CZE","EDUPUBEXP","TRY","PC_GDP","A","2013",0.8519494,
"CZE","EDUPUBEXP","TRY","PC_GDP","A","2014",0.7778439,
"CZE","EDUPUBEXP","TRY","PC_GDP","A","2015",0.7511527,
"CZE","EDUPUBEXP","TRY","PC_GDP","A","2016",0.6845585,
"CZE","EDUPUBEXP","TRY","PC_GDP","A","2017",0.681298,
"CZE","EDUPUBEXP","TRY","PC_GDP","A","2018",0.9094122,
"CZE","EDUPUBEXP","TRY","PC_GDP","A","2019",0.916513,
"CZE","EDUPUBEXP","TRY","PC_GDP","A","2020",0.84711123,
"DNK","EDUPUBEXP","TRY","PC_GDP","A","1995",1.593177,
"DNK","EDUPUBEXP","TRY","PC_GDP","A","2000",1.482842,
"DNK","EDUPUBEXP","TRY","PC_GDP","A","2005",1.603695,
"DNK","EDUPUBEXP","TRY","PC_GDP","A","2008",1.515695,
"DNK","EDUPUBEXP","TRY","PC_GDP","A","2009",1.701416,
"DNK","EDUPUBEXP","TRY","PC_GDP","A","2010",1.68758,
"DNK","EDUPUBEXP","TRY","PC_GDP","A","2011",1.695767,
"DNK","EDUPUBEXP","TRY","PC_GDP","A","2012",1.468818,
"DNK","EDUPUBEXP","TRY","PC_GDP","A","2013",1.540204,
"DNK","EDUPUBEXP","TRY","PC_GDP","A","2014",1.56226,
"DNK","EDUPUBEXP","TRY","PC_GDP","A","2016",1.786348,
"DNK","EDUPUBEXP","TRY","PC_GDP","A","2017",1.587298,
"DNK","EDUPUBEXP","TRY","PC_GDP","A","2018",1.595249,
"DNK","EDUPUBEXP","TRY","PC_GDP","A","2019",1.644351,
"DNK","EDUPUBEXP","TRY","PC_GDP","A","2020",1.59243,
"FIN","EDUPUBEXP","TRY","PC_GDP","A","1995",1.836061,
"FIN","EDUPUBEXP","TRY","PC_GDP","A","2000",1.600166,
"FIN","EDUPUBEXP","TRY","PC_GDP","A","2005",1.588786,
"FIN","EDUPUBEXP","TRY","PC_GDP","A","2008",1.537551,
"FIN","EDUPUBEXP","TRY","PC_GDP","A","2009",1.727368,
"FIN","EDUPUBEXP","TRY","PC_GDP","A","2010",1.757051,
"FIN","EDUPUBEXP","TRY","PC_GDP","A","2011",1.775771,
"FIN","EDUPUBEXP","TRY","PC_GDP","A","2012",1.695554,
"FIN","EDUPUBEXP","TRY","PC_GDP","A","2013",1.659276,
"FIN","EDUPUBEXP","TRY","PC_GDP","A","2014",1.629648,
"FIN","EDUPUBEXP","TRY","PC_GDP","A","2015",1.592316,
"FIN","EDUPUBEXP","TRY","PC_GDP","A","2016",1.537382,
"FIN","EDUPUBEXP","TRY","PC_GDP","A","2017",1.435572,
"FIN","EDUPUBEXP","TRY","PC_GDP","A","2018",1.397002,
"FIN","EDUPUBEXP","TRY","PC_GDP","A","2019",1.371959,
"FIN","EDUPUBEXP","TRY","PC_GDP","A","2020",1.446365,
"FRA","EDUPUBEXP","TRY","PC_GDP","A","2005",1.072538,
"FRA","EDUPUBEXP","TRY","PC_GDP","A","2008",1.121222,
"FRA","EDUPUBEXP","TRY","PC_GDP","A","2009",1.210475,
"FRA","EDUPUBEXP","TRY","PC_GDP","A","2010",1.188449,
"FRA","EDUPUBEXP","TRY","PC_GDP","A","2011",1.156935,
"FRA","EDUPUBEXP","TRY","PC_GDP","A","2012",1.131791,
"FRA","EDUPUBEXP","TRY","PC_GDP","A","2013",1.138958,
"FRA","EDUPUBEXP","TRY","PC_GDP","A","2014",1.140018,
"FRA","EDUPUBEXP","TRY","PC_GDP","A","2015",1.138366,
"FRA","EDUPUBEXP","TRY","PC_GDP","A","2016",1.114654,
"FRA","EDUPUBEXP","TRY","PC_GDP","A","2017",1.119547,
"FRA","EDUPUBEXP","TRY","PC_GDP","A","2018",1.123677,
"FRA","EDUPUBEXP","TRY","PC_GDP","A","2019",1.11282,
"FRA","EDUPUBEXP","TRY","PC_GDP","A","2020",1.167235,
"DEU","EDUPUBEXP","TRY","PC_GDP","A","2005",0.8814559,
"DEU","EDUPUBEXP","TRY","PC_GDP","A","2008",0.9259072,
"DEU","EDUPUBEXP","TRY","PC_GDP","A","2010",1.021222,
"DEU","EDUPUBEXP","TRY","PC_GDP","A","2011",1.031522,
"DEU","EDUPUBEXP","TRY","PC_GDP","A","2012",1.030683,
"DEU","EDUPUBEXP","TRY","PC_GDP","A","2013",1.025923,
"DEU","EDUPUBEXP","TRY","PC_GDP","A","2014",1.033898,
"DEU","EDUPUBEXP","TRY","PC_GDP","A","2015",1.018219,
"DEU","EDUPUBEXP","TRY","PC_GDP","A","2016",1.014411,
"DEU","EDUPUBEXP","TRY","PC_GDP","A","2017",1.00804,
"DEU","EDUPUBEXP","TRY","PC_GDP","A","2018",1.032454,
"DEU","EDUPUBEXP","TRY","PC_GDP","A","2019",1.03855,
"DEU","EDUPUBEXP","TRY","PC_GDP","A","2020",1.109033,
"HUN","EDUPUBEXP","TRY","PC_GDP","A","1995",0.7780028,
"HUN","EDUPUBEXP","TRY","PC_GDP","A","2000",0.8466644,
"HUN","EDUPUBEXP","TRY","PC_GDP","A","2005",0.8474066,
"HUN","EDUPUBEXP","TRY","PC_GDP","A","2008",0.8514781,
"HUN","EDUPUBEXP","TRY","PC_GDP","A","2009",0.9338733,
"HUN","EDUPUBEXP","TRY","PC_GDP","A","2010",0.8138608,
"HUN","EDUPUBEXP","TRY","PC_GDP","A","2011",0.9354359,
"HUN","EDUPUBEXP","TRY","PC_GDP","A","2012",0.6698138,
"HUN","EDUPUBEXP","TRY","PC_GDP","A","2013",0.7780202,
"HUN","EDUPUBEXP","TRY","PC_GDP","A","2014",0.6507813,
"HUN","EDUPUBEXP","TRY","PC_GDP","A","2015",0.5456628,
"HUN","EDUPUBEXP","TRY","PC_GDP","A","2016",0.6604713,
"HUN","EDUPUBEXP","TRY","PC_GDP","A","2017",0.7035618,
"HUN","EDUPUBEXP","TRY","PC_GDP","A","2018",0.722808,
"HUN","EDUPUBEXP","TRY","PC_GDP","A","2019",0.6208345,
"HUN","EDUPUBEXP","TRY","PC_GDP","A","2020",0.62446988,
"ISL","EDUPUBEXP","TRY","PC_GDP","A","2000",0.9345641,
"ISL","EDUPUBEXP","TRY","PC_GDP","A","2005",1.07951,
"ISL","EDUPUBEXP","TRY","PC_GDP","A","2008",1.074905,
"ISL","EDUPUBEXP","TRY","PC_GDP","A","2009",1.100927,
"ISL","EDUPUBEXP","TRY","PC_GDP","A","2010",1.028285,
"ISL","EDUPUBEXP","TRY","PC_GDP","A","2011",0.9733869,
"ISL","EDUPUBEXP","TRY","PC_GDP","A","2012",1.106254,
"ISL","EDUPUBEXP","TRY","PC_GDP","A","2013",1.080411,
"ISL","EDUPUBEXP","TRY","PC_GDP","A","2014",1.101267,
"ISL","EDUPUBEXP","TRY","PC_GDP","A","2015",1.1058,
"ISL","EDUPUBEXP","TRY","PC_GDP","A","2016",1.110522,
"ISL","EDUPUBEXP","TRY","PC_GDP","A","2017",1.138857,
"ISL","EDUPUBEXP","TRY","PC_GDP","A","2018",1.039984,
"ISL","EDUPUBEXP","TRY","PC_GDP","A","2019",1.115631,
"ISL","EDUPUBEXP","TRY","PC_GDP","A","2020",1.242178,
"IRL","EDUPUBEXP","TRY","PC_GDP","A","1995",0.8597054,
"IRL","EDUPUBEXP","TRY","PC_GDP","A","2000",1.095972,
"IRL","EDUPUBEXP","TRY","PC_GDP","A","2005",0.8966463,
"IRL","EDUPUBEXP","TRY","PC_GDP","A","2008",1.107949,
"IRL","EDUPUBEXP","TRY","PC_GDP","A","2009",1.268221,
"IRL","EDUPUBEXP","TRY","PC_GDP","A","2010",1.168002,
"IRL","EDUPUBEXP","TRY","PC_GDP","A","2011",1.098242,
"IRL","EDUPUBEXP","TRY","PC_GDP","A","2012",1.144887,
"IRL","EDUPUBEXP","TRY","PC_GDP","A","2013",0.9309936,
"IRL","EDUPUBEXP","TRY","PC_GDP","A","2014",0.8200776,
"IRL","EDUPUBEXP","TRY","PC_GDP","A","2015",0.6778802,
"IRL","EDUPUBEXP","TRY","PC_GDP","A","2016",0.6665523,
"IRL","EDUPUBEXP","TRY","PC_GDP","A","2017",0.6140575,
"IRL","EDUPUBEXP","TRY","PC_GDP","A","2018",0.5958452,
"IRL","EDUPUBEXP","TRY","PC_GDP","A","2019",0.5698551,
"IRL","EDUPUBEXP","TRY","PC_GDP","A","2020",0.56698519,
"ITA","EDUPUBEXP","TRY","PC_GDP","A","1995",0.5913726,
"ITA","EDUPUBEXP","TRY","PC_GDP","A","2000",0.6335858,
"ITA","EDUPUBEXP","TRY","PC_GDP","A","2005",0.6075383,
"ITA","EDUPUBEXP","TRY","PC_GDP","A","2008",0.641295,
"ITA","EDUPUBEXP","TRY","PC_GDP","A","2009",0.6445708,
"ITA","EDUPUBEXP","TRY","PC_GDP","A","2010",0.6306764,
"ITA","EDUPUBEXP","TRY","PC_GDP","A","2011",0.6193513,
"ITA","EDUPUBEXP","TRY","PC_GDP","A","2012",0.6018897,
"ITA","EDUPUBEXP","TRY","PC_GDP","A","2013",0.6276676,
"ITA","EDUPUBEXP","TRY","PC_GDP","A","2014",0.6072653,
"ITA","EDUPUBEXP","TRY","PC_GDP","A","2015",0.5687661,
"ITA","EDUPUBEXP","TRY","PC_GDP","A","2016",0.5426367,
"ITA","EDUPUBEXP","TRY","PC_GDP","A","2017",0.5551374,
"ITA","EDUPUBEXP","TRY","PC_GDP","A","2018",0.5584719,
"ITA","EDUPUBEXP","TRY","PC_GDP","A","2019",0.55187,
"ITA","EDUPUBEXP","TRY","PC_GDP","A","2020",0.62279528,
"JPN","EDUPUBEXP","TRY","PC_GDP","A","2005",0.4538096,
"JPN","EDUPUBEXP","TRY","PC_GDP","A","2010",0.504977,
"JPN","EDUPUBEXP","TRY","PC_GDP","A","2011",0.4567796,
"JPN","EDUPUBEXP","TRY","PC_GDP","A","2012",0.4773678,
"JPN","EDUPUBEXP","TRY","PC_GDP","A","2013",0.5189706,
"JPN","EDUPUBEXP","TRY","PC_GDP","A","2014",0.4958162,
"JPN","EDUPUBEXP","TRY","PC_GDP","A","2015",0.4539682,
"JPN","EDUPUBEXP","TRY","PC_GDP","A","2016",0.4175691,
"JPN","EDUPUBEXP","TRY","PC_GDP","A","2017",0.4258072,
"JPN","EDUPUBEXP","TRY","PC_GDP","A","2018",0.4376323,
"JPN","EDUPUBEXP","TRY","PC_GDP","A","2019",0.4504376,
"JPN","EDUPUBEXP","TRY","PC_GDP","A","2020",0.48993641,
"KOR","EDUPUBEXP","TRY","PC_GDP","A","2015",0.6187198,
"KOR","EDUPUBEXP","TRY","PC_GDP","A","2016",0.6165027,
"KOR","EDUPUBEXP","TRY","PC_GDP","A","2017",0.5939833,
"KOR","EDUPUBEXP","TRY","PC_GDP","A","2018",0.6220148,
"KOR","EDUPUBEXP","TRY","PC_GDP","A","2019",0.580065,
"KOR","EDUPUBEXP","TRY","PC_GDP","A","2020",0.6731475,
"MEX","EDUPUBEXP","TRY","PC_GDP","A","1995",0.6515815,
"MEX","EDUPUBEXP","TRY","PC_GDP","A","2000",0.6835283,
"MEX","EDUPUBEXP","TRY","PC_GDP","A","2005",0.7917242,
"MEX","EDUPUBEXP","TRY","PC_GDP","A","2008",0.8434395,
"MEX","EDUPUBEXP","TRY","PC_GDP","A","2009",0.9574725,
"MEX","EDUPUBEXP","TRY","PC_GDP","A","2010",0.9435381,
"MEX","EDUPUBEXP","TRY","PC_GDP","A","2011",0.8418399,
"MEX","EDUPUBEXP","TRY","PC_GDP","A","2012",0.9093491,
"MEX","EDUPUBEXP","TRY","PC_GDP","A","2013",0.9502726,
"MEX","EDUPUBEXP","TRY","PC_GDP","A","2014",1.006192,
"MEX","EDUPUBEXP","TRY","PC_GDP","A","2015",1.000667,
"MEX","EDUPUBEXP","TRY","PC_GDP","A","2016",0.9432187,
"MEX","EDUPUBEXP","TRY","PC_GDP","A","2017",0.8313277,
"MEX","EDUPUBEXP","TRY","PC_GDP","A","2018",0.8207449,
"MEX","EDUPUBEXP","TRY","PC_GDP","A","2019",0.7744623,
"MEX","EDUPUBEXP","TRY","PC_GDP","A","2020",0.83505893,
"NLD","EDUPUBEXP","TRY","PC_GDP","A","1995",1.160544,
"NLD","EDUPUBEXP","TRY","PC_GDP","A","2000",0.9689017,
"NLD","EDUPUBEXP","TRY","PC_GDP","A","2005",1.033781,
"NLD","EDUPUBEXP","TRY","PC_GDP","A","2008",0.9983744,
"NLD","EDUPUBEXP","TRY","PC_GDP","A","2009",1.089515,
"NLD","EDUPUBEXP","TRY","PC_GDP","A","2010",1.120781,
"NLD","EDUPUBEXP","TRY","PC_GDP","A","2011",1.125165,
"NLD","EDUPUBEXP","TRY","PC_GDP","A","2012",1.143302,
"NLD","EDUPUBEXP","TRY","PC_GDP","A","2013",1.153453,
"NLD","EDUPUBEXP","TRY","PC_GDP","A","2014",1.15734,
"NLD","EDUPUBEXP","TRY","PC_GDP","A","2015",1.154288,
"NLD","EDUPUBEXP","TRY","PC_GDP","A","2016",1.143769,
"NLD","EDUPUBEXP","TRY","PC_GDP","A","2017",1.128303,
"NLD","EDUPUBEXP","TRY","PC_GDP","A","2018",1.135061,
"NLD","EDUPUBEXP","TRY","PC_GDP","A","2019",1.141498,
"NLD","EDUPUBEXP","TRY","PC_GDP","A","2020",1.2073669,
"NZL","EDUPUBEXP","TRY","PC_GDP","A","2000",0.8027696,
"NZL","EDUPUBEXP","TRY","PC_GDP","A","2005",0.9632177,
"NZL","EDUPUBEXP","TRY","PC_GDP","A","2008",1.089103,
"NZL","EDUPUBEXP","TRY","PC_GDP","A","2009",1.118528,
"NZL","EDUPUBEXP","TRY","PC_GDP","A","2010",1.102441,
"NZL","EDUPUBEXP","TRY","PC_GDP","A","2011",1.041047,
"NZL","EDUPUBEXP","TRY","PC_GDP","A","2012",0.9889881,
"NZL","EDUPUBEXP","TRY","PC_GDP","A","2013",0.9803035,
"NZL","EDUPUBEXP","TRY","PC_GDP","A","2014",0.9693214,
"NZL","EDUPUBEXP","TRY","PC_GDP","A","2015",0.9695008,
"NZL","EDUPUBEXP","TRY","PC_GDP","A","2016",0.9294819,
"NZL","EDUPUBEXP","TRY","PC_GDP","A","2017",0.9060751,
"NZL","EDUPUBEXP","TRY","PC_GDP","A","2018",0.9055418,
"NZL","EDUPUBEXP","TRY","PC_GDP","A","2019",0.9056025,
"NZL","EDUPUBEXP","TRY","PC_GDP","A","2020",0.95224458,
"NOR","EDUPUBEXP","TRY","PC_GDP","A","1995",1.805103,
"NOR","EDUPUBEXP","TRY","PC_GDP","A","2000",1.60605,
"NOR","EDUPUBEXP","TRY","PC_GDP","A","2005",1.675652,
"NOR","EDUPUBEXP","TRY","PC_GDP","A","2008",1.506286,
"NOR","EDUPUBEXP","TRY","PC_GDP","A","2009",1.595239,
"NOR","EDUPUBEXP","TRY","PC_GDP","A","2010",1.560369,
"NOR","EDUPUBEXP","TRY","PC_GDP","A","2011",1.545856,
"NOR","EDUPUBEXP","TRY","PC_GDP","A","2012",1.518847,
"NOR","EDUPUBEXP","TRY","PC_GDP","A","2013",1.542566,
"NOR","EDUPUBEXP","TRY","PC_GDP","A","2014",1.610815,
"NOR","EDUPUBEXP","TRY","PC_GDP","A","2015",1.673187,
"NOR","EDUPUBEXP","TRY","PC_GDP","A","2016",1.791,
"NOR","EDUPUBEXP","TRY","PC_GDP","A","2017",1.789086,
"NOR","EDUPUBEXP","TRY","PC_GDP","A","2018",1.810491,
"NOR","EDUPUBEXP","TRY","PC_GDP","A","2019",1.797895,
"NOR","EDUPUBEXP","TRY","PC_GDP","A","2020",1.8174779,
"POL","EDUPUBEXP","TRY","PC_GDP","A","1995",0.7952014,
"POL","EDUPUBEXP","TRY","PC_GDP","A","2000",0.7002658,
"POL","EDUPUBEXP","TRY","PC_GDP","A","2005",1.162004,
"POL","EDUPUBEXP","TRY","PC_GDP","A","2008",1.019805,
"POL","EDUPUBEXP","TRY","PC_GDP","A","2009",1.034234,
"POL","EDUPUBEXP","TRY","PC_GDP","A","2010",1.021205,
"POL","EDUPUBEXP","TRY","PC_GDP","A","2011",0.9680864,
"POL","EDUPUBEXP","TRY","PC_GDP","A","2012",0.9910204,
"POL","EDUPUBEXP","TRY","PC_GDP","A","2013",1.081434,
"POL","EDUPUBEXP","TRY","PC_GDP","A","2014",1.057037,
"POL","EDUPUBEXP","TRY","PC_GDP","A","2015",1.086879,
"POL","EDUPUBEXP","TRY","PC_GDP","A","2016",0.9371338,
"POL","EDUPUBEXP","TRY","PC_GDP","A","2017",0.956782,
"POL","EDUPUBEXP","TRY","PC_GDP","A","2018",0.9419163,
"POL","EDUPUBEXP","TRY","PC_GDP","A","2019",1.003153,
"POL","EDUPUBEXP","TRY","PC_GDP","A","2020",1.04294,
"PRT","EDUPUBEXP","TRY","PC_GDP","A","1995",0.8199822,
"PRT","EDUPUBEXP","TRY","PC_GDP","A","2000",0.8740613,
"PRT","EDUPUBEXP","TRY","PC_GDP","A","2005",0.8378405,
"PRT","EDUPUBEXP","TRY","PC_GDP","A","2008",0.7728194,
"PRT","EDUPUBEXP","TRY","PC_GDP","A","2009",0.8785128,
"PRT","EDUPUBEXP","TRY","PC_GDP","A","2010",0.9102976,
"PRT","EDUPUBEXP","TRY","PC_GDP","A","2011",0.8535207,
"PRT","EDUPUBEXP","TRY","PC_GDP","A","2012",0.670371,
"PRT","EDUPUBEXP","TRY","PC_GDP","A","2013",0.7363031,
"PRT","EDUPUBEXP","TRY","PC_GDP","A","2014",0.7698035,
"PRT","EDUPUBEXP","TRY","PC_GDP","A","2015",0.7491929,
"PRT","EDUPUBEXP","TRY","PC_GDP","A","2016",0.7073579,
"PRT","EDUPUBEXP","TRY","PC_GDP","A","2017",0.6994142,
"PRT","EDUPUBEXP","TRY","PC_GDP","A","2018",0.6794092,
"PRT","EDUPUBEXP","TRY","PC_GDP","A","2019",0.6893417,
"PRT","EDUPUBEXP","TRY","PC_GDP","A","2020",0.76751667,
"SVK","EDUPUBEXP","TRY","PC_GDP","A","1995",0.6873221,
"SVK","EDUPUBEXP","TRY","PC_GDP","A","2000",0.683295,
"SVK","EDUPUBEXP","TRY","PC_GDP","A","2005",0.6783239,
"SVK","EDUPUBEXP","TRY","PC_GDP","A","2008",0.6088505,
"SVK","EDUPUBEXP","TRY","PC_GDP","A","2009",0.6176396,
"SVK","EDUPUBEXP","TRY","PC_GDP","A","2010",0.6124073,
"SVK","EDUPUBEXP","TRY","PC_GDP","A","2011",0.7233254,
"SVK","EDUPUBEXP","TRY","PC_GDP","A","2012",0.7363314,
"SVK","EDUPUBEXP","TRY","PC_GDP","A","2013",0.7979369,
"SVK","EDUPUBEXP","TRY","PC_GDP","A","2014",0.8081117,
"SVK","EDUPUBEXP","TRY","PC_GDP","A","2015",1.220842,
"SVK","EDUPUBEXP","TRY","PC_GDP","A","2016",0.694578,
"SVK","EDUPUBEXP","TRY","PC_GDP","A","2017",0.6541665,
"SVK","EDUPUBEXP","TRY","PC_GDP","A","2018",0.6295441,
"SVK","EDUPUBEXP","TRY","PC_GDP","A","2019",0.6610028,
"SVK","EDUPUBEXP","TRY","PC_GDP","A","2020",0.77710462,
"ESP","EDUPUBEXP","TRY","PC_GDP","A","1995",0.7292805,
"ESP","EDUPUBEXP","TRY","PC_GDP","A","2000",0.8306078,
"ESP","EDUPUBEXP","TRY","PC_GDP","A","2005",0.851014,
"ESP","EDUPUBEXP","TRY","PC_GDP","A","2008",0.9418286,
"ESP","EDUPUBEXP","TRY","PC_GDP","A","2009",1.018049,
"ESP","EDUPUBEXP","TRY","PC_GDP","A","2010",1.03082,
"ESP","EDUPUBEXP","TRY","PC_GDP","A","2011",1.005349,
"ESP","EDUPUBEXP","TRY","PC_GDP","A","2012",0.9129838,
"ESP","EDUPUBEXP","TRY","PC_GDP","A","2013",0.8834365,
"ESP","EDUPUBEXP","TRY","PC_GDP","A","2014",0.8571127,
"ESP","EDUPUBEXP","TRY","PC_GDP","A","2015",0.8514441,
"ESP","EDUPUBEXP","TRY","PC_GDP","A","2016",0.8167983,
"ESP","EDUPUBEXP","TRY","PC_GDP","A","2017",0.8288375,
"ESP","EDUPUBEXP","TRY","PC_GDP","A","2018",0.8180658,
"ESP","EDUPUBEXP","TRY","PC_GDP","A","2019",0.8345178,
"ESP","EDUPUBEXP","TRY","PC_GDP","A","2020",0.95808011,
"SWE","EDUPUBEXP","TRY","PC_GDP","A","1995",1.348928,
"SWE","EDUPUBEXP","TRY","PC_GDP","A","2000",1.338537,
"SWE","EDUPUBEXP","TRY","PC_GDP","A","2005",1.304841,
"SWE","EDUPUBEXP","TRY","PC_GDP","A","2008",1.278797,
"SWE","EDUPUBEXP","TRY","PC_GDP","A","2009",1.423215,
"SWE","EDUPUBEXP","TRY","PC_GDP","A","2010",1.428514,
"SWE","EDUPUBEXP","TRY","PC_GDP","A","2011",1.39363,
"SWE","EDUPUBEXP","TRY","PC_GDP","A","2012",1.421708,
"SWE","EDUPUBEXP","TRY","PC_GDP","A","2013",1.435052,
"SWE","EDUPUBEXP","TRY","PC_GDP","A","2014",1.42181,
"SWE","EDUPUBEXP","TRY","PC_GDP","A","2015",1.352481,
"SWE","EDUPUBEXP","TRY","PC_GDP","A","2016",1.347826,
"SWE","EDUPUBEXP","TRY","PC_GDP","A","2017",1.316297,
"SWE","EDUPUBEXP","TRY","PC_GDP","A","2018",1.311506,
"SWE","EDUPUBEXP","TRY","PC_GDP","A","2019",1.295609,
"SWE","EDUPUBEXP","TRY","PC_GDP","A","2020",1.344726,
"CHE","EDUPUBEXP","TRY","PC_GDP","A","1995",1.017203,
"CHE","EDUPUBEXP","TRY","PC_GDP","A","2000",1.022975,
"CHE","EDUPUBEXP","TRY","PC_GDP","A","2005",1.24404,
"CHE","EDUPUBEXP","TRY","PC_GDP","A","2008",1.024785,
"CHE","EDUPUBEXP","TRY","PC_GDP","A","2009",1.139327,
"CHE","EDUPUBEXP","TRY","PC_GDP","A","2010",1.134911,
"CHE","EDUPUBEXP","TRY","PC_GDP","A","2011",1.173332,
"CHE","EDUPUBEXP","TRY","PC_GDP","A","2012",1.19878,
"CHE","EDUPUBEXP","TRY","PC_GDP","A","2013",1.203009,
"CHE","EDUPUBEXP","TRY","PC_GDP","A","2014",1.25251,
"CHE","EDUPUBEXP","TRY","PC_GDP","A","2015",1.248708,
"CHE","EDUPUBEXP","TRY","PC_GDP","A","2016",1.235224,
"CHE","EDUPUBEXP","TRY","PC_GDP","A","2017",1.260985,
"CHE","EDUPUBEXP","TRY","PC_GDP","A","2018",1.249274,
"CHE","EDUPUBEXP","TRY","PC_GDP","A","2019",1.264791,
"CHE","EDUPUBEXP","TRY","PC_GDP","A","2020",1.345871,
"GBR","EDUPUBEXP","TRY","PC_GDP","A","2012",0.967491,
"GBR","EDUPUBEXP","TRY","PC_GDP","A","2013",0.5973952,
"GBR","EDUPUBEXP","TRY","PC_GDP","A","2014",0.4841365,
"GBR","EDUPUBEXP","TRY","PC_GDP","A","2015",0.4742436,
"GBR","EDUPUBEXP","TRY","PC_GDP","A","2016",0.5166438,
"GBR","EDUPUBEXP","TRY","PC_GDP","A","2017",0.4935401,
"GBR","EDUPUBEXP","TRY","PC_GDP","A","2018",0.4947052,
"GBR","EDUPUBEXP","TRY","PC_GDP","A","2019",0.4736637,
"GBR","EDUPUBEXP","TRY","PC_GDP","A","2020",0.50865948,
"USA","EDUPUBEXP","TRY","PC_GDP","A","2000",0.9406957,
"USA","EDUPUBEXP","TRY","PC_GDP","A","2005",1.02126,
"USA","EDUPUBEXP","TRY","PC_GDP","A","2008",1.049673,
"USA","EDUPUBEXP","TRY","PC_GDP","A","2009",1.080035,
"USA","EDUPUBEXP","TRY","PC_GDP","A","2010",1.069704,
"USA","EDUPUBEXP","TRY","PC_GDP","A","2011",1.065658,
"USA","EDUPUBEXP","TRY","PC_GDP","A","2012",1.038351,
"USA","EDUPUBEXP","TRY","PC_GDP","A","2013",0.943997,
"USA","EDUPUBEXP","TRY","PC_GDP","A","2014",0.9130796,
"USA","EDUPUBEXP","TRY","PC_GDP","A","2015",0.9016919,
"USA","EDUPUBEXP","TRY","PC_GDP","A","2016",0.8964715,
"USA","EDUPUBEXP","TRY","PC_GDP","A","2017",0.9090099,
"USA","EDUPUBEXP","TRY","PC_GDP","A","2018",0.9025443,
"USA","EDUPUBEXP","TRY","PC_GDP","A","2019",0.8898436,
"USA","EDUPUBEXP","TRY","PC_GDP","A","2020",0.94441891,
"CHL","EDUPUBEXP","TRY","PC_GDP","A","1995",0.362657,
"CHL","EDUPUBEXP","TRY","PC_GDP","A","2000",0.3803825,
"CHL","EDUPUBEXP","TRY","PC_GDP","A","2005",0.2985258,
"CHL","EDUPUBEXP","TRY","PC_GDP","A","2008",0.2688247,
"CHL","EDUPUBEXP","TRY","PC_GDP","A","2009",0.2946474,
"CHL","EDUPUBEXP","TRY","PC_GDP","A","2010",0.5378953,
"CHL","EDUPUBEXP","TRY","PC_GDP","A","2011",0.5277925,
"CHL","EDUPUBEXP","TRY","PC_GDP","A","2012",0.592482,
"CHL","EDUPUBEXP","TRY","PC_GDP","A","2013",0.8237952,
"CHL","EDUPUBEXP","TRY","PC_GDP","A","2014",0.8765089,
"CHL","EDUPUBEXP","TRY","PC_GDP","A","2015",0.723248,
"CHL","EDUPUBEXP","TRY","PC_GDP","A","2016",0.8445624,
"CHL","EDUPUBEXP","TRY","PC_GDP","A","2017",0.9795283,
"CHL","EDUPUBEXP","TRY","PC_GDP","A","2018",0.9926139,
"CHL","EDUPUBEXP","TRY","PC_GDP","A","2019",1.049057,
"CHL","EDUPUBEXP","TRY","PC_GDP","A","2020",1.052869,
"EST","EDUPUBEXP","TRY","PC_GDP","A","1995",0.9409289,
"EST","EDUPUBEXP","TRY","PC_GDP","A","2000",1.016825,
"EST","EDUPUBEXP","TRY","PC_GDP","A","2005",0.7713388,
"EST","EDUPUBEXP","TRY","PC_GDP","A","2008",0.9249424,
"EST","EDUPUBEXP","TRY","PC_GDP","A","2009",1.179474,
"EST","EDUPUBEXP","TRY","PC_GDP","A","2010",1.041413,
"EST","EDUPUBEXP","TRY","PC_GDP","A","2011",1.14037,
"EST","EDUPUBEXP","TRY","PC_GDP","A","2012",0.9309106,
"EST","EDUPUBEXP","TRY","PC_GDP","A","2013",1.242228,
"EST","EDUPUBEXP","TRY","PC_GDP","A","2014",1.352918,
"EST","EDUPUBEXP","TRY","PC_GDP","A","2015",1.241348,
"EST","EDUPUBEXP","TRY","PC_GDP","A","2016",1.240786,
"EST","EDUPUBEXP","TRY","PC_GDP","A","2017",1.074734,
"EST","EDUPUBEXP","TRY","PC_GDP","A","2018",1.124244,
"EST","EDUPUBEXP","TRY","PC_GDP","A","2019",1.039708,
"EST","EDUPUBEXP","TRY","PC_GDP","A","2020",1.09049,
"ISR","EDUPUBEXP","TRY","PC_GDP","A","1995",0.9925224,
"ISR","EDUPUBEXP","TRY","PC_GDP","A","2000",0.9634774,
"ISR","EDUPUBEXP","TRY","PC_GDP","A","2005",0.8158237,
"ISR","EDUPUBEXP","TRY","PC_GDP","A","2008",0.7666206,
"ISR","EDUPUBEXP","TRY","PC_GDP","A","2009",0.8508397,
"ISR","EDUPUBEXP","TRY","PC_GDP","A","2010",0.8213297,
"ISR","EDUPUBEXP","TRY","PC_GDP","A","2011",0.7833521,
"ISR","EDUPUBEXP","TRY","PC_GDP","A","2012",0.8509487,
"ISR","EDUPUBEXP","TRY","PC_GDP","A","2013",0.8564325,
"ISR","EDUPUBEXP","TRY","PC_GDP","A","2014",0.8199885,
"ISR","EDUPUBEXP","TRY","PC_GDP","A","2015",0.8431973,
"ISR","EDUPUBEXP","TRY","PC_GDP","A","2016",0.781855,
"ISR","EDUPUBEXP","TRY","PC_GDP","A","2017",0.79285,
"ISR","EDUPUBEXP","TRY","PC_GDP","A","2018",0.7418673,
"ISR","EDUPUBEXP","TRY","PC_GDP","A","2019",0.7495379,
"ISR","EDUPUBEXP","TRY","PC_GDP","A","2020",0.7976042,
"RUS","EDUPUBEXP","TRY","PC_GDP","A","2008",0.8826576,
"RUS","EDUPUBEXP","TRY","PC_GDP","A","2009",1.090647,
"RUS","EDUPUBEXP","TRY","PC_GDP","A","2010",0.9717912,
"RUS","EDUPUBEXP","TRY","PC_GDP","A","2011",0.8496242,
"RUS","EDUPUBEXP","TRY","PC_GDP","A","2012",0.8023063,
"RUS","EDUPUBEXP","TRY","PC_GDP","A","2013",0.8241238,
"RUS","EDUPUBEXP","TRY","PC_GDP","A","2014",0.8115946,
"RUS","EDUPUBEXP","TRY","PC_GDP","A","2015",0.7349676,
"RUS","EDUPUBEXP","TRY","PC_GDP","A","2016",0.7366712,
"RUS","EDUPUBEXP","TRY","PC_GDP","A","2017",0.5478567,
"RUS","EDUPUBEXP","TRY","PC_GDP","A","2018",0.6522307,
"SVN","EDUPUBEXP","TRY","PC_GDP","A","2005",0.9416743,
"SVN","EDUPUBEXP","TRY","PC_GDP","A","2008",0.9139977,
"SVN","EDUPUBEXP","TRY","PC_GDP","A","2009",1.049926,
"SVN","EDUPUBEXP","TRY","PC_GDP","A","2010",1.021342,
"SVN","EDUPUBEXP","TRY","PC_GDP","A","2011",1.026969,
"SVN","EDUPUBEXP","TRY","PC_GDP","A","2012",1.007185,
"SVN","EDUPUBEXP","TRY","PC_GDP","A","2013",0.9629069,
"SVN","EDUPUBEXP","TRY","PC_GDP","A","2014",0.9118269,
"SVN","EDUPUBEXP","TRY","PC_GDP","A","2015",0.8626547,
"SVN","EDUPUBEXP","TRY","PC_GDP","A","2016",0.8431632,
"SVN","EDUPUBEXP","TRY","PC_GDP","A","2017",0.8536557,
"SVN","EDUPUBEXP","TRY","PC_GDP","A","2018",0.8701851,
"SVN","EDUPUBEXP","TRY","PC_GDP","A","2019",0.8822489,
"SVN","EDUPUBEXP","TRY","PC_GDP","A","2020",1.008417,
"GRC","EDUPUBEXP","TRY","PC_GDP","A","1995",0.5477193,
"GRC","EDUPUBEXP","TRY","PC_GDP","A","2000",0.7404221,
"GRC","EDUPUBEXP","TRY","PC_GDP","A","2005",1.410617,
"GRC","EDUPUBEXP","TRY","PC_GDP","A","2012",0.7546847,
"GRC","EDUPUBEXP","TRY","PC_GDP","A","2013",0.6514475,
"GRC","EDUPUBEXP","TRY","PC_GDP","A","2014",0.649518,
"GRC","EDUPUBEXP","TRY","PC_GDP","A","2015",0.7247896,
"GRC","EDUPUBEXP","TRY","PC_GDP","A","2016",0.629473,
"GRC","EDUPUBEXP","TRY","PC_GDP","A","2017",0.6232421,
"GRC","EDUPUBEXP","TRY","PC_GDP","A","2018",0.6626816,
"GRC","EDUPUBEXP","TRY","PC_GDP","A","2019",0.69557703,
"LUX","EDUPUBEXP","TRY","PC_GDP","A","2012",0.3673639,
"LUX","EDUPUBEXP","TRY","PC_GDP","A","2013",0.4783451,
"LUX","EDUPUBEXP","TRY","PC_GDP","A","2014",0.4520788,
"LUX","EDUPUBEXP","TRY","PC_GDP","A","2015",0.4682416,
"LUX","EDUPUBEXP","TRY","PC_GDP","A","2016",0.4260815,
"LUX","EDUPUBEXP","TRY","PC_GDP","A","2017",0.4230964,
"LUX","EDUPUBEXP","TRY","PC_GDP","A","2018",0.3848199,
"LUX","EDUPUBEXP","TRY","PC_GDP","A","2019",0.420429,
"LUX","EDUPUBEXP","TRY","PC_GDP","A","2020",0.4271813,
"TUR","EDUPUBEXP","TRY","PC_GDP","A","2005",0.733379,
"TUR","EDUPUBEXP","TRY","PC_GDP","A","2008",0.7348743,
"TUR","EDUPUBEXP","TRY","PC_GDP","A","2009",0.893208,
"TUR","EDUPUBEXP","TRY","PC_GDP","A","2010",0.8897248,
"TUR","EDUPUBEXP","TRY","PC_GDP","A","2011",1.362573,
"TUR","EDUPUBEXP","TRY","PC_GDP","A","2012",1.387778,
"TUR","EDUPUBEXP","TRY","PC_GDP","A","2013",1.342571,
"TUR","EDUPUBEXP","TRY","PC_GDP","A","2014",1.372749,
"TUR","EDUPUBEXP","TRY","PC_GDP","A","2015",1.311421,
"TUR","EDUPUBEXP","TRY","PC_GDP","A","2016",1.396739,
"TUR","EDUPUBEXP","TRY","PC_GDP","A","2017",1.333068,
"TUR","EDUPUBEXP","TRY","PC_GDP","A","2018",1.223392,
"TUR","EDUPUBEXP","TRY","PC_GDP","A","2019",1.111254,
"TUR","EDUPUBEXP","TRY","PC_GDP","A","2020",1.057151,
"COL","EDUPUBEXP","TRY","PC_GDP","A","2000",0.7459652,
"COL","EDUPUBEXP","TRY","PC_GDP","A","2005",0.5554604,
"COL","EDUPUBEXP","TRY","PC_GDP","A","2008",0.8683394,
"COL","EDUPUBEXP","TRY","PC_GDP","A","2009",0.8235551,
"COL","EDUPUBEXP","TRY","PC_GDP","A","2010",0.8929423,
"COL","EDUPUBEXP","TRY","PC_GDP","A","2011",0.8070768,
"COL","EDUPUBEXP","TRY","PC_GDP","A","2012",0.8341647,
"COL","EDUPUBEXP","TRY","PC_GDP","A","2013",0.7666889,
"COL","EDUPUBEXP","TRY","PC_GDP","A","2014",0.8074532,
"COL","EDUPUBEXP","TRY","PC_GDP","A","2015",0.7858326,
"COL","EDUPUBEXP","TRY","PC_GDP","A","2016",0.797176,
"COL","EDUPUBEXP","TRY","PC_GDP","A","2017",0.8028696,
"COL","EDUPUBEXP","TRY","PC_GDP","A","2018",0.7366614,
"COL","EDUPUBEXP","TRY","PC_GDP","A","2019",0.45134,
"COL","EDUPUBEXP","TRY","PC_GDP","A","2020",0.48130649,
"LVA","EDUPUBEXP","TRY","PC_GDP","A","1995",0.6835106,
"LVA","EDUPUBEXP","TRY","PC_GDP","A","2000",0.6856974,
"LVA","EDUPUBEXP","TRY","PC_GDP","A","2005",0.7519341,
"LVA","EDUPUBEXP","TRY","PC_GDP","A","2008",0.8640225,
"LVA","EDUPUBEXP","TRY","PC_GDP","A","2009",0.6727612,
"LVA","EDUPUBEXP","TRY","PC_GDP","A","2010",0.7045764,
"LVA","EDUPUBEXP","TRY","PC_GDP","A","2011",0.892999,
"LVA","EDUPUBEXP","TRY","PC_GDP","A","2012",0.8183094,
"LVA","EDUPUBEXP","TRY","PC_GDP","A","2013",0.850955,
"LVA","EDUPUBEXP","TRY","PC_GDP","A","2014",1.030566,
"LVA","EDUPUBEXP","TRY","PC_GDP","A","2015",1.083146,
"LVA","EDUPUBEXP","TRY","PC_GDP","A","2016",0.6737142,
"LVA","EDUPUBEXP","TRY","PC_GDP","A","2017",0.6271765,
"LVA","EDUPUBEXP","TRY","PC_GDP","A","2018",0.688215,
"LVA","EDUPUBEXP","TRY","PC_GDP","A","2019",0.7716303,
"LVA","EDUPUBEXP","TRY","PC_GDP","A","2020",0.8000977,
"CRI","EDUPUBEXP","TRY","PC_GDP","A","2000",0.9071455,
"CRI","EDUPUBEXP","TRY","PC_GDP","A","2008",1.021452,
"CRI","EDUPUBEXP","TRY","PC_GDP","A","2009",1.14113,
"CRI","EDUPUBEXP","TRY","PC_GDP","A","2010",1.209256,
"CRI","EDUPUBEXP","TRY","PC_GDP","A","2011",1.252909,
"CRI","EDUPUBEXP","TRY","PC_GDP","A","2012",1.295936,
"CRI","EDUPUBEXP","TRY","PC_GDP","A","2013",1.371906,
"CRI","EDUPUBEXP","TRY","PC_GDP","A","2014",1.448181,
"CRI","EDUPUBEXP","TRY","PC_GDP","A","2015",1.52965,
"CRI","EDUPUBEXP","TRY","PC_GDP","A","2016",1.582457,
"CRI","EDUPUBEXP","TRY","PC_GDP","A","2018",1.549436,
"CRI","EDUPUBEXP","TRY","PC_GDP","A","2019",1.484008,
"CRI","EDUPUBEXP","TRY","PC_GDP","A","2020",1.412518,
"LTU","EDUPUBEXP","TRY","PC_GDP","A","2000",0.9062683,
"LTU","EDUPUBEXP","TRY","PC_GDP","A","2005",0.8495646,
"LTU","EDUPUBEXP","TRY","PC_GDP","A","2008",0.8812107,
"LTU","EDUPUBEXP","TRY","PC_GDP","A","2009",0.9489454,
"LTU","EDUPUBEXP","TRY","PC_GDP","A","2010",1.083437,
"LTU","EDUPUBEXP","TRY","PC_GDP","A","2011",1.308388,
"LTU","EDUPUBEXP","TRY","PC_GDP","A","2012",1.26803,
"LTU","EDUPUBEXP","TRY","PC_GDP","A","2013",1.21906,
"LTU","EDUPUBEXP","TRY","PC_GDP","A","2014",1.23325,
"LTU","EDUPUBEXP","TRY","PC_GDP","A","2015",1.080092,
"LTU","EDUPUBEXP","TRY","PC_GDP","A","2016",0.7298689,
"LTU","EDUPUBEXP","TRY","PC_GDP","A","2017",0.6668796,
"LTU","EDUPUBEXP","TRY","PC_GDP","A","2018",0.7128186,
"LTU","EDUPUBEXP","TRY","PC_GDP","A","2019",0.7237617,
"LTU","EDUPUBEXP","TRY","PC_GDP","A","2020",0.86373037,
